method,variant,seed,evidence_scope,split_protocol,task,uar,mf1,score,mean_score,run_id_or_name,checkpoint_or_artifact,config,source_file,source_locator,notes
temporal audio,final frozen method,42,final frozen DEV,DEV,depression,0.7480392157,0.7477975633,0.7479183895,,,,,docs/STAGE7_FINAL_DEV_EVIDENCE_EN.md,New DEV evidence / Existing accepted identities,Frozen final DEV row.
temporal audio,final frozen method,42,final frozen DEV,DEV,parkinson,0.8209799862,0.8344907407,0.8277353635,,,,,docs/STAGE7_FINAL_DEV_EVIDENCE_EN.md,New DEV evidence / Existing accepted identities,Frozen final DEV row.
temporal audio,final frozen method,42,final frozen DEV,DEV,aggregate,,,,0.7878268765,,,,docs/STAGE7_FINAL_DEV_EVIDENCE_EN.md,New DEV evidence / Existing accepted identities,Frozen final DEV row.
temporal audio,final frozen method,43,final frozen DEV,DEV,depression,0.709057,0.708341,0.708699,,,,,docs/STAGE7_FINAL_DEV_EVIDENCE_EN.md,New DEV evidence / Existing accepted identities,Frozen final DEV row.
temporal audio,final frozen method,43,final frozen DEV,DEV,parkinson,0.811042,0.812500,0.811771,,,,,docs/STAGE7_FINAL_DEV_EVIDENCE_EN.md,New DEV evidence / Existing accepted identities,Frozen final DEV row.
temporal audio,final frozen method,43,final frozen DEV,DEV,aggregate,,,,0.760235,,,,docs/STAGE7_FINAL_DEV_EVIDENCE_EN.md,New DEV evidence / Existing accepted identities,Frozen final DEV row.
temporal audio,final frozen method,44,final frozen DEV,DEV,depression,0.735201,0.733592,0.734396,,,,,docs/STAGE7_FINAL_DEV_EVIDENCE_EN.md,New DEV evidence / Existing accepted identities,Frozen final DEV row.
temporal audio,final frozen method,44,final frozen DEV,DEV,parkinson,0.797447,0.821317,0.809382,,,,,docs/STAGE7_FINAL_DEV_EVIDENCE_EN.md,New DEV evidence / Existing accepted identities,Frozen final DEV row.
temporal audio,final frozen method,44,final frozen DEV,DEV,aggregate,,,,0.771889,,,,docs/STAGE7_FINAL_DEV_EVIDENCE_EN.md,New DEV evidence / Existing accepted identities,Frozen final DEV row.
temporal audio,final frozen method,45,final frozen DEV,DEV,depression,0.697572,0.697224,0.697398,,,,,docs/STAGE7_FINAL_DEV_EVIDENCE_EN.md,New DEV evidence / Existing accepted identities,Frozen final DEV row.
temporal audio,final frozen method,45,final frozen DEV,DEV,parkinson,0.799034,0.799034,0.799034,,,,,docs/STAGE7_FINAL_DEV_EVIDENCE_EN.md,New DEV evidence / Existing accepted identities,Frozen final DEV row.
temporal audio,final frozen method,45,final frozen DEV,DEV,aggregate,,,,0.748216,,,,docs/STAGE7_FINAL_DEV_EVIDENCE_EN.md,New DEV evidence / Existing accepted identities,Frozen final DEV row.
temporal audio,final frozen method,46,final frozen DEV,DEV,depression,0.720495,0.719880,0.720187,,,,,docs/STAGE7_FINAL_DEV_EVIDENCE_EN.md,New DEV evidence / Existing accepted identities,Frozen final DEV row.
temporal audio,final frozen method,46,final frozen DEV,DEV,parkinson,0.801035,0.788813,0.794924,,,,,docs/STAGE7_FINAL_DEV_EVIDENCE_EN.md,New DEV evidence / Existing accepted identities,Frozen final DEV row.
temporal audio,final frozen method,46,final frozen DEV,DEV,aggregate,,,,0.757556,,,,docs/STAGE7_FINAL_DEV_EVIDENCE_EN.md,New DEV evidence / Existing accepted identities,Frozen final DEV row.
equal-parameter shared fusion,final frozen method,42,final frozen DEV,DEV,depression,0.765546,0.765102,0.765324,,,,,docs/STAGE7_FINAL_DEV_EVIDENCE_EN.md,New DEV evidence / Existing accepted identities,Frozen final DEV row.
equal-parameter shared fusion,final frozen method,42,final frozen DEV,DEV,parkinson,0.875983,0.891228,0.883606,,,,,docs/STAGE7_FINAL_DEV_EVIDENCE_EN.md,New DEV evidence / Existing accepted identities,Frozen final DEV row.
equal-parameter shared fusion,final frozen method,42,final frozen DEV,DEV,aggregate,,,,0.824465,,,,docs/STAGE7_FINAL_DEV_EVIDENCE_EN.md,New DEV evidence / Existing accepted identities,Frozen final DEV row.
equal-parameter shared fusion,final frozen method,43,final frozen DEV,DEV,depression,0.725070,0.723922,0.724496,,,,,docs/STAGE7_FINAL_DEV_EVIDENCE_EN.md,New DEV evidence / Existing accepted identities,Frozen final DEV row.
equal-parameter shared fusion,final frozen method,43,final frozen DEV,DEV,parkinson,0.809179,0.827126,0.818152,,,,,docs/STAGE7_FINAL_DEV_EVIDENCE_EN.md,New DEV evidence / Existing accepted identities,Frozen final DEV row.
equal-parameter shared fusion,final frozen method,43,final frozen DEV,DEV,aggregate,,,,0.771324,,,,docs/STAGE7_FINAL_DEV_EVIDENCE_EN.md,New DEV evidence / Existing accepted identities,Frozen final DEV row.
equal-parameter shared fusion,final frozen method,44,final frozen DEV,DEV,depression,0.731746,0.731149,0.731448,,,,,docs/STAGE7_FINAL_DEV_EVIDENCE_EN.md,New DEV evidence / Existing accepted identities,Frozen final DEV row.
equal-parameter shared fusion,final frozen method,44,final frozen DEV,DEV,parkinson,0.826087,0.850658,0.838372,,,,,docs/STAGE7_FINAL_DEV_EVIDENCE_EN.md,New DEV evidence / Existing accepted identities,Frozen final DEV row.
equal-parameter shared fusion,final frozen method,44,final frozen DEV,DEV,aggregate,,,,0.784910,,,,docs/STAGE7_FINAL_DEV_EVIDENCE_EN.md,New DEV evidence / Existing accepted identities,Frozen final DEV row.
equal-parameter shared fusion,final frozen method,45,final frozen DEV,DEV,depression,0.739916,0.739549,0.739733,,,,,docs/STAGE7_FINAL_DEV_EVIDENCE_EN.md,New DEV evidence / Existing accepted identities,Frozen final DEV row.
equal-parameter shared fusion,final frozen method,45,final frozen DEV,DEV,parkinson,0.825880,0.843464,0.834672,,,,,docs/STAGE7_FINAL_DEV_EVIDENCE_EN.md,New DEV evidence / Existing accepted identities,Frozen final DEV row.
equal-parameter shared fusion,final frozen method,45,final frozen DEV,DEV,aggregate,,,,0.787202,,,,docs/STAGE7_FINAL_DEV_EVIDENCE_EN.md,New DEV evidence / Existing accepted identities,Frozen final DEV row.
equal-parameter shared fusion,final frozen method,46,final frozen DEV,DEV,depression,0.727451,0.727451,0.727451,,,,,docs/STAGE7_FINAL_DEV_EVIDENCE_EN.md,New DEV evidence / Existing accepted identities,Frozen final DEV row.
equal-parameter shared fusion,final frozen method,46,final frozen DEV,DEV,parkinson,0.833264,0.858518,0.845891,,,,,docs/STAGE7_FINAL_DEV_EVIDENCE_EN.md,New DEV evidence / Existing accepted identities,Frozen final DEV row.
equal-parameter shared fusion,final frozen method,46,final frozen DEV,DEV,aggregate,,,,0.786671,,,,docs/STAGE7_FINAL_DEV_EVIDENCE_EN.md,New DEV evidence / Existing accepted identities,Frozen final DEV row.
full R4 trial012,final frozen method,45,final frozen DEV,DEV,depression,0.725350,0.724803,0.725077,,,,,docs/STAGE7_FINAL_DEV_EVIDENCE_EN.md,New DEV evidence / Existing accepted identities,Frozen final DEV row.
full R4 trial012,final frozen method,45,final frozen DEV,DEV,parkinson,0.849758,0.867178,0.858468,,,,,docs/STAGE7_FINAL_DEV_EVIDENCE_EN.md,New DEV evidence / Existing accepted identities,Frozen final DEV row.
full R4 trial012,final frozen method,45,final frozen DEV,DEV,aggregate,,,,0.791772,,,,docs/STAGE7_FINAL_DEV_EVIDENCE_EN.md,New DEV evidence / Existing accepted identities,Frozen final DEV row.
full R4 trial012,final frozen method,46,final frozen DEV,DEV,depression,0.725537,0.725273,0.725405,,,,,docs/STAGE7_FINAL_DEV_EVIDENCE_EN.md,New DEV evidence / Existing accepted identities,Frozen final DEV row.
full R4 trial012,final frozen method,46,final frozen DEV,DEV,parkinson,0.859420,0.880909,0.870164,,,,,docs/STAGE7_FINAL_DEV_EVIDENCE_EN.md,New DEV evidence / Existing accepted identities,Frozen final DEV row.
full R4 trial012,final frozen method,46,final frozen DEV,DEV,aggregate,,,,0.797785,,,,docs/STAGE7_FINAL_DEV_EVIDENCE_EN.md,New DEV evidence / Existing accepted identities,Frozen final DEV row.
full R4 trial012,final frozen method,42,final frozen DEV,DEV,depression,0.759197,0.758854,0.759025,,,,,docs/STAGE7_FINAL_DEV_EVIDENCE_EN.md + logs/wsm_mm_pd_dep_v1/optuna_r4_ra_stch_base_seed42_2026-09-28_01-54_wsm_av_r3_disease_query_model_r4-ra-stch-optuna-v1-18c6-012_0ce9c7a4/summary.txt,Existing accepted identities; selected summary epoch 11,Task UAR/MF1 transcribed from preserved selected summary; Score/Mean cross-checked to frozen ledger.
full R4 trial012,final frozen method,42,final frozen DEV,DEV,parkinson,0.873499,0.885020,0.879259,,,,,docs/STAGE7_FINAL_DEV_EVIDENCE_EN.md + logs/wsm_mm_pd_dep_v1/optuna_r4_ra_stch_base_seed42_2026-09-28_01-54_wsm_av_r3_disease_query_model_r4-ra-stch-optuna-v1-18c6-012_0ce9c7a4/summary.txt,Existing accepted identities; selected summary epoch 11,Task UAR/MF1 transcribed from preserved selected summary; Score/Mean cross-checked to frozen ledger.
full R4 trial012,final frozen method,42,final frozen DEV,DEV,aggregate,,,,0.819142,,,,docs/STAGE7_FINAL_DEV_EVIDENCE_EN.md + logs/wsm_mm_pd_dep_v1/optuna_r4_ra_stch_base_seed42_2026-09-28_01-54_wsm_av_r3_disease_query_model_r4-ra-stch-optuna-v1-18c6-012_0ce9c7a4/summary.txt,Existing accepted identities; selected summary epoch 11,Task UAR/MF1 transcribed from preserved selected summary; Score/Mean cross-checked to frozen ledger.
full R4 trial012,final frozen method,43,final frozen DEV,DEV,depression,0.718861,0.718193,0.718527,,,,,docs/STAGE7_FINAL_DEV_EVIDENCE_EN.md + logs/wsm_mm_pd_dep_v1/r4_ra_stch_optuna_trial012_confirm_seed43_2026-09-28_12-01_wsm_av_r3_disease_query_model_12038580/summary.txt,Existing accepted identities; selected summary epoch 10,Task UAR/MF1 transcribed from preserved selected summary; Score/Mean cross-checked to frozen ledger.
full R4 trial012,final frozen method,43,final frozen DEV,DEV,parkinson,0.794893,0.813833,0.804363,,,,,docs/STAGE7_FINAL_DEV_EVIDENCE_EN.md + logs/wsm_mm_pd_dep_v1/r4_ra_stch_optuna_trial012_confirm_seed43_2026-09-28_12-01_wsm_av_r3_disease_query_model_12038580/summary.txt,Existing accepted identities; selected summary epoch 10,Task UAR/MF1 transcribed from preserved selected summary; Score/Mean cross-checked to frozen ledger.
full R4 trial012,final frozen method,43,final frozen DEV,DEV,aggregate,,,,0.761445,,,,docs/STAGE7_FINAL_DEV_EVIDENCE_EN.md + logs/wsm_mm_pd_dep_v1/r4_ra_stch_optuna_trial012_confirm_seed43_2026-09-28_12-01_wsm_av_r3_disease_query_model_12038580/summary.txt,Existing accepted identities; selected summary epoch 10,Task UAR/MF1 transcribed from preserved selected summary; Score/Mean cross-checked to frozen ledger.
full R4 trial012,final frozen method,44,final frozen DEV,DEV,depression,0.728525,0.727910,0.728217,,,,,docs/STAGE7_FINAL_DEV_EVIDENCE_EN.md + logs/wsm_mm_pd_dep_v1/r4_ra_stch_optuna_trial012_confirm_seed44_2026-09-28_12-07_wsm_av_r3_disease_query_model_41bc602b/summary.txt,Existing accepted identities; selected summary epoch 11,Task UAR/MF1 transcribed from preserved selected summary; Score/Mean cross-checked to frozen ledger.
full R4 trial012,final frozen method,44,final frozen DEV,DEV,parkinson,0.818979,0.845142,0.832060,,,,,docs/STAGE7_FINAL_DEV_EVIDENCE_EN.md + logs/wsm_mm_pd_dep_v1/r4_ra_stch_optuna_trial012_confirm_seed44_2026-09-28_12-07_wsm_av_r3_disease_query_model_41bc602b/summary.txt,Existing accepted identities; selected summary epoch 11,Task UAR/MF1 transcribed from preserved selected summary; Score/Mean cross-checked to frozen ledger.
full R4 trial012,final frozen method,44,final frozen DEV,DEV,aggregate,,,,0.780139,,,,docs/STAGE7_FINAL_DEV_EVIDENCE_EN.md + logs/wsm_mm_pd_dep_v1/r4_ra_stch_optuna_trial012_confirm_seed44_2026-09-28_12-07_wsm_av_r3_disease_query_model_41bc602b/summary.txt,Existing accepted identities; selected summary epoch 11,Task UAR/MF1 transcribed from preserved selected summary; Score/Mean cross-checked to frozen ledger.
temporal audio,final frozen method,42,final frozen Test,TEST_NONE,depression,0.768681,0.763094,0.765887,,,checkpoint 0873c7cb5e32…; config 955ad447dd94…,,docs/STAGE7_FINAL_TEST_EVIDENCE_EN.md,Per-seed aggregate Test rows / test_none,Exactly one standardized Final Test invocation; reporting only.
temporal audio,final frozen method,42,final frozen Test,TEST_NONE,parkinson,0.865406,0.840764,0.853085,,,checkpoint 0873c7cb5e32…; config 955ad447dd94…,,docs/STAGE7_FINAL_TEST_EVIDENCE_EN.md,Per-seed aggregate Test rows / test_none,Exactly one standardized Final Test invocation; reporting only.
temporal audio,final frozen method,42,final frozen Test,TEST_NONE,aggregate,,,,0.809486,,checkpoint 0873c7cb5e32…; config 955ad447dd94…,,docs/STAGE7_FINAL_TEST_EVIDENCE_EN.md,Per-seed aggregate Test rows / test_none,Exactly one standardized Final Test invocation; reporting only.
temporal audio,final frozen method,43,final frozen Test,TEST_NONE,depression,0.730448,0.733508,0.731978,,,checkpoint 1a65f8dd605a…; config e4df4c8bb9bf…,,docs/STAGE7_FINAL_TEST_EVIDENCE_EN.md,Per-seed aggregate Test rows / test_none,Exactly one standardized Final Test invocation; reporting only.
temporal audio,final frozen method,43,final frozen Test,TEST_NONE,parkinson,0.870589,0.832216,0.851403,,,checkpoint 1a65f8dd605a…; config e4df4c8bb9bf…,,docs/STAGE7_FINAL_TEST_EVIDENCE_EN.md,Per-seed aggregate Test rows / test_none,Exactly one standardized Final Test invocation; reporting only.
temporal audio,final frozen method,43,final frozen Test,TEST_NONE,aggregate,,,,0.791690,,checkpoint 1a65f8dd605a…; config e4df4c8bb9bf…,,docs/STAGE7_FINAL_TEST_EVIDENCE_EN.md,Per-seed aggregate Test rows / test_none,Exactly one standardized Final Test invocation; reporting only.
temporal audio,final frozen method,44,final frozen Test,TEST_NONE,depression,0.777767,0.782953,0.780360,,,checkpoint 7832d20a5431…; config d9c9e596df5f…,,docs/STAGE7_FINAL_TEST_EVIDENCE_EN.md,Per-seed aggregate Test rows / test_none,Exactly one standardized Final Test invocation; reporting only.
temporal audio,final frozen method,44,final frozen Test,TEST_NONE,parkinson,0.840002,0.846956,0.843479,,,checkpoint 7832d20a5431…; config d9c9e596df5f…,,docs/STAGE7_FINAL_TEST_EVIDENCE_EN.md,Per-seed aggregate Test rows / test_none,Exactly one standardized Final Test invocation; reporting only.
temporal audio,final frozen method,44,final frozen Test,TEST_NONE,aggregate,,,,0.811919,,checkpoint 7832d20a5431…; config d9c9e596df5f…,,docs/STAGE7_FINAL_TEST_EVIDENCE_EN.md,Per-seed aggregate Test rows / test_none,Exactly one standardized Final Test invocation; reporting only.
temporal audio,final frozen method,45,final frozen Test,TEST_NONE,depression,0.724572,0.724890,0.724731,,,checkpoint 1881bc526e9d…; config 8bb3c4109ddc…,,docs/STAGE7_FINAL_TEST_EVIDENCE_EN.md,Per-seed aggregate Test rows / test_none,Exactly one standardized Final Test invocation; reporting only.
temporal audio,final frozen method,45,final frozen Test,TEST_NONE,parkinson,0.849410,0.809085,0.829247,,,checkpoint 1881bc526e9d…; config 8bb3c4109ddc…,,docs/STAGE7_FINAL_TEST_EVIDENCE_EN.md,Per-seed aggregate Test rows / test_none,Exactly one standardized Final Test invocation; reporting only.
temporal audio,final frozen method,45,final frozen Test,TEST_NONE,aggregate,,,,0.776989,,checkpoint 1881bc526e9d…; config 8bb3c4109ddc…,,docs/STAGE7_FINAL_TEST_EVIDENCE_EN.md,Per-seed aggregate Test rows / test_none,Exactly one standardized Final Test invocation; reporting only.
temporal audio,final frozen method,46,final frozen Test,TEST_NONE,depression,0.767695,0.755935,0.761815,,,checkpoint 546ca0929e74…; config 71ba2fc42ff6…,,docs/STAGE7_FINAL_TEST_EVIDENCE_EN.md,Per-seed aggregate Test rows / test_none,Exactly one standardized Final Test invocation; reporting only.
temporal audio,final frozen method,46,final frozen Test,TEST_NONE,parkinson,0.889479,0.838395,0.863937,,,checkpoint 546ca0929e74…; config 71ba2fc42ff6…,,docs/STAGE7_FINAL_TEST_EVIDENCE_EN.md,Per-seed aggregate Test rows / test_none,Exactly one standardized Final Test invocation; reporting only.
temporal audio,final frozen method,46,final frozen Test,TEST_NONE,aggregate,,,,0.812876,,checkpoint 546ca0929e74…; config 71ba2fc42ff6…,,docs/STAGE7_FINAL_TEST_EVIDENCE_EN.md,Per-seed aggregate Test rows / test_none,Exactly one standardized Final Test invocation; reporting only.
full R4 trial012,final frozen method,42,final frozen Test,TEST_NONE,depression,0.749184,0.749769,0.749477,,,checkpoint 104b79e40983…; config 04ed5fcb2a1a…,,docs/STAGE7_FINAL_TEST_EVIDENCE_EN.md,Per-seed aggregate Test rows / test_none,Exactly one standardized Final Test invocation; reporting only.
full R4 trial012,final frozen method,42,final frozen Test,TEST_NONE,parkinson,0.848712,0.858579,0.853646,,,checkpoint 104b79e40983…; config 04ed5fcb2a1a…,,docs/STAGE7_FINAL_TEST_EVIDENCE_EN.md,Per-seed aggregate Test rows / test_none,Exactly one standardized Final Test invocation; reporting only.
full R4 trial012,final frozen method,42,final frozen Test,TEST_NONE,aggregate,,,,0.801561,,checkpoint 104b79e40983…; config 04ed5fcb2a1a…,,docs/STAGE7_FINAL_TEST_EVIDENCE_EN.md,Per-seed aggregate Test rows / test_none,Exactly one standardized Final Test invocation; reporting only.
full R4 trial012,final frozen method,43,final frozen Test,TEST_NONE,depression,0.813524,0.815573,0.814549,,,checkpoint 6af4a4ed2104…; config 9409f6e581eb…,,docs/STAGE7_FINAL_TEST_EVIDENCE_EN.md,Per-seed aggregate Test rows / test_none,Exactly one standardized Final Test invocation; reporting only.
full R4 trial012,final frozen method,43,final frozen Test,TEST_NONE,parkinson,0.819828,0.839975,0.829902,,,checkpoint 6af4a4ed2104…; config 9409f6e581eb…,,docs/STAGE7_FINAL_TEST_EVIDENCE_EN.md,Per-seed aggregate Test rows / test_none,Exactly one standardized Final Test invocation; reporting only.
full R4 trial012,final frozen method,43,final frozen Test,TEST_NONE,aggregate,,,,0.822225,,checkpoint 6af4a4ed2104…; config 9409f6e581eb…,,docs/STAGE7_FINAL_TEST_EVIDENCE_EN.md,Per-seed aggregate Test rows / test_none,Exactly one standardized Final Test invocation; reporting only.
full R4 trial012,final frozen method,44,final frozen Test,TEST_NONE,depression,0.837944,0.838105,0.838025,,,checkpoint b06fec6912b2…; config 5f13b1c72b0d…,,docs/STAGE7_FINAL_TEST_EVIDENCE_EN.md,Per-seed aggregate Test rows / test_none,Exactly one standardized Final Test invocation; reporting only.
full R4 trial012,final frozen method,44,final frozen Test,TEST_NONE,parkinson,0.799886,0.815453,0.807670,,,checkpoint b06fec6912b2…; config 5f13b1c72b0d…,,docs/STAGE7_FINAL_TEST_EVIDENCE_EN.md,Per-seed aggregate Test rows / test_none,Exactly one standardized Final Test invocation; reporting only.
full R4 trial012,final frozen method,44,final frozen Test,TEST_NONE,aggregate,,,,0.822847,,checkpoint b06fec6912b2…; config 5f13b1c72b0d…,,docs/STAGE7_FINAL_TEST_EVIDENCE_EN.md,Per-seed aggregate Test rows / test_none,Exactly one standardized Final Test invocation; reporting only.
full R4 trial012,final frozen method,45,final frozen Test,TEST_NONE,depression,0.767634,0.767120,0.767377,,,checkpoint cd30baf76392…; config 99cc0c9c2994…,,docs/STAGE7_FINAL_TEST_EVIDENCE_EN.md,Per-seed aggregate Test rows / test_none,Exactly one standardized Final Test invocation; reporting only.
full R4 trial012,final frozen method,45,final frozen Test,TEST_NONE,parkinson,0.793884,0.793144,0.793514,,,checkpoint cd30baf76392…; config 99cc0c9c2994…,,docs/STAGE7_FINAL_TEST_EVIDENCE_EN.md,Per-seed aggregate Test rows / test_none,Exactly one standardized Final Test invocation; reporting only.
full R4 trial012,final frozen method,45,final frozen Test,TEST_NONE,aggregate,,,,0.780446,,checkpoint cd30baf76392…; config 99cc0c9c2994…,,docs/STAGE7_FINAL_TEST_EVIDENCE_EN.md,Per-seed aggregate Test rows / test_none,Exactly one standardized Final Test invocation; reporting only.
full R4 trial012,final frozen method,46,final frozen Test,TEST_NONE,depression,0.783609,0.787306,0.785458,,,checkpoint 18ee9c9e298f…; config c37eb7c0819b…,,docs/STAGE7_FINAL_TEST_EVIDENCE_EN.md,Per-seed aggregate Test rows / test_none,Exactly one standardized Final Test invocation; reporting only.
full R4 trial012,final frozen method,46,final frozen Test,TEST_NONE,parkinson,0.786087,0.804730,0.795408,,,checkpoint 18ee9c9e298f…; config c37eb7c0819b…,,docs/STAGE7_FINAL_TEST_EVIDENCE_EN.md,Per-seed aggregate Test rows / test_none,Exactly one standardized Final Test invocation; reporting only.
full R4 trial012,final frozen method,46,final frozen Test,TEST_NONE,aggregate,,,,0.790433,,checkpoint 18ee9c9e298f…; config c37eb7c0819b…,,docs/STAGE7_FINAL_TEST_EVIDENCE_EN.md,Per-seed aggregate Test rows / test_none,Exactly one standardized Final Test invocation; reporting only.
equal-parameter shared fusion,final frozen method,42,final frozen Test,TEST_NONE,depression,0.757123,0.756877,0.757000,,,checkpoint 21504702976a…; config 4c8d2d18b4ee…,,docs/STAGE7_FINAL_TEST_EVIDENCE_EN.md,Per-seed aggregate Test rows / test_none,Exactly one standardized Final Test invocation; reporting only.
equal-parameter shared fusion,final frozen method,42,final frozen Test,TEST_NONE,parkinson,0.838672,0.851825,0.845248,,,checkpoint 21504702976a…; config 4c8d2d18b4ee…,,docs/STAGE7_FINAL_TEST_EVIDENCE_EN.md,Per-seed aggregate Test rows / test_none,Exactly one standardized Final Test invocation; reporting only.
equal-parameter shared fusion,final frozen method,42,final frozen Test,TEST_NONE,aggregate,,,,0.801124,,checkpoint 21504702976a…; config 4c8d2d18b4ee…,,docs/STAGE7_FINAL_TEST_EVIDENCE_EN.md,Per-seed aggregate Test rows / test_none,Exactly one standardized Final Test invocation; reporting only.
equal-parameter shared fusion,final frozen method,43,final frozen Test,TEST_NONE,depression,0.809871,0.810312,0.810092,,,checkpoint ec746e519e55…; config 62e6631c4538…,,docs/STAGE7_FINAL_TEST_EVIDENCE_EN.md,Per-seed aggregate Test rows / test_none,Exactly one standardized Final Test invocation; reporting only.
equal-parameter shared fusion,final frozen method,43,final frozen Test,TEST_NONE,parkinson,0.817306,0.839029,0.828168,,,checkpoint ec746e519e55…; config 62e6631c4538…,,docs/STAGE7_FINAL_TEST_EVIDENCE_EN.md,Per-seed aggregate Test rows / test_none,Exactly one standardized Final Test invocation; reporting only.
equal-parameter shared fusion,final frozen method,43,final frozen Test,TEST_NONE,aggregate,,,,0.819130,,checkpoint ec746e519e55…; config 62e6631c4538…,,docs/STAGE7_FINAL_TEST_EVIDENCE_EN.md,Per-seed aggregate Test rows / test_none,Exactly one standardized Final Test invocation; reporting only.
equal-parameter shared fusion,final frozen method,44,final frozen Test,TEST_NONE,depression,0.833403,0.833244,0.833324,,,checkpoint 215e3a61c5dc…; config 5a9cef2d7900…,,docs/STAGE7_FINAL_TEST_EVIDENCE_EN.md,Per-seed aggregate Test rows / test_none,Exactly one standardized Final Test invocation; reporting only.
equal-parameter shared fusion,final frozen method,44,final frozen Test,TEST_NONE,parkinson,0.781322,0.784889,0.783106,,,checkpoint 215e3a61c5dc…; config 5a9cef2d7900…,,docs/STAGE7_FINAL_TEST_EVIDENCE_EN.md,Per-seed aggregate Test rows / test_none,Exactly one standardized Final Test invocation; reporting only.
equal-parameter shared fusion,final frozen method,44,final frozen Test,TEST_NONE,aggregate,,,,0.808215,,checkpoint 215e3a61c5dc…; config 5a9cef2d7900…,,docs/STAGE7_FINAL_TEST_EVIDENCE_EN.md,Per-seed aggregate Test rows / test_none,Exactly one standardized Final Test invocation; reporting only.
equal-parameter shared fusion,final frozen method,45,final frozen Test,TEST_NONE,depression,0.786689,0.785999,0.786344,,,checkpoint ccd80ca0be94…; config 30236d8f06ea…,,docs/STAGE7_FINAL_TEST_EVIDENCE_EN.md,Per-seed aggregate Test rows / test_none,Exactly one standardized Final Test invocation; reporting only.
equal-parameter shared fusion,final frozen method,45,final frozen Test,TEST_NONE,parkinson,0.800073,0.803115,0.801594,,,checkpoint ccd80ca0be94…; config 30236d8f06ea…,,docs/STAGE7_FINAL_TEST_EVIDENCE_EN.md,Per-seed aggregate Test rows / test_none,Exactly one standardized Final Test invocation; reporting only.
equal-parameter shared fusion,final frozen method,45,final frozen Test,TEST_NONE,aggregate,,,,0.793969,,checkpoint ccd80ca0be94…; config 30236d8f06ea…,,docs/STAGE7_FINAL_TEST_EVIDENCE_EN.md,Per-seed aggregate Test rows / test_none,Exactly one standardized Final Test invocation; reporting only.
equal-parameter shared fusion,final frozen method,46,final frozen Test,TEST_NONE,depression,0.805555,0.813255,0.809405,,,checkpoint b99c15372326…; config 00310e540f89…,,docs/STAGE7_FINAL_TEST_EVIDENCE_EN.md,Per-seed aggregate Test rows / test_none,Exactly one standardized Final Test invocation; reporting only.
equal-parameter shared fusion,final frozen method,46,final frozen Test,TEST_NONE,parkinson,0.796081,0.815430,0.805755,,,checkpoint b99c15372326…; config 00310e540f89…,,docs/STAGE7_FINAL_TEST_EVIDENCE_EN.md,Per-seed aggregate Test rows / test_none,Exactly one standardized Final Test invocation; reporting only.
equal-parameter shared fusion,final frozen method,46,final frozen Test,TEST_NONE,aggregate,,,,0.807580,,checkpoint b99c15372326…; config 00310e540f89…,,docs/STAGE7_FINAL_TEST_EVIDENCE_EN.md,Per-seed aggregate Test rows / test_none,Exactly one standardized Final Test invocation; reporting only.
temporal audio,final frozen method,42,final frozen Test,TEST_SOFT,depression,0.781461,0.775970,0.778716,,,checkpoint 0873c7cb5e32…; config 955ad447dd94…,,docs/STAGE7_FINAL_TEST_EVIDENCE_EN.md,Per-seed aggregate Test rows / test_soft,Exactly one standardized Final Test invocation; reporting only.
temporal audio,final frozen method,42,final frozen Test,TEST_SOFT,parkinson,0.863621,0.839571,0.851596,,,checkpoint 0873c7cb5e32…; config 955ad447dd94…,,docs/STAGE7_FINAL_TEST_EVIDENCE_EN.md,Per-seed aggregate Test rows / test_soft,Exactly one standardized Final Test invocation; reporting only.
temporal audio,final frozen method,42,final frozen Test,TEST_SOFT,aggregate,,,,0.815156,,checkpoint 0873c7cb5e32…; config 955ad447dd94…,,docs/STAGE7_FINAL_TEST_EVIDENCE_EN.md,Per-seed aggregate Test rows / test_soft,Exactly one standardized Final Test invocation; reporting only.
temporal audio,final frozen method,43,final frozen Test,TEST_SOFT,depression,0.752115,0.754909,0.753512,,,checkpoint 1a65f8dd605a…; config e4df4c8bb9bf…,,docs/STAGE7_FINAL_TEST_EVIDENCE_EN.md,Per-seed aggregate Test rows / test_soft,Exactly one standardized Final Test invocation; reporting only.
temporal audio,final frozen method,43,final frozen Test,TEST_SOFT,parkinson,0.872253,0.831131,0.851692,,,checkpoint 1a65f8dd605a…; config e4df4c8bb9bf…,,docs/STAGE7_FINAL_TEST_EVIDENCE_EN.md,Per-seed aggregate Test rows / test_soft,Exactly one standardized Final Test invocation; reporting only.
temporal audio,final frozen method,43,final frozen Test,TEST_SOFT,aggregate,,,,0.802602,,checkpoint 1a65f8dd605a…; config e4df4c8bb9bf…,,docs/STAGE7_FINAL_TEST_EVIDENCE_EN.md,Per-seed aggregate Test rows / test_soft,Exactly one standardized Final Test invocation; reporting only.
temporal audio,final frozen method,44,final frozen Test,TEST_SOFT,depression,0.794414,0.798231,0.796322,,,checkpoint 7832d20a5431…; config d9c9e596df5f…,,docs/STAGE7_FINAL_TEST_EVIDENCE_EN.md,Per-seed aggregate Test rows / test_soft,Exactly one standardized Final Test invocation; reporting only.
temporal audio,final frozen method,44,final frozen Test,TEST_SOFT,parkinson,0.841036,0.847734,0.844385,,,checkpoint 7832d20a5431…; config d9c9e596df5f…,,docs/STAGE7_FINAL_TEST_EVIDENCE_EN.md,Per-seed aggregate Test rows / test_soft,Exactly one standardized Final Test invocation; reporting only.
temporal audio,final frozen method,44,final frozen Test,TEST_SOFT,aggregate,,,,0.820354,,checkpoint 7832d20a5431…; config d9c9e596df5f…,,docs/STAGE7_FINAL_TEST_EVIDENCE_EN.md,Per-seed aggregate Test rows / test_soft,Exactly one standardized Final Test invocation; reporting only.
temporal audio,final frozen method,45,final frozen Test,TEST_SOFT,depression,0.749585,0.750457,0.750021,,,checkpoint 1881bc526e9d…; config 8bb3c4109ddc…,,docs/STAGE7_FINAL_TEST_EVIDENCE_EN.md,Per-seed aggregate Test rows / test_soft,Exactly one standardized Final Test invocation; reporting only.
temporal audio,final frozen method,45,final frozen Test,TEST_SOFT,parkinson,0.857408,0.815141,0.836274,,,checkpoint 1881bc526e9d…; config 8bb3c4109ddc…,,docs/STAGE7_FINAL_TEST_EVIDENCE_EN.md,Per-seed aggregate Test rows / test_soft,Exactly one standardized Final Test invocation; reporting only.
temporal audio,final frozen method,45,final frozen Test,TEST_SOFT,aggregate,,,,0.793148,,checkpoint 1881bc526e9d…; config 8bb3c4109ddc…,,docs/STAGE7_FINAL_TEST_EVIDENCE_EN.md,Per-seed aggregate Test rows / test_soft,Exactly one standardized Final Test invocation; reporting only.
temporal audio,final frozen method,46,final frozen Test,TEST_SOFT,depression,0.803643,0.798463,0.801053,,,checkpoint 546ca0929e74…; config 71ba2fc42ff6…,,docs/STAGE7_FINAL_TEST_EVIDENCE_EN.md,Per-seed aggregate Test rows / test_soft,Exactly one standardized Final Test invocation; reporting only.
temporal audio,final frozen method,46,final frozen Test,TEST_SOFT,parkinson,0.892854,0.841371,0.867112,,,checkpoint 546ca0929e74…; config 71ba2fc42ff6…,,docs/STAGE7_FINAL_TEST_EVIDENCE_EN.md,Per-seed aggregate Test rows / test_soft,Exactly one standardized Final Test invocation; reporting only.
temporal audio,final frozen method,46,final frozen Test,TEST_SOFT,aggregate,,,,0.834083,,checkpoint 546ca0929e74…; config 71ba2fc42ff6…,,docs/STAGE7_FINAL_TEST_EVIDENCE_EN.md,Per-seed aggregate Test rows / test_soft,Exactly one standardized Final Test invocation; reporting only.
full R4 trial012,final frozen method,42,final frozen Test,TEST_SOFT,depression,0.759360,0.757326,0.758343,,,checkpoint 104b79e40983…; config 04ed5fcb2a1a…,,docs/STAGE7_FINAL_TEST_EVIDENCE_EN.md,Per-seed aggregate Test rows / test_soft,Exactly one standardized Final Test invocation; reporting only.
full R4 trial012,final frozen method,42,final frozen Test,TEST_SOFT,parkinson,0.858541,0.870757,0.864649,,,checkpoint 104b79e40983…; config 04ed5fcb2a1a…,,docs/STAGE7_FINAL_TEST_EVIDENCE_EN.md,Per-seed aggregate Test rows / test_soft,Exactly one standardized Final Test invocation; reporting only.
full R4 trial012,final frozen method,42,final frozen Test,TEST_SOFT,aggregate,,,,0.811496,,checkpoint 104b79e40983…; config 04ed5fcb2a1a…,,docs/STAGE7_FINAL_TEST_EVIDENCE_EN.md,Per-seed aggregate Test rows / test_soft,Exactly one standardized Final Test invocation; reporting only.
full R4 trial012,final frozen method,43,final frozen Test,TEST_SOFT,depression,0.825096,0.824832,0.824964,,,checkpoint 6af4a4ed2104…; config 9409f6e581eb…,,docs/STAGE7_FINAL_TEST_EVIDENCE_EN.md,Per-seed aggregate Test rows / test_soft,Exactly one standardized Final Test invocation; reporting only.
full R4 trial012,final frozen method,43,final frozen Test,TEST_SOFT,parkinson,0.818778,0.843862,0.831320,,,checkpoint 6af4a4ed2104…; config 9409f6e581eb…,,docs/STAGE7_FINAL_TEST_EVIDENCE_EN.md,Per-seed aggregate Test rows / test_soft,Exactly one standardized Final Test invocation; reporting only.
full R4 trial012,final frozen method,43,final frozen Test,TEST_SOFT,aggregate,,,,0.828142,,checkpoint 6af4a4ed2104…; config 9409f6e581eb…,,docs/STAGE7_FINAL_TEST_EVIDENCE_EN.md,Per-seed aggregate Test rows / test_soft,Exactly one standardized Final Test invocation; reporting only.
full R4 trial012,final frozen method,44,final frozen Test,TEST_SOFT,depression,0.857478,0.854491,0.855984,,,checkpoint b06fec6912b2…; config 5f13b1c72b0d…,,docs/STAGE7_FINAL_TEST_EVIDENCE_EN.md,Per-seed aggregate Test rows / test_soft,Exactly one standardized Final Test invocation; reporting only.
full R4 trial012,final frozen method,44,final frozen Test,TEST_SOFT,parkinson,0.802712,0.819144,0.810928,,,checkpoint b06fec6912b2…; config 5f13b1c72b0d…,,docs/STAGE7_FINAL_TEST_EVIDENCE_EN.md,Per-seed aggregate Test rows / test_soft,Exactly one standardized Final Test invocation; reporting only.
full R4 trial012,final frozen method,44,final frozen Test,TEST_SOFT,aggregate,,,,0.833456,,checkpoint b06fec6912b2…; config 5f13b1c72b0d…,,docs/STAGE7_FINAL_TEST_EVIDENCE_EN.md,Per-seed aggregate Test rows / test_soft,Exactly one standardized Final Test invocation; reporting only.
full R4 trial012,final frozen method,45,final frozen Test,TEST_SOFT,depression,0.774540,0.771895,0.773217,,,checkpoint cd30baf76392…; config 99cc0c9c2994…,,docs/STAGE7_FINAL_TEST_EVIDENCE_EN.md,Per-seed aggregate Test rows / test_soft,Exactly one standardized Final Test invocation; reporting only.
full R4 trial012,final frozen method,45,final frozen Test,TEST_SOFT,parkinson,0.789632,0.790435,0.790033,,,checkpoint cd30baf76392…; config 99cc0c9c2994…,,docs/STAGE7_FINAL_TEST_EVIDENCE_EN.md,Per-seed aggregate Test rows / test_soft,Exactly one standardized Final Test invocation; reporting only.
full R4 trial012,final frozen method,45,final frozen Test,TEST_SOFT,aggregate,,,,0.781625,,checkpoint cd30baf76392…; config 99cc0c9c2994…,,docs/STAGE7_FINAL_TEST_EVIDENCE_EN.md,Per-seed aggregate Test rows / test_soft,Exactly one standardized Final Test invocation; reporting only.
full R4 trial012,final frozen method,46,final frozen Test,TEST_SOFT,depression,0.798442,0.799500,0.798971,,,checkpoint 18ee9c9e298f…; config c37eb7c0819b…,,docs/STAGE7_FINAL_TEST_EVIDENCE_EN.md,Per-seed aggregate Test rows / test_soft,Exactly one standardized Final Test invocation; reporting only.
full R4 trial012,final frozen method,46,final frozen Test,TEST_SOFT,parkinson,0.794406,0.815624,0.805015,,,checkpoint 18ee9c9e298f…; config c37eb7c0819b…,,docs/STAGE7_FINAL_TEST_EVIDENCE_EN.md,Per-seed aggregate Test rows / test_soft,Exactly one standardized Final Test invocation; reporting only.
full R4 trial012,final frozen method,46,final frozen Test,TEST_SOFT,aggregate,,,,0.801993,,checkpoint 18ee9c9e298f…; config c37eb7c0819b…,,docs/STAGE7_FINAL_TEST_EVIDENCE_EN.md,Per-seed aggregate Test rows / test_soft,Exactly one standardized Final Test invocation; reporting only.
equal-parameter shared fusion,final frozen method,42,final frozen Test,TEST_SOFT,depression,0.767962,0.764983,0.766473,,,checkpoint 21504702976a…; config 4c8d2d18b4ee…,,docs/STAGE7_FINAL_TEST_EVIDENCE_EN.md,Per-seed aggregate Test rows / test_soft,Exactly one standardized Final Test invocation; reporting only.
equal-parameter shared fusion,final frozen method,42,final frozen Test,TEST_SOFT,parkinson,0.847576,0.863487,0.855531,,,checkpoint 21504702976a…; config 4c8d2d18b4ee…,,docs/STAGE7_FINAL_TEST_EVIDENCE_EN.md,Per-seed aggregate Test rows / test_soft,Exactly one standardized Final Test invocation; reporting only.
equal-parameter shared fusion,final frozen method,42,final frozen Test,TEST_SOFT,aggregate,,,,0.811002,,checkpoint 21504702976a…; config 4c8d2d18b4ee…,,docs/STAGE7_FINAL_TEST_EVIDENCE_EN.md,Per-seed aggregate Test rows / test_soft,Exactly one standardized Final Test invocation; reporting only.
equal-parameter shared fusion,final frozen method,43,final frozen Test,TEST_SOFT,depression,0.820138,0.818400,0.819269,,,checkpoint ec746e519e55…; config 62e6631c4538…,,docs/STAGE7_FINAL_TEST_EVIDENCE_EN.md,Per-seed aggregate Test rows / test_soft,Exactly one standardized Final Test invocation; reporting only.
equal-parameter shared fusion,final frozen method,43,final frozen Test,TEST_SOFT,parkinson,0.820108,0.846296,0.833202,,,checkpoint ec746e519e55…; config 62e6631c4538…,,docs/STAGE7_FINAL_TEST_EVIDENCE_EN.md,Per-seed aggregate Test rows / test_soft,Exactly one standardized Final Test invocation; reporting only.
equal-parameter shared fusion,final frozen method,43,final frozen Test,TEST_SOFT,aggregate,,,,0.826236,,checkpoint ec746e519e55…; config 62e6631c4538…,,docs/STAGE7_FINAL_TEST_EVIDENCE_EN.md,Per-seed aggregate Test rows / test_soft,Exactly one standardized Final Test invocation; reporting only.
equal-parameter shared fusion,final frozen method,44,final frozen Test,TEST_SOFT,depression,0.853370,0.850259,0.851814,,,checkpoint 215e3a61c5dc…; config 5a9cef2d7900…,,docs/STAGE7_FINAL_TEST_EVIDENCE_EN.md,Per-seed aggregate Test rows / test_soft,Exactly one standardized Final Test invocation; reporting only.
equal-parameter shared fusion,final frozen method,44,final frozen Test,TEST_SOFT,parkinson,0.782765,0.785913,0.784339,,,checkpoint 215e3a61c5dc…; config 5a9cef2d7900…,,docs/STAGE7_FINAL_TEST_EVIDENCE_EN.md,Per-seed aggregate Test rows / test_soft,Exactly one standardized Final Test invocation; reporting only.
equal-parameter shared fusion,final frozen method,44,final frozen Test,TEST_SOFT,aggregate,,,,0.818077,,checkpoint 215e3a61c5dc…; config 5a9cef2d7900…,,docs/STAGE7_FINAL_TEST_EVIDENCE_EN.md,Per-seed aggregate Test rows / test_soft,Exactly one standardized Final Test invocation; reporting only.
equal-parameter shared fusion,final frozen method,45,final frozen Test,TEST_SOFT,depression,0.795062,0.791983,0.793522,,,checkpoint ccd80ca0be94…; config 30236d8f06ea…,,docs/STAGE7_FINAL_TEST_EVIDENCE_EN.md,Per-seed aggregate Test rows / test_soft,Exactly one standardized Final Test invocation; reporting only.
equal-parameter shared fusion,final frozen method,45,final frozen Test,TEST_SOFT,parkinson,0.798941,0.805642,0.802291,,,checkpoint ccd80ca0be94…; config 30236d8f06ea…,,docs/STAGE7_FINAL_TEST_EVIDENCE_EN.md,Per-seed aggregate Test rows / test_soft,Exactly one standardized Final Test invocation; reporting only.
equal-parameter shared fusion,final frozen method,45,final frozen Test,TEST_SOFT,aggregate,,,,0.797907,,checkpoint ccd80ca0be94…; config 30236d8f06ea…,,docs/STAGE7_FINAL_TEST_EVIDENCE_EN.md,Per-seed aggregate Test rows / test_soft,Exactly one standardized Final Test invocation; reporting only.
equal-parameter shared fusion,final frozen method,46,final frozen Test,TEST_SOFT,depression,0.830540,0.834875,0.832708,,,checkpoint b99c15372326…; config 00310e540f89…,,docs/STAGE7_FINAL_TEST_EVIDENCE_EN.md,Per-seed aggregate Test rows / test_soft,Exactly one standardized Final Test invocation; reporting only.
equal-parameter shared fusion,final frozen method,46,final frozen Test,TEST_SOFT,parkinson,0.802494,0.826186,0.814340,,,checkpoint b99c15372326…; config 00310e540f89…,,docs/STAGE7_FINAL_TEST_EVIDENCE_EN.md,Per-seed aggregate Test rows / test_soft,Exactly one standardized Final Test invocation; reporting only.
equal-parameter shared fusion,final frozen method,46,final frozen Test,TEST_SOFT,aggregate,,,,0.823524,,checkpoint b99c15372326…; config 00310e540f89…,,docs/STAGE7_FINAL_TEST_EVIDENCE_EN.md,Per-seed aggregate Test rows / test_soft,Exactly one standardized Final Test invocation; reporting only.
temporal audio,final frozen method,42,final frozen Test,TEST_HARD,depression,0.794493,0.786820,0.790656,,,checkpoint 0873c7cb5e32…; config 955ad447dd94…,,docs/STAGE7_FINAL_TEST_EVIDENCE_EN.md,Per-seed aggregate Test rows / test_hard,Exactly one standardized Final Test invocation; reporting only.
temporal audio,final frozen method,42,final frozen Test,TEST_HARD,parkinson,0.883176,0.848053,0.865615,,,checkpoint 0873c7cb5e32…; config 955ad447dd94…,,docs/STAGE7_FINAL_TEST_EVIDENCE_EN.md,Per-seed aggregate Test rows / test_hard,Exactly one standardized Final Test invocation; reporting only.
temporal audio,final frozen method,42,final frozen Test,TEST_HARD,aggregate,,,,0.828135,,checkpoint 0873c7cb5e32…; config 955ad447dd94…,,docs/STAGE7_FINAL_TEST_EVIDENCE_EN.md,Per-seed aggregate Test rows / test_hard,Exactly one standardized Final Test invocation; reporting only.
temporal audio,final frozen method,43,final frozen Test,TEST_HARD,depression,0.772319,0.774505,0.773412,,,checkpoint 1a65f8dd605a…; config e4df4c8bb9bf…,,docs/STAGE7_FINAL_TEST_EVIDENCE_EN.md,Per-seed aggregate Test rows / test_hard,Exactly one standardized Final Test invocation; reporting only.
temporal audio,final frozen method,43,final frozen Test,TEST_HARD,parkinson,0.888623,0.837311,0.862967,,,checkpoint 1a65f8dd605a…; config e4df4c8bb9bf…,,docs/STAGE7_FINAL_TEST_EVIDENCE_EN.md,Per-seed aggregate Test rows / test_hard,Exactly one standardized Final Test invocation; reporting only.
temporal audio,final frozen method,43,final frozen Test,TEST_HARD,aggregate,,,,0.818189,,checkpoint 1a65f8dd605a…; config e4df4c8bb9bf…,,docs/STAGE7_FINAL_TEST_EVIDENCE_EN.md,Per-seed aggregate Test rows / test_hard,Exactly one standardized Final Test invocation; reporting only.
temporal audio,final frozen method,44,final frozen Test,TEST_HARD,depression,0.806129,0.809945,0.808037,,,checkpoint 7832d20a5431…; config d9c9e596df5f…,,docs/STAGE7_FINAL_TEST_EVIDENCE_EN.md,Per-seed aggregate Test rows / test_hard,Exactly one standardized Final Test invocation; reporting only.
temporal audio,final frozen method,44,final frozen Test,TEST_HARD,parkinson,0.855499,0.855499,0.855499,,,checkpoint 7832d20a5431…; config d9c9e596df5f…,,docs/STAGE7_FINAL_TEST_EVIDENCE_EN.md,Per-seed aggregate Test rows / test_hard,Exactly one standardized Final Test invocation; reporting only.
temporal audio,final frozen method,44,final frozen Test,TEST_HARD,aggregate,,,,0.831768,,checkpoint 7832d20a5431…; config d9c9e596df5f…,,docs/STAGE7_FINAL_TEST_EVIDENCE_EN.md,Per-seed aggregate Test rows / test_hard,Exactly one standardized Final Test invocation; reporting only.
temporal audio,final frozen method,45,final frozen Test,TEST_HARD,depression,0.768700,0.767829,0.768265,,,checkpoint 1881bc526e9d…; config 8bb3c4109ddc…,,docs/STAGE7_FINAL_TEST_EVIDENCE_EN.md,Per-seed aggregate Test rows / test_hard,Exactly one standardized Final Test invocation; reporting only.
temporal audio,final frozen method,45,final frozen Test,TEST_HARD,parkinson,0.869070,0.816850,0.842960,,,checkpoint 1881bc526e9d…; config 8bb3c4109ddc…,,docs/STAGE7_FINAL_TEST_EVIDENCE_EN.md,Per-seed aggregate Test rows / test_hard,Exactly one standardized Final Test invocation; reporting only.
temporal audio,final frozen method,45,final frozen Test,TEST_HARD,aggregate,,,,0.805612,,checkpoint 1881bc526e9d…; config 8bb3c4109ddc…,,docs/STAGE7_FINAL_TEST_EVIDENCE_EN.md,Per-seed aggregate Test rows / test_hard,Exactly one standardized Final Test invocation; reporting only.
temporal audio,final frozen method,46,final frozen Test,TEST_HARD,depression,0.804714,0.797439,0.801077,,,checkpoint 546ca0929e74…; config 71ba2fc42ff6…,,docs/STAGE7_FINAL_TEST_EVIDENCE_EN.md,Per-seed aggregate Test rows / test_hard,Exactly one standardized Final Test invocation; reporting only.
temporal audio,final frozen method,46,final frozen Test,TEST_HARD,parkinson,0.899365,0.849013,0.874189,,,checkpoint 546ca0929e74…; config 71ba2fc42ff6…,,docs/STAGE7_FINAL_TEST_EVIDENCE_EN.md,Per-seed aggregate Test rows / test_hard,Exactly one standardized Final Test invocation; reporting only.
temporal audio,final frozen method,46,final frozen Test,TEST_HARD,aggregate,,,,0.837633,,checkpoint 546ca0929e74…; config 71ba2fc42ff6…,,docs/STAGE7_FINAL_TEST_EVIDENCE_EN.md,Per-seed aggregate Test rows / test_hard,Exactly one standardized Final Test invocation; reporting only.
full R4 trial012,final frozen method,42,final frozen Test,TEST_HARD,depression,0.762184,0.758727,0.760456,,,checkpoint 104b79e40983…; config 04ed5fcb2a1a…,,docs/STAGE7_FINAL_TEST_EVIDENCE_EN.md,Per-seed aggregate Test rows / test_hard,Exactly one standardized Final Test invocation; reporting only.
full R4 trial012,final frozen method,42,final frozen Test,TEST_HARD,parkinson,0.855251,0.862857,0.859054,,,checkpoint 104b79e40983…; config 04ed5fcb2a1a…,,docs/STAGE7_FINAL_TEST_EVIDENCE_EN.md,Per-seed aggregate Test rows / test_hard,Exactly one standardized Final Test invocation; reporting only.
full R4 trial012,final frozen method,42,final frozen Test,TEST_HARD,aggregate,,,,0.809755,,checkpoint 104b79e40983…; config 04ed5fcb2a1a…,,docs/STAGE7_FINAL_TEST_EVIDENCE_EN.md,Per-seed aggregate Test rows / test_hard,Exactly one standardized Final Test invocation; reporting only.
full R4 trial012,final frozen method,43,final frozen Test,TEST_HARD,depression,0.828496,0.827441,0.827968,,,checkpoint 6af4a4ed2104…; config 9409f6e581eb…,,docs/STAGE7_FINAL_TEST_EVIDENCE_EN.md,Per-seed aggregate Test rows / test_hard,Exactly one standardized Final Test invocation; reporting only.
full R4 trial012,final frozen method,43,final frozen Test,TEST_HARD,parkinson,0.848121,0.863222,0.855671,,,checkpoint 6af4a4ed2104…; config 9409f6e581eb…,,docs/STAGE7_FINAL_TEST_EVIDENCE_EN.md,Per-seed aggregate Test rows / test_hard,Exactly one standardized Final Test invocation; reporting only.
full R4 trial012,final frozen method,43,final frozen Test,TEST_HARD,aggregate,,,,0.841820,,checkpoint 6af4a4ed2104…; config 9409f6e581eb…,,docs/STAGE7_FINAL_TEST_EVIDENCE_EN.md,Per-seed aggregate Test rows / test_hard,Exactly one standardized Final Test invocation; reporting only.
full R4 trial012,final frozen method,44,final frozen Test,TEST_HARD,depression,0.869716,0.864687,0.867202,,,checkpoint b06fec6912b2…; config 5f13b1c72b0d…,,docs/STAGE7_FINAL_TEST_EVIDENCE_EN.md,Per-seed aggregate Test rows / test_hard,Exactly one standardized Final Test invocation; reporting only.
full R4 trial012,final frozen method,44,final frozen Test,TEST_HARD,parkinson,0.833767,0.836804,0.835285,,,checkpoint b06fec6912b2…; config 5f13b1c72b0d…,,docs/STAGE7_FINAL_TEST_EVIDENCE_EN.md,Per-seed aggregate Test rows / test_hard,Exactly one standardized Final Test invocation; reporting only.
full R4 trial012,final frozen method,44,final frozen Test,TEST_HARD,aggregate,,,,0.851243,,checkpoint b06fec6912b2…; config 5f13b1c72b0d…,,docs/STAGE7_FINAL_TEST_EVIDENCE_EN.md,Per-seed aggregate Test rows / test_hard,Exactly one standardized Final Test invocation; reporting only.
full R4 trial012,final frozen method,45,final frozen Test,TEST_HARD,depression,0.777391,0.774104,0.775747,,,checkpoint cd30baf76392…; config 99cc0c9c2994…,,docs/STAGE7_FINAL_TEST_EVIDENCE_EN.md,Per-seed aggregate Test rows / test_hard,Exactly one standardized Final Test invocation; reporting only.
full R4 trial012,final frozen method,45,final frozen Test,TEST_HARD,parkinson,0.809760,0.797743,0.803752,,,checkpoint cd30baf76392…; config 99cc0c9c2994…,,docs/STAGE7_FINAL_TEST_EVIDENCE_EN.md,Per-seed aggregate Test rows / test_hard,Exactly one standardized Final Test invocation; reporting only.
full R4 trial012,final frozen method,45,final frozen Test,TEST_HARD,aggregate,,,,0.789749,,checkpoint cd30baf76392…; config 99cc0c9c2994…,,docs/STAGE7_FINAL_TEST_EVIDENCE_EN.md,Per-seed aggregate Test rows / test_hard,Exactly one standardized Final Test invocation; reporting only.
full R4 trial012,final frozen method,46,final frozen Test,TEST_HARD,depression,0.798304,0.799390,0.798847,,,checkpoint 18ee9c9e298f…; config c37eb7c0819b…,,docs/STAGE7_FINAL_TEST_EVIDENCE_EN.md,Per-seed aggregate Test rows / test_hard,Exactly one standardized Final Test invocation; reporting only.
full R4 trial012,final frozen method,46,final frozen Test,TEST_HARD,parkinson,0.829657,0.837717,0.833687,,,checkpoint 18ee9c9e298f…; config c37eb7c0819b…,,docs/STAGE7_FINAL_TEST_EVIDENCE_EN.md,Per-seed aggregate Test rows / test_hard,Exactly one standardized Final Test invocation; reporting only.
full R4 trial012,final frozen method,46,final frozen Test,TEST_HARD,aggregate,,,,0.816267,,checkpoint 18ee9c9e298f…; config c37eb7c0819b…,,docs/STAGE7_FINAL_TEST_EVIDENCE_EN.md,Per-seed aggregate Test rows / test_hard,Exactly one standardized Final Test invocation; reporting only.
equal-parameter shared fusion,final frozen method,42,final frozen Test,TEST_HARD,depression,0.771905,0.767158,0.769531,,,checkpoint 21504702976a…; config 4c8d2d18b4ee…,,docs/STAGE7_FINAL_TEST_EVIDENCE_EN.md,Per-seed aggregate Test rows / test_hard,Exactly one standardized Final Test invocation; reporting only.
equal-parameter shared fusion,final frozen method,42,final frozen Test,TEST_HARD,parkinson,0.857181,0.865940,0.861561,,,checkpoint 21504702976a…; config 4c8d2d18b4ee…,,docs/STAGE7_FINAL_TEST_EVIDENCE_EN.md,Per-seed aggregate Test rows / test_hard,Exactly one standardized Final Test invocation; reporting only.
equal-parameter shared fusion,final frozen method,42,final frozen Test,TEST_HARD,aggregate,,,,0.815546,,checkpoint 21504702976a…; config 4c8d2d18b4ee…,,docs/STAGE7_FINAL_TEST_EVIDENCE_EN.md,Per-seed aggregate Test rows / test_hard,Exactly one standardized Final Test invocation; reporting only.
equal-parameter shared fusion,final frozen method,43,final frozen Test,TEST_HARD,depression,0.824848,0.822011,0.823430,,,checkpoint ec746e519e55…; config 62e6631c4538…,,docs/STAGE7_FINAL_TEST_EVIDENCE_EN.md,Per-seed aggregate Test rows / test_hard,Exactly one standardized Final Test invocation; reporting only.
equal-parameter shared fusion,final frozen method,43,final frozen Test,TEST_HARD,parkinson,0.848121,0.863222,0.855671,,,checkpoint ec746e519e55…; config 62e6631c4538…,,docs/STAGE7_FINAL_TEST_EVIDENCE_EN.md,Per-seed aggregate Test rows / test_hard,Exactly one standardized Final Test invocation; reporting only.
equal-parameter shared fusion,final frozen method,43,final frozen Test,TEST_HARD,aggregate,,,,0.839551,,checkpoint ec746e519e55…; config 62e6631c4538…,,docs/STAGE7_FINAL_TEST_EVIDENCE_EN.md,Per-seed aggregate Test rows / test_hard,Exactly one standardized Final Test invocation; reporting only.
equal-parameter shared fusion,final frozen method,44,final frozen Test,TEST_HARD,depression,0.866569,0.861576,0.864073,,,checkpoint 215e3a61c5dc…; config 5a9cef2d7900…,,docs/STAGE7_FINAL_TEST_EVIDENCE_EN.md,Per-seed aggregate Test rows / test_hard,Exactly one standardized Final Test invocation; reporting only.
equal-parameter shared fusion,final frozen method,44,final frozen Test,TEST_HARD,parkinson,0.803720,0.795529,0.799624,,,checkpoint 215e3a61c5dc…; config 5a9cef2d7900…,,docs/STAGE7_FINAL_TEST_EVIDENCE_EN.md,Per-seed aggregate Test rows / test_hard,Exactly one standardized Final Test invocation; reporting only.
equal-parameter shared fusion,final frozen method,44,final frozen Test,TEST_HARD,aggregate,,,,0.831848,,checkpoint 215e3a61c5dc…; config 5a9cef2d7900…,,docs/STAGE7_FINAL_TEST_EVIDENCE_EN.md,Per-seed aggregate Test rows / test_hard,Exactly one standardized Final Test invocation; reporting only.
equal-parameter shared fusion,final frozen method,45,final frozen Test,TEST_HARD,depression,0.798641,0.794614,0.796627,,,checkpoint ccd80ca0be94…; config 30236d8f06ea…,,docs/STAGE7_FINAL_TEST_EVIDENCE_EN.md,Per-seed aggregate Test rows / test_hard,Exactly one standardized Final Test invocation; reporting only.
equal-parameter shared fusion,final frozen method,45,final frozen Test,TEST_HARD,parkinson,0.825204,0.820324,0.822764,,,checkpoint ccd80ca0be94…; config 30236d8f06ea…,,docs/STAGE7_FINAL_TEST_EVIDENCE_EN.md,Per-seed aggregate Test rows / test_hard,Exactly one standardized Final Test invocation; reporting only.
equal-parameter shared fusion,final frozen method,45,final frozen Test,TEST_HARD,aggregate,,,,0.809696,,checkpoint ccd80ca0be94…; config 30236d8f06ea…,,docs/STAGE7_FINAL_TEST_EVIDENCE_EN.md,Per-seed aggregate Test rows / test_hard,Exactly one standardized Final Test invocation; reporting only.
equal-parameter shared fusion,final frozen method,46,final frozen Test,TEST_HARD,depression,0.823424,0.828416,0.825920,,,checkpoint b99c15372326…; config 00310e540f89…,,docs/STAGE7_FINAL_TEST_EVIDENCE_EN.md,Per-seed aggregate Test rows / test_hard,Exactly one standardized Final Test invocation; reporting only.
equal-parameter shared fusion,final frozen method,46,final frozen Test,TEST_HARD,parkinson,0.840399,0.850852,0.845626,,,checkpoint b99c15372326…; config 00310e540f89…,,docs/STAGE7_FINAL_TEST_EVIDENCE_EN.md,Per-seed aggregate Test rows / test_hard,Exactly one standardized Final Test invocation; reporting only.
equal-parameter shared fusion,final frozen method,46,final frozen Test,TEST_HARD,aggregate,,,,0.835773,,checkpoint b99c15372326…; config 00310e540f89…,,docs/STAGE7_FINAL_TEST_EVIDENCE_EN.md,Per-seed aggregate Test rows / test_hard,Exactly one standardized Final Test invocation; reporting only.
no direct pseudo-supervision,Stage-6 accepted control/ablation,42,DEV-only ablation,DEV,depression,0.750000,0.750029,0.750015,,stage6_no_direct_pseudo_trial012_seed42_2026-09-28_16-35_wsm_av_r3_disease_query_model_b49ae08f,selected checkpoint recorded in summary/log,,logs/wsm_mm_pd_dep_v1/stage6_no_direct_pseudo_trial012_seed42_2026-09-28_16-35_wsm_av_r3_disease_query_model_b49ae08f/summary.txt,selected epoch 7 (maximum recorded dev/mean_score),Historical selected DEV row; not Final-Test evidence.
no direct pseudo-supervision,Stage-6 accepted control/ablation,42,DEV-only ablation,DEV,parkinson,0.842512,0.857060,0.849786,,stage6_no_direct_pseudo_trial012_seed42_2026-09-28_16-35_wsm_av_r3_disease_query_model_b49ae08f,selected checkpoint recorded in summary/log,,logs/wsm_mm_pd_dep_v1/stage6_no_direct_pseudo_trial012_seed42_2026-09-28_16-35_wsm_av_r3_disease_query_model_b49ae08f/summary.txt,selected epoch 7 (maximum recorded dev/mean_score),Historical selected DEV row; not Final-Test evidence.
no direct pseudo-supervision,Stage-6 accepted control/ablation,42,DEV-only ablation,DEV,aggregate,,,,0.799900,stage6_no_direct_pseudo_trial012_seed42_2026-09-28_16-35_wsm_av_r3_disease_query_model_b49ae08f,selected checkpoint recorded in summary/log,,logs/wsm_mm_pd_dep_v1/stage6_no_direct_pseudo_trial012_seed42_2026-09-28_16-35_wsm_av_r3_disease_query_model_b49ae08f/summary.txt,selected epoch 7 (maximum recorded dev/mean_score),Historical selected DEV row; not Final-Test evidence.
no direct pseudo-supervision,Stage-6 accepted control/ablation,43,DEV-only ablation,DEV,depression,0.683847,0.683690,0.683769,,stage6_no_direct_pseudo_trial012_seed43_2026-09-28_16-40_wsm_av_r3_disease_query_model_24db25e9,selected checkpoint recorded in summary/log,,logs/wsm_mm_pd_dep_v1/stage6_no_direct_pseudo_trial012_seed43_2026-09-28_16-40_wsm_av_r3_disease_query_model_24db25e9/summary.txt,selected epoch 19 (maximum recorded dev/mean_score),Historical selected DEV row; not Final-Test evidence.
no direct pseudo-supervision,Stage-6 accepted control/ablation,43,DEV-only ablation,DEV,parkinson,0.761491,0.779916,0.770704,,stage6_no_direct_pseudo_trial012_seed43_2026-09-28_16-40_wsm_av_r3_disease_query_model_24db25e9,selected checkpoint recorded in summary/log,,logs/wsm_mm_pd_dep_v1/stage6_no_direct_pseudo_trial012_seed43_2026-09-28_16-40_wsm_av_r3_disease_query_model_24db25e9/summary.txt,selected epoch 19 (maximum recorded dev/mean_score),Historical selected DEV row; not Final-Test evidence.
no direct pseudo-supervision,Stage-6 accepted control/ablation,43,DEV-only ablation,DEV,aggregate,,,,0.727236,stage6_no_direct_pseudo_trial012_seed43_2026-09-28_16-40_wsm_av_r3_disease_query_model_24db25e9,selected checkpoint recorded in summary/log,,logs/wsm_mm_pd_dep_v1/stage6_no_direct_pseudo_trial012_seed43_2026-09-28_16-40_wsm_av_r3_disease_query_model_24db25e9/summary.txt,selected epoch 19 (maximum recorded dev/mean_score),Historical selected DEV row; not Final-Test evidence.
no direct pseudo-supervision,Stage-6 accepted control/ablation,44,DEV-only ablation,DEV,depression,0.706536,0.706522,0.706529,,stage6_no_direct_pseudo_trial012_seed44_2026-09-28_16-50_wsm_av_r3_disease_query_model_c1e5e229,selected checkpoint recorded in summary/log,,logs/wsm_mm_pd_dep_v1/stage6_no_direct_pseudo_trial012_seed44_2026-09-28_16-50_wsm_av_r3_disease_query_model_c1e5e229/summary.txt,selected epoch 12 (maximum recorded dev/mean_score),Historical selected DEV row; not Final-Test evidence.
no direct pseudo-supervision,Stage-6 accepted control/ablation,44,DEV-only ablation,DEV,parkinson,0.849758,0.867178,0.858468,,stage6_no_direct_pseudo_trial012_seed44_2026-09-28_16-50_wsm_av_r3_disease_query_model_c1e5e229,selected checkpoint recorded in summary/log,,logs/wsm_mm_pd_dep_v1/stage6_no_direct_pseudo_trial012_seed44_2026-09-28_16-50_wsm_av_r3_disease_query_model_c1e5e229/summary.txt,selected epoch 12 (maximum recorded dev/mean_score),Historical selected DEV row; not Final-Test evidence.
no direct pseudo-supervision,Stage-6 accepted control/ablation,44,DEV-only ablation,DEV,aggregate,,,,0.782498,stage6_no_direct_pseudo_trial012_seed44_2026-09-28_16-50_wsm_av_r3_disease_query_model_c1e5e229,selected checkpoint recorded in summary/log,,logs/wsm_mm_pd_dep_v1/stage6_no_direct_pseudo_trial012_seed44_2026-09-28_16-50_wsm_av_r3_disease_query_model_c1e5e229/summary.txt,selected epoch 12 (maximum recorded dev/mean_score),Historical selected DEV row; not Final-Test evidence.
uniform accepted reliability,Stage-6 accepted control/ablation,42,DEV-only ablation,DEV,depression,0.755929,0.755502,0.755716,,stage6_uniform_reliability_trial012_seed42_2026-09-28_18-51_wsm_av_r3_disease_query_model_f22af5fc,selected checkpoint recorded in summary/log,,logs/wsm_mm_pd_dep_v1/stage6_uniform_reliability_trial012_seed42_2026-09-28_18-51_wsm_av_r3_disease_query_model_f22af5fc/summary.txt,selected epoch 11 (maximum recorded dev/mean_score),Historical selected DEV row; not Final-Test evidence.
uniform accepted reliability,Stage-6 accepted control/ablation,42,DEV-only ablation,DEV,parkinson,0.866322,0.877602,0.871962,,stage6_uniform_reliability_trial012_seed42_2026-09-28_18-51_wsm_av_r3_disease_query_model_f22af5fc,selected checkpoint recorded in summary/log,,logs/wsm_mm_pd_dep_v1/stage6_uniform_reliability_trial012_seed42_2026-09-28_18-51_wsm_av_r3_disease_query_model_f22af5fc/summary.txt,selected epoch 11 (maximum recorded dev/mean_score),Historical selected DEV row; not Final-Test evidence.
uniform accepted reliability,Stage-6 accepted control/ablation,42,DEV-only ablation,DEV,aggregate,,,,0.813839,stage6_uniform_reliability_trial012_seed42_2026-09-28_18-51_wsm_av_r3_disease_query_model_f22af5fc,selected checkpoint recorded in summary/log,,logs/wsm_mm_pd_dep_v1/stage6_uniform_reliability_trial012_seed42_2026-09-28_18-51_wsm_av_r3_disease_query_model_f22af5fc/summary.txt,selected epoch 11 (maximum recorded dev/mean_score),Historical selected DEV row; not Final-Test evidence.
uniform accepted reliability,Stage-6 accepted control/ablation,43,DEV-only ablation,DEV,depression,0.720448,0.719743,0.720095,,stage6_uniform_reliability_trial012_seed43_2026-09-28_18-58_wsm_av_r3_disease_query_model_726afe80,selected checkpoint recorded in summary/log,,logs/wsm_mm_pd_dep_v1/stage6_uniform_reliability_trial012_seed43_2026-09-28_18-58_wsm_av_r3_disease_query_model_726afe80/summary.txt,selected epoch 10 (maximum recorded dev/mean_score),Historical selected DEV row; not Final-Test evidence.
uniform accepted reliability,Stage-6 accepted control/ablation,43,DEV-only ablation,DEV,parkinson,0.790131,0.809336,0.799734,,stage6_uniform_reliability_trial012_seed43_2026-09-28_18-58_wsm_av_r3_disease_query_model_726afe80,selected checkpoint recorded in summary/log,,logs/wsm_mm_pd_dep_v1/stage6_uniform_reliability_trial012_seed43_2026-09-28_18-58_wsm_av_r3_disease_query_model_726afe80/summary.txt,selected epoch 10 (maximum recorded dev/mean_score),Historical selected DEV row; not Final-Test evidence.
uniform accepted reliability,Stage-6 accepted control/ablation,43,DEV-only ablation,DEV,aggregate,,,,0.759915,stage6_uniform_reliability_trial012_seed43_2026-09-28_18-58_wsm_av_r3_disease_query_model_726afe80,selected checkpoint recorded in summary/log,,logs/wsm_mm_pd_dep_v1/stage6_uniform_reliability_trial012_seed43_2026-09-28_18-58_wsm_av_r3_disease_query_model_726afe80/summary.txt,selected epoch 10 (maximum recorded dev/mean_score),Historical selected DEV row; not Final-Test evidence.
uniform accepted reliability,Stage-6 accepted control/ablation,44,DEV-only ablation,DEV,depression,0.730205,0.729722,0.729964,,stage6_uniform_reliability_trial012_seed44_2026-09-28_19-05_wsm_av_r3_disease_query_model_416b070d,selected checkpoint recorded in summary/log,,logs/wsm_mm_pd_dep_v1/stage6_uniform_reliability_trial012_seed44_2026-09-28_19-05_wsm_av_r3_disease_query_model_416b070d/summary.txt,selected epoch 11 (maximum recorded dev/mean_score),Historical selected DEV row; not Final-Test evidence.
uniform accepted reliability,Stage-6 accepted control/ablation,44,DEV-only ablation,DEV,parkinson,0.818979,0.845142,0.832060,,stage6_uniform_reliability_trial012_seed44_2026-09-28_19-05_wsm_av_r3_disease_query_model_416b070d,selected checkpoint recorded in summary/log,,logs/wsm_mm_pd_dep_v1/stage6_uniform_reliability_trial012_seed44_2026-09-28_19-05_wsm_av_r3_disease_query_model_416b070d/summary.txt,selected epoch 11 (maximum recorded dev/mean_score),Historical selected DEV row; not Final-Test evidence.
uniform accepted reliability,Stage-6 accepted control/ablation,44,DEV-only ablation,DEV,aggregate,,,,0.781012,stage6_uniform_reliability_trial012_seed44_2026-09-28_19-05_wsm_av_r3_disease_query_model_416b070d,selected checkpoint recorded in summary/log,,logs/wsm_mm_pd_dep_v1/stage6_uniform_reliability_trial012_seed44_2026-09-28_19-05_wsm_av_r3_disease_query_model_416b070d/summary.txt,selected epoch 11 (maximum recorded dev/mean_score),Historical selected DEV row; not Final-Test evidence.
no video online branch,Stage-6 accepted control/ablation,42,DEV-only ablation,DEV,depression,0.742997,0.742422,0.742710,,stage6_no_video_trial012_seed42_2026-09-28_20-44_wsm_av_r3_disease_query_model_b26772b5,selected checkpoint recorded in summary/log,,logs/wsm_mm_pd_dep_v1/stage6_no_video_trial012_seed42_2026-09-28_20-44_wsm_av_r3_disease_query_model_b26772b5/summary.txt,selected epoch 30 (maximum recorded dev/mean_score),Historical selected DEV row; not Final-Test evidence.
no video online branch,Stage-6 accepted control/ablation,42,DEV-only ablation,DEV,parkinson,0.778330,0.800766,0.789548,,stage6_no_video_trial012_seed42_2026-09-28_20-44_wsm_av_r3_disease_query_model_b26772b5,selected checkpoint recorded in summary/log,,logs/wsm_mm_pd_dep_v1/stage6_no_video_trial012_seed42_2026-09-28_20-44_wsm_av_r3_disease_query_model_b26772b5/summary.txt,selected epoch 30 (maximum recorded dev/mean_score),Historical selected DEV row; not Final-Test evidence.
no video online branch,Stage-6 accepted control/ablation,42,DEV-only ablation,DEV,aggregate,,,,0.766129,stage6_no_video_trial012_seed42_2026-09-28_20-44_wsm_av_r3_disease_query_model_b26772b5,selected checkpoint recorded in summary/log,,logs/wsm_mm_pd_dep_v1/stage6_no_video_trial012_seed42_2026-09-28_20-44_wsm_av_r3_disease_query_model_b26772b5/summary.txt,selected epoch 30 (maximum recorded dev/mean_score),Historical selected DEV row; not Final-Test evidence.
no video online branch,Stage-6 accepted control/ablation,43,DEV-only ablation,DEV,depression,0.745238,0.745280,0.745259,,stage6_no_video_trial012_seed43_2026-09-28_20-55_wsm_av_r3_disease_query_model_c36f4ab6,selected checkpoint recorded in summary/log,,logs/wsm_mm_pd_dep_v1/stage6_no_video_trial012_seed43_2026-09-28_20-55_wsm_av_r3_disease_query_model_c36f4ab6/summary.txt,selected epoch 14 (maximum recorded dev/mean_score),Historical selected DEV row; not Final-Test evidence.
no video online branch,Stage-6 accepted control/ablation,43,DEV-only ablation,DEV,parkinson,0.773568,0.796060,0.784814,,stage6_no_video_trial012_seed43_2026-09-28_20-55_wsm_av_r3_disease_query_model_c36f4ab6,selected checkpoint recorded in summary/log,,logs/wsm_mm_pd_dep_v1/stage6_no_video_trial012_seed43_2026-09-28_20-55_wsm_av_r3_disease_query_model_c36f4ab6/summary.txt,selected epoch 14 (maximum recorded dev/mean_score),Historical selected DEV row; not Final-Test evidence.
no video online branch,Stage-6 accepted control/ablation,43,DEV-only ablation,DEV,aggregate,,,,0.765037,stage6_no_video_trial012_seed43_2026-09-28_20-55_wsm_av_r3_disease_query_model_c36f4ab6,selected checkpoint recorded in summary/log,,logs/wsm_mm_pd_dep_v1/stage6_no_video_trial012_seed43_2026-09-28_20-55_wsm_av_r3_disease_query_model_c36f4ab6/summary.txt,selected epoch 14 (maximum recorded dev/mean_score),Historical selected DEV row; not Final-Test evidence.
no video online branch,Stage-6 accepted control/ablation,44,DEV-only ablation,DEV,depression,0.761018,0.760915,0.760966,,stage6_no_video_trial012_seed44_2026-09-28_21-03_wsm_av_r3_disease_query_model_cc4c3b54,selected checkpoint recorded in summary/log,,logs/wsm_mm_pd_dep_v1/stage6_no_video_trial012_seed44_2026-09-28_21-03_wsm_av_r3_disease_query_model_cc4c3b54/summary.txt,selected epoch 12 (maximum recorded dev/mean_score),Historical selected DEV row; not Final-Test evidence.
no video online branch,Stage-6 accepted control/ablation,44,DEV-only ablation,DEV,parkinson,0.764044,0.786530,0.775287,,stage6_no_video_trial012_seed44_2026-09-28_21-03_wsm_av_r3_disease_query_model_cc4c3b54,selected checkpoint recorded in summary/log,,logs/wsm_mm_pd_dep_v1/stage6_no_video_trial012_seed44_2026-09-28_21-03_wsm_av_r3_disease_query_model_cc4c3b54/summary.txt,selected epoch 12 (maximum recorded dev/mean_score),Historical selected DEV row; not Final-Test evidence.
no video online branch,Stage-6 accepted control/ablation,44,DEV-only ablation,DEV,aggregate,,,,0.768127,stage6_no_video_trial012_seed44_2026-09-28_21-03_wsm_av_r3_disease_query_model_cc4c3b54,selected checkpoint recorded in summary/log,,logs/wsm_mm_pd_dep_v1/stage6_no_video_trial012_seed44_2026-09-28_21-03_wsm_av_r3_disease_query_model_cc4c3b54/summary.txt,selected epoch 12 (maximum recorded dev/mean_score),Historical selected DEV row; not Final-Test evidence.
no audio online branch,Stage-6 accepted control/ablation,42,DEV-only ablation,DEV,depression,0.663072,0.663023,0.663048,,stage6_no_audio_trial012_seed42_2026-09-28_21-37_wsm_av_r3_disease_query_model_3ed3db4c,selected checkpoint recorded in summary/log,,logs/wsm_mm_pd_dep_v1/stage6_no_audio_trial012_seed42_2026-09-28_21-37_wsm_av_r3_disease_query_model_3ed3db4c/summary.txt,selected epoch 15 (maximum recorded dev/mean_score),Historical selected DEV row; not Final-Test evidence.
no audio online branch,Stage-6 accepted control/ablation,42,DEV-only ablation,DEV,parkinson,0.777847,0.787413,0.782630,,stage6_no_audio_trial012_seed42_2026-09-28_21-37_wsm_av_r3_disease_query_model_3ed3db4c,selected checkpoint recorded in summary/log,,logs/wsm_mm_pd_dep_v1/stage6_no_audio_trial012_seed42_2026-09-28_21-37_wsm_av_r3_disease_query_model_3ed3db4c/summary.txt,selected epoch 15 (maximum recorded dev/mean_score),Historical selected DEV row; not Final-Test evidence.
no audio online branch,Stage-6 accepted control/ablation,42,DEV-only ablation,DEV,aggregate,,,,0.722839,stage6_no_audio_trial012_seed42_2026-09-28_21-37_wsm_av_r3_disease_query_model_3ed3db4c,selected checkpoint recorded in summary/log,,logs/wsm_mm_pd_dep_v1/stage6_no_audio_trial012_seed42_2026-09-28_21-37_wsm_av_r3_disease_query_model_3ed3db4c/summary.txt,selected epoch 15 (maximum recorded dev/mean_score),Historical selected DEV row; not Final-Test evidence.
no audio online branch,Stage-6 accepted control/ablation,43,DEV-only ablation,DEV,depression,0.621709,0.621578,0.621643,,stage6_no_audio_trial012_seed43_2026-09-28_21-44_wsm_av_r3_disease_query_model_16bb529f,selected checkpoint recorded in summary/log,,logs/wsm_mm_pd_dep_v1/stage6_no_audio_trial012_seed43_2026-09-28_21-44_wsm_av_r3_disease_query_model_16bb529f/summary.txt,selected epoch 17 (maximum recorded dev/mean_score),Historical selected DEV row; not Final-Test evidence.
no audio online branch,Stage-6 accepted control/ablation,43,DEV-only ablation,DEV,parkinson,0.792133,0.800256,0.796194,,stage6_no_audio_trial012_seed43_2026-09-28_21-44_wsm_av_r3_disease_query_model_16bb529f,selected checkpoint recorded in summary/log,,logs/wsm_mm_pd_dep_v1/stage6_no_audio_trial012_seed43_2026-09-28_21-44_wsm_av_r3_disease_query_model_16bb529f/summary.txt,selected epoch 17 (maximum recorded dev/mean_score),Historical selected DEV row; not Final-Test evidence.
no audio online branch,Stage-6 accepted control/ablation,43,DEV-only ablation,DEV,aggregate,,,,0.708919,stage6_no_audio_trial012_seed43_2026-09-28_21-44_wsm_av_r3_disease_query_model_16bb529f,selected checkpoint recorded in summary/log,,logs/wsm_mm_pd_dep_v1/stage6_no_audio_trial012_seed43_2026-09-28_21-44_wsm_av_r3_disease_query_model_16bb529f/summary.txt,selected epoch 17 (maximum recorded dev/mean_score),Historical selected DEV row; not Final-Test evidence.
no audio online branch,Stage-6 accepted control/ablation,44,DEV-only ablation,DEV,depression,0.675630,0.675237,0.675434,,stage6_no_audio_trial012_seed44_2026-09-28_21-53_wsm_av_r3_disease_query_model_fce7eb00,selected checkpoint recorded in summary/log,,logs/wsm_mm_pd_dep_v1/stage6_no_audio_trial012_seed44_2026-09-28_21-53_wsm_av_r3_disease_query_model_fce7eb00/summary.txt,selected epoch 15 (maximum recorded dev/mean_score),Historical selected DEV row; not Final-Test evidence.
no audio online branch,Stage-6 accepted control/ablation,44,DEV-only ablation,DEV,parkinson,0.792202,0.802331,0.797266,,stage6_no_audio_trial012_seed44_2026-09-28_21-53_wsm_av_r3_disease_query_model_fce7eb00,selected checkpoint recorded in summary/log,,logs/wsm_mm_pd_dep_v1/stage6_no_audio_trial012_seed44_2026-09-28_21-53_wsm_av_r3_disease_query_model_fce7eb00/summary.txt,selected epoch 15 (maximum recorded dev/mean_score),Historical selected DEV row; not Final-Test evidence.
no audio online branch,Stage-6 accepted control/ablation,44,DEV-only ablation,DEV,aggregate,,,,0.736350,stage6_no_audio_trial012_seed44_2026-09-28_21-53_wsm_av_r3_disease_query_model_fce7eb00,selected checkpoint recorded in summary/log,,logs/wsm_mm_pd_dep_v1/stage6_no_audio_trial012_seed44_2026-09-28_21-53_wsm_av_r3_disease_query_model_fce7eb00/summary.txt,selected epoch 15 (maximum recorded dev/mean_score),Historical selected DEV row; not Final-Test evidence.
shared fusion control,Stage-6 accepted control/ablation,42,DEV-only ablation,DEV,depression,0.765546,0.765102,0.765324,,stage6_shared_fusion_trial012_seed42_2026-09-28_22-44_wsm_av_r3_disease_query_model_5db549e8,selected checkpoint recorded in summary/log,,logs/wsm_mm_pd_dep_v1/stage6_shared_fusion_trial012_seed42_2026-09-28_22-44_wsm_av_r3_disease_query_model_5db549e8/summary.txt,selected epoch 11 (maximum recorded dev/mean_score),Historical selected DEV row; not Final-Test evidence.
shared fusion control,Stage-6 accepted control/ablation,42,DEV-only ablation,DEV,parkinson,0.875983,0.891228,0.883606,,stage6_shared_fusion_trial012_seed42_2026-09-28_22-44_wsm_av_r3_disease_query_model_5db549e8,selected checkpoint recorded in summary/log,,logs/wsm_mm_pd_dep_v1/stage6_shared_fusion_trial012_seed42_2026-09-28_22-44_wsm_av_r3_disease_query_model_5db549e8/summary.txt,selected epoch 11 (maximum recorded dev/mean_score),Historical selected DEV row; not Final-Test evidence.
shared fusion control,Stage-6 accepted control/ablation,42,DEV-only ablation,DEV,aggregate,,,,0.824465,stage6_shared_fusion_trial012_seed42_2026-09-28_22-44_wsm_av_r3_disease_query_model_5db549e8,selected checkpoint recorded in summary/log,,logs/wsm_mm_pd_dep_v1/stage6_shared_fusion_trial012_seed42_2026-09-28_22-44_wsm_av_r3_disease_query_model_5db549e8/summary.txt,selected epoch 11 (maximum recorded dev/mean_score),Historical selected DEV row; not Final-Test evidence.
shared fusion control,Stage-6 accepted control/ablation,43,DEV-only ablation,DEV,depression,0.725070,0.723922,0.724496,,stage6_shared_fusion_trial012_seed43_2026-09-28_22-51_wsm_av_r3_disease_query_model_454bf80b,selected checkpoint recorded in summary/log,,logs/wsm_mm_pd_dep_v1/stage6_shared_fusion_trial012_seed43_2026-09-28_22-51_wsm_av_r3_disease_query_model_454bf80b/summary.txt,selected epoch 10 (maximum recorded dev/mean_score),Historical selected DEV row; not Final-Test evidence.
shared fusion control,Stage-6 accepted control/ablation,43,DEV-only ablation,DEV,parkinson,0.809179,0.827126,0.818152,,stage6_shared_fusion_trial012_seed43_2026-09-28_22-51_wsm_av_r3_disease_query_model_454bf80b,selected checkpoint recorded in summary/log,,logs/wsm_mm_pd_dep_v1/stage6_shared_fusion_trial012_seed43_2026-09-28_22-51_wsm_av_r3_disease_query_model_454bf80b/summary.txt,selected epoch 10 (maximum recorded dev/mean_score),Historical selected DEV row; not Final-Test evidence.
shared fusion control,Stage-6 accepted control/ablation,43,DEV-only ablation,DEV,aggregate,,,,0.771324,stage6_shared_fusion_trial012_seed43_2026-09-28_22-51_wsm_av_r3_disease_query_model_454bf80b,selected checkpoint recorded in summary/log,,logs/wsm_mm_pd_dep_v1/stage6_shared_fusion_trial012_seed43_2026-09-28_22-51_wsm_av_r3_disease_query_model_454bf80b/summary.txt,selected epoch 10 (maximum recorded dev/mean_score),Historical selected DEV row; not Final-Test evidence.
shared fusion control,Stage-6 accepted control/ablation,44,DEV-only ablation,DEV,depression,0.731746,0.731149,0.731448,,stage6_shared_fusion_trial012_seed44_2026-09-28_22-57_wsm_av_r3_disease_query_model_a398d7d8,selected checkpoint recorded in summary/log,,logs/wsm_mm_pd_dep_v1/stage6_shared_fusion_trial012_seed44_2026-09-28_22-57_wsm_av_r3_disease_query_model_a398d7d8/summary.txt,selected epoch 11 (maximum recorded dev/mean_score),Historical selected DEV row; not Final-Test evidence.
shared fusion control,Stage-6 accepted control/ablation,44,DEV-only ablation,DEV,parkinson,0.826087,0.850658,0.838372,,stage6_shared_fusion_trial012_seed44_2026-09-28_22-57_wsm_av_r3_disease_query_model_a398d7d8,selected checkpoint recorded in summary/log,,logs/wsm_mm_pd_dep_v1/stage6_shared_fusion_trial012_seed44_2026-09-28_22-57_wsm_av_r3_disease_query_model_a398d7d8/summary.txt,selected epoch 11 (maximum recorded dev/mean_score),Historical selected DEV row; not Final-Test evidence.
shared fusion control,Stage-6 accepted control/ablation,44,DEV-only ablation,DEV,aggregate,,,,0.784910,stage6_shared_fusion_trial012_seed44_2026-09-28_22-57_wsm_av_r3_disease_query_model_a398d7d8,selected checkpoint recorded in summary/log,,logs/wsm_mm_pd_dep_v1/stage6_shared_fusion_trial012_seed44_2026-09-28_22-57_wsm_av_r3_disease_query_model_a398d7d8/summary.txt,selected epoch 11 (maximum recorded dev/mean_score),Historical selected DEV row; not Final-Test evidence.
no semantic depression acceptance,Stage-6 accepted control/ablation,42,DEV-only ablation,DEV,depression,0.733427,0.732959,0.733193,,stage6_no_semantic_depression_trial012_seed42_2026-09-28_19-50_wsm_av_r3_disease_query_model_536fda97,selected checkpoint recorded in summary/log,,logs/wsm_mm_pd_dep_v1/stage6_no_semantic_depression_trial012_seed42_2026-09-28_19-50_wsm_av_r3_disease_query_model_536fda97/summary.txt,selected epoch 15 (maximum recorded dev/mean_score),Historical selected DEV row; not Final-Test evidence.
no semantic depression acceptance,Stage-6 accepted control/ablation,42,DEV-only ablation,DEV,parkinson,0.890131,0.897518,0.893824,,stage6_no_semantic_depression_trial012_seed42_2026-09-28_19-50_wsm_av_r3_disease_query_model_536fda97,selected checkpoint recorded in summary/log,,logs/wsm_mm_pd_dep_v1/stage6_no_semantic_depression_trial012_seed42_2026-09-28_19-50_wsm_av_r3_disease_query_model_536fda97/summary.txt,selected epoch 15 (maximum recorded dev/mean_score),Historical selected DEV row; not Final-Test evidence.
no semantic depression acceptance,Stage-6 accepted control/ablation,42,DEV-only ablation,DEV,aggregate,,,,0.813509,stage6_no_semantic_depression_trial012_seed42_2026-09-28_19-50_wsm_av_r3_disease_query_model_536fda97,selected checkpoint recorded in summary/log,,logs/wsm_mm_pd_dep_v1/stage6_no_semantic_depression_trial012_seed42_2026-09-28_19-50_wsm_av_r3_disease_query_model_536fda97/summary.txt,selected epoch 15 (maximum recorded dev/mean_score),Historical selected DEV row; not Final-Test evidence.
no semantic depression acceptance,Stage-6 accepted control/ablation,43,DEV-only ablation,DEV,depression,0.692110,0.692112,0.692111,,stage6_no_semantic_depression_trial012_seed43_2026-09-28_19-58_wsm_av_r3_disease_query_model_8be8e263,selected checkpoint recorded in summary/log,,logs/wsm_mm_pd_dep_v1/stage6_no_semantic_depression_trial012_seed43_2026-09-28_19-58_wsm_av_r3_disease_query_model_8be8e263/summary.txt,selected epoch 10 (maximum recorded dev/mean_score),Historical selected DEV row; not Final-Test evidence.
no semantic depression acceptance,Stage-6 accepted control/ablation,43,DEV-only ablation,DEV,parkinson,0.794893,0.813833,0.804363,,stage6_no_semantic_depression_trial012_seed43_2026-09-28_19-58_wsm_av_r3_disease_query_model_8be8e263,selected checkpoint recorded in summary/log,,logs/wsm_mm_pd_dep_v1/stage6_no_semantic_depression_trial012_seed43_2026-09-28_19-58_wsm_av_r3_disease_query_model_8be8e263/summary.txt,selected epoch 10 (maximum recorded dev/mean_score),Historical selected DEV row; not Final-Test evidence.
no semantic depression acceptance,Stage-6 accepted control/ablation,43,DEV-only ablation,DEV,aggregate,,,,0.748237,stage6_no_semantic_depression_trial012_seed43_2026-09-28_19-58_wsm_av_r3_disease_query_model_8be8e263,selected checkpoint recorded in summary/log,,logs/wsm_mm_pd_dep_v1/stage6_no_semantic_depression_trial012_seed43_2026-09-28_19-58_wsm_av_r3_disease_query_model_8be8e263/summary.txt,selected epoch 10 (maximum recorded dev/mean_score),Historical selected DEV row; not Final-Test evidence.
no semantic depression acceptance,Stage-6 accepted control/ablation,44,DEV-only ablation,DEV,depression,0.718021,0.718053,0.718037,,stage6_no_semantic_depression_trial012_seed44_2026-09-28_20-05_wsm_av_r3_disease_query_model_523c3e76,selected checkpoint recorded in summary/log,,logs/wsm_mm_pd_dep_v1/stage6_no_semantic_depression_trial012_seed44_2026-09-28_20-05_wsm_av_r3_disease_query_model_523c3e76/summary.txt,selected epoch 28 (maximum recorded dev/mean_score),Historical selected DEV row; not Final-Test evidence.
no semantic depression acceptance,Stage-6 accepted control/ablation,44,DEV-only ablation,DEV,parkinson,0.902139,0.911698,0.906919,,stage6_no_semantic_depression_trial012_seed44_2026-09-28_20-05_wsm_av_r3_disease_query_model_523c3e76,selected checkpoint recorded in summary/log,,logs/wsm_mm_pd_dep_v1/stage6_no_semantic_depression_trial012_seed44_2026-09-28_20-05_wsm_av_r3_disease_query_model_523c3e76/summary.txt,selected epoch 28 (maximum recorded dev/mean_score),Historical selected DEV row; not Final-Test evidence.
no semantic depression acceptance,Stage-6 accepted control/ablation,44,DEV-only ablation,DEV,aggregate,,,,0.812478,stage6_no_semantic_depression_trial012_seed44_2026-09-28_20-05_wsm_av_r3_disease_query_model_523c3e76,selected checkpoint recorded in summary/log,,logs/wsm_mm_pd_dep_v1/stage6_no_semantic_depression_trial012_seed44_2026-09-28_20-05_wsm_av_r3_disease_query_model_523c3e76/summary.txt,selected epoch 28 (maximum recorded dev/mean_score),Historical selected DEV row; not Final-Test evidence.
shuffled/mismatched pseudo control,Stage-6 accepted control/ablation,42,DEV-only ablation,DEV,depression,0.675490,0.674841,0.675166,,stage6_shuffled_pseudo_equal_seed42_exact_fix2_2026-09-28_15-17_wsm_av_r3_disease_query_model_fdd3d5a9,selected checkpoint recorded in summary/log,,logs/wsm_mm_pd_dep_v1/stage6_shuffled_pseudo_equal_seed42_exact_fix2_2026-09-28_15-17_wsm_av_r3_disease_query_model_fdd3d5a9/summary.txt,selected epoch 5 (maximum recorded dev/mean_score),Historical selected DEV row; not Final-Test evidence.
shuffled/mismatched pseudo control,Stage-6 accepted control/ablation,42,DEV-only ablation,DEV,parkinson,0.785645,0.812657,0.799151,,stage6_shuffled_pseudo_equal_seed42_exact_fix2_2026-09-28_15-17_wsm_av_r3_disease_query_model_fdd3d5a9,selected checkpoint recorded in summary/log,,logs/wsm_mm_pd_dep_v1/stage6_shuffled_pseudo_equal_seed42_exact_fix2_2026-09-28_15-17_wsm_av_r3_disease_query_model_fdd3d5a9/summary.txt,selected epoch 5 (maximum recorded dev/mean_score),Historical selected DEV row; not Final-Test evidence.
shuffled/mismatched pseudo control,Stage-6 accepted control/ablation,42,DEV-only ablation,DEV,aggregate,,,,0.737158,stage6_shuffled_pseudo_equal_seed42_exact_fix2_2026-09-28_15-17_wsm_av_r3_disease_query_model_fdd3d5a9,selected checkpoint recorded in summary/log,,logs/wsm_mm_pd_dep_v1/stage6_shuffled_pseudo_equal_seed42_exact_fix2_2026-09-28_15-17_wsm_av_r3_disease_query_model_fdd3d5a9/summary.txt,selected epoch 5 (maximum recorded dev/mean_score),Historical selected DEV row; not Final-Test evidence.
shuffled/mismatched pseudo control,Stage-6 accepted control/ablation,43,DEV-only ablation,DEV,depression,0.690056,0.689597,0.689827,,stage6_shuffled_pseudo_equal_seed43_exact_fix2_2026-09-28_15-21_wsm_av_r3_disease_query_model_21343cc1,selected checkpoint recorded in summary/log,,logs/wsm_mm_pd_dep_v1/stage6_shuffled_pseudo_equal_seed43_exact_fix2_2026-09-28_15-21_wsm_av_r3_disease_query_model_21343cc1/summary.txt,selected epoch 3 (maximum recorded dev/mean_score),Historical selected DEV row; not Final-Test evidence.
shuffled/mismatched pseudo control,Stage-6 accepted control/ablation,43,DEV-only ablation,DEV,parkinson,0.766322,0.786323,0.776322,,stage6_shuffled_pseudo_equal_seed43_exact_fix2_2026-09-28_15-21_wsm_av_r3_disease_query_model_21343cc1,selected checkpoint recorded in summary/log,,logs/wsm_mm_pd_dep_v1/stage6_shuffled_pseudo_equal_seed43_exact_fix2_2026-09-28_15-21_wsm_av_r3_disease_query_model_21343cc1/summary.txt,selected epoch 3 (maximum recorded dev/mean_score),Historical selected DEV row; not Final-Test evidence.
shuffled/mismatched pseudo control,Stage-6 accepted control/ablation,43,DEV-only ablation,DEV,aggregate,,,,0.733074,stage6_shuffled_pseudo_equal_seed43_exact_fix2_2026-09-28_15-21_wsm_av_r3_disease_query_model_21343cc1,selected checkpoint recorded in summary/log,,logs/wsm_mm_pd_dep_v1/stage6_shuffled_pseudo_equal_seed43_exact_fix2_2026-09-28_15-21_wsm_av_r3_disease_query_model_21343cc1/summary.txt,selected epoch 3 (maximum recorded dev/mean_score),Historical selected DEV row; not Final-Test evidence.
shuffled/mismatched pseudo control,Stage-6 accepted control/ablation,44,DEV-only ablation,DEV,depression,0.675023,0.674677,0.674850,,stage6_shuffled_pseudo_equal_seed44_exact_fix2_2026-09-28_15-25_wsm_av_r3_disease_query_model_6c38e6e8,selected checkpoint recorded in summary/log,,logs/wsm_mm_pd_dep_v1/stage6_shuffled_pseudo_equal_seed44_exact_fix2_2026-09-28_15-25_wsm_av_r3_disease_query_model_6c38e6e8/summary.txt,selected epoch 3 (maximum recorded dev/mean_score),Historical selected DEV row; not Final-Test evidence.
shuffled/mismatched pseudo control,Stage-6 accepted control/ablation,44,DEV-only ablation,DEV,parkinson,0.801794,0.812994,0.807394,,stage6_shuffled_pseudo_equal_seed44_exact_fix2_2026-09-28_15-25_wsm_av_r3_disease_query_model_6c38e6e8,selected checkpoint recorded in summary/log,,logs/wsm_mm_pd_dep_v1/stage6_shuffled_pseudo_equal_seed44_exact_fix2_2026-09-28_15-25_wsm_av_r3_disease_query_model_6c38e6e8/summary.txt,selected epoch 3 (maximum recorded dev/mean_score),Historical selected DEV row; not Final-Test evidence.
shuffled/mismatched pseudo control,Stage-6 accepted control/ablation,44,DEV-only ablation,DEV,aggregate,,,,0.741122,stage6_shuffled_pseudo_equal_seed44_exact_fix2_2026-09-28_15-25_wsm_av_r3_disease_query_model_6c38e6e8,selected checkpoint recorded in summary/log,,logs/wsm_mm_pd_dep_v1/stage6_shuffled_pseudo_equal_seed44_exact_fix2_2026-09-28_15-25_wsm_av_r3_disease_query_model_6c38e6e8/summary.txt,selected epoch 3 (maximum recorded dev/mean_score),Historical selected DEV row; not Final-Test evidence.
equal balancing,Stage-6 accepted control/ablation,42,DEV-only ablation,DEV,depression,0.712652,0.712344,0.712498,,r4_equal_seed42_2026-09-25_15-06_wsm_av_r3_disease_query_model_fd38ebd6,selected checkpoint recorded in summary/log,,logs/wsm_mm_pd_dep_v1/r4_equal_seed42_2026-09-25_15-06_wsm_av_r3_disease_query_model_fd38ebd6/summary.txt,selected epoch 12 (maximum recorded dev/mean_score),Historical selected DEV row; not Final-Test evidence.
equal balancing,Stage-6 accepted control/ablation,42,DEV-only ablation,DEV,parkinson,0.833126,0.853557,0.843342,,r4_equal_seed42_2026-09-25_15-06_wsm_av_r3_disease_query_model_fd38ebd6,selected checkpoint recorded in summary/log,,logs/wsm_mm_pd_dep_v1/r4_equal_seed42_2026-09-25_15-06_wsm_av_r3_disease_query_model_fd38ebd6/summary.txt,selected epoch 12 (maximum recorded dev/mean_score),Historical selected DEV row; not Final-Test evidence.
equal balancing,Stage-6 accepted control/ablation,42,DEV-only ablation,DEV,aggregate,,,,0.777920,r4_equal_seed42_2026-09-25_15-06_wsm_av_r3_disease_query_model_fd38ebd6,selected checkpoint recorded in summary/log,,logs/wsm_mm_pd_dep_v1/r4_equal_seed42_2026-09-25_15-06_wsm_av_r3_disease_query_model_fd38ebd6/summary.txt,selected epoch 12 (maximum recorded dev/mean_score),Historical selected DEV row; not Final-Test evidence.
equal balancing,Stage-6 accepted control/ablation,43,DEV-only ablation,DEV,depression,0.704062,0.702537,0.703299,,r4_equal_seed43_confirm_2026-09-27_12-39_wsm_av_r3_disease_query_model_c6583b07,selected checkpoint recorded in summary/log,,logs/wsm_mm_pd_dep_v1/r4_equal_seed43_confirm_2026-09-27_12-39_wsm_av_r3_disease_query_model_c6583b07/summary.txt,selected epoch 4 (maximum recorded dev/mean_score),Historical selected DEV row; not Final-Test evidence.
equal balancing,Stage-6 accepted control/ablation,43,DEV-only ablation,DEV,parkinson,0.851898,0.860189,0.856043,,r4_equal_seed43_confirm_2026-09-27_12-39_wsm_av_r3_disease_query_model_c6583b07,selected checkpoint recorded in summary/log,,logs/wsm_mm_pd_dep_v1/r4_equal_seed43_confirm_2026-09-27_12-39_wsm_av_r3_disease_query_model_c6583b07/summary.txt,selected epoch 4 (maximum recorded dev/mean_score),Historical selected DEV row; not Final-Test evidence.
equal balancing,Stage-6 accepted control/ablation,43,DEV-only ablation,DEV,aggregate,,,,0.779671,r4_equal_seed43_confirm_2026-09-27_12-39_wsm_av_r3_disease_query_model_c6583b07,selected checkpoint recorded in summary/log,,logs/wsm_mm_pd_dep_v1/r4_equal_seed43_confirm_2026-09-27_12-39_wsm_av_r3_disease_query_model_c6583b07/summary.txt,selected epoch 4 (maximum recorded dev/mean_score),Historical selected DEV row; not Final-Test evidence.
equal balancing,Stage-6 accepted control/ablation,44,DEV-only ablation,DEV,depression,0.708824,0.707131,0.707977,,r4_equal_seed44_confirm_2026-09-27_12-52_wsm_av_r3_disease_query_model_489381cb,selected checkpoint recorded in summary/log,,logs/wsm_mm_pd_dep_v1/r4_equal_seed44_confirm_2026-09-27_12-52_wsm_av_r3_disease_query_model_489381cb/summary.txt,selected epoch 13 (maximum recorded dev/mean_score),Historical selected DEV row; not Final-Test evidence.
equal balancing,Stage-6 accepted control/ablation,44,DEV-only ablation,DEV,parkinson,0.849413,0.854342,0.851878,,r4_equal_seed44_confirm_2026-09-27_12-52_wsm_av_r3_disease_query_model_489381cb,selected checkpoint recorded in summary/log,,logs/wsm_mm_pd_dep_v1/r4_equal_seed44_confirm_2026-09-27_12-52_wsm_av_r3_disease_query_model_489381cb/summary.txt,selected epoch 13 (maximum recorded dev/mean_score),Historical selected DEV row; not Final-Test evidence.
equal balancing,Stage-6 accepted control/ablation,44,DEV-only ablation,DEV,aggregate,,,,0.779927,r4_equal_seed44_confirm_2026-09-27_12-52_wsm_av_r3_disease_query_model_489381cb,selected checkpoint recorded in summary/log,,logs/wsm_mm_pd_dep_v1/r4_equal_seed44_confirm_2026-09-27_12-52_wsm_av_r3_disease_query_model_489381cb/summary.txt,selected epoch 13 (maximum recorded dev/mean_score),Historical selected DEV row; not Final-Test evidence.
static-STCH balancing,Stage-6 accepted control/ablation,42,DEV-only ablation,DEV,depression,0.725350,0.724803,0.725077,,r4_static_stch_seed42_2026-09-25_15-13_wsm_av_r3_disease_query_model_9ca24e51,selected checkpoint recorded in summary/log,,logs/wsm_mm_pd_dep_v1/r4_static_stch_seed42_2026-09-25_15-13_wsm_av_r3_disease_query_model_9ca24e51/summary.txt,selected epoch 12 (maximum recorded dev/mean_score),Historical selected DEV row; not Final-Test evidence.
static-STCH balancing,Stage-6 accepted control/ablation,42,DEV-only ablation,DEV,parkinson,0.840235,0.858735,0.849485,,r4_static_stch_seed42_2026-09-25_15-13_wsm_av_r3_disease_query_model_9ca24e51,selected checkpoint recorded in summary/log,,logs/wsm_mm_pd_dep_v1/r4_static_stch_seed42_2026-09-25_15-13_wsm_av_r3_disease_query_model_9ca24e51/summary.txt,selected epoch 12 (maximum recorded dev/mean_score),Historical selected DEV row; not Final-Test evidence.
static-STCH balancing,Stage-6 accepted control/ablation,42,DEV-only ablation,DEV,aggregate,,,,0.787281,r4_static_stch_seed42_2026-09-25_15-13_wsm_av_r3_disease_query_model_9ca24e51,selected checkpoint recorded in summary/log,,logs/wsm_mm_pd_dep_v1/r4_static_stch_seed42_2026-09-25_15-13_wsm_av_r3_disease_query_model_9ca24e51/summary.txt,selected epoch 12 (maximum recorded dev/mean_score),Historical selected DEV row; not Final-Test evidence.
static-STCH balancing,Stage-6 accepted control/ablation,43,DEV-only ablation,DEV,depression,0.699440,0.698449,0.698945,,r4_static_stch_seed43_confirm_2026-09-27_12-43_wsm_av_r3_disease_query_model_fe920e6e,selected checkpoint recorded in summary/log,,logs/wsm_mm_pd_dep_v1/r4_static_stch_seed43_confirm_2026-09-27_12-43_wsm_av_r3_disease_query_model_fe920e6e/summary.txt,selected epoch 4 (maximum recorded dev/mean_score),Historical selected DEV row; not Final-Test evidence.
static-STCH balancing,Stage-6 accepted control/ablation,43,DEV-only ablation,DEV,parkinson,0.849482,0.856886,0.853184,,r4_static_stch_seed43_confirm_2026-09-27_12-43_wsm_av_r3_disease_query_model_fe920e6e,selected checkpoint recorded in summary/log,,logs/wsm_mm_pd_dep_v1/r4_static_stch_seed43_confirm_2026-09-27_12-43_wsm_av_r3_disease_query_model_fe920e6e/summary.txt,selected epoch 4 (maximum recorded dev/mean_score),Historical selected DEV row; not Final-Test evidence.
static-STCH balancing,Stage-6 accepted control/ablation,43,DEV-only ablation,DEV,aggregate,,,,0.776064,r4_static_stch_seed43_confirm_2026-09-27_12-43_wsm_av_r3_disease_query_model_fe920e6e,selected checkpoint recorded in summary/log,,logs/wsm_mm_pd_dep_v1/r4_static_stch_seed43_confirm_2026-09-27_12-43_wsm_av_r3_disease_query_model_fe920e6e/summary.txt,selected epoch 4 (maximum recorded dev/mean_score),Historical selected DEV row; not Final-Test evidence.
static-STCH balancing,Stage-6 accepted control/ablation,44,DEV-only ablation,DEV,depression,0.702614,0.701530,0.702072,,r4_static_stch_seed44_confirm_2026-09-27_13-00_wsm_av_r3_disease_query_model_ce224b8f,selected checkpoint recorded in summary/log,,logs/wsm_mm_pd_dep_v1/r4_static_stch_seed44_confirm_2026-09-27_13-00_wsm_av_r3_disease_query_model_ce224b8f/summary.txt,selected epoch 13 (maximum recorded dev/mean_score),Historical selected DEV row; not Final-Test evidence.
static-STCH balancing,Stage-6 accepted control/ablation,44,DEV-only ablation,DEV,parkinson,0.854037,0.853207,0.853622,,r4_static_stch_seed44_confirm_2026-09-27_13-00_wsm_av_r3_disease_query_model_ce224b8f,selected checkpoint recorded in summary/log,,logs/wsm_mm_pd_dep_v1/r4_static_stch_seed44_confirm_2026-09-27_13-00_wsm_av_r3_disease_query_model_ce224b8f/summary.txt,selected epoch 13 (maximum recorded dev/mean_score),Historical selected DEV row; not Final-Test evidence.
static-STCH balancing,Stage-6 accepted control/ablation,44,DEV-only ablation,DEV,aggregate,,,,0.777847,r4_static_stch_seed44_confirm_2026-09-27_13-00_wsm_av_r3_disease_query_model_ce224b8f,selected checkpoint recorded in summary/log,,logs/wsm_mm_pd_dep_v1/r4_static_stch_seed44_confirm_2026-09-27_13-00_wsm_av_r3_disease_query_model_ce224b8f/summary.txt,selected epoch 13 (maximum recorded dev/mean_score),Historical selected DEV row; not Final-Test evidence.
progress weighting,Stage-6 accepted control/ablation,42,DEV-only ablation,DEV,depression,0.701401,0.701089,0.701245,,r4_progress_seed42_c1_2026-09-25_16-44_wsm_av_r3_disease_query_model_deb8317c,selected checkpoint recorded in summary/log,,logs/wsm_mm_pd_dep_v1/r4_progress_seed42_c1_2026-09-25_16-44_wsm_av_r3_disease_query_model_deb8317c/summary.txt,selected epoch 12 (maximum recorded dev/mean_score),Historical selected DEV row; not Final-Test evidence.
progress weighting,Stage-6 accepted control/ablation,42,DEV-only ablation,DEV,parkinson,0.866391,0.880316,0.873354,,r4_progress_seed42_c1_2026-09-25_16-44_wsm_av_r3_disease_query_model_deb8317c,selected checkpoint recorded in summary/log,,logs/wsm_mm_pd_dep_v1/r4_progress_seed42_c1_2026-09-25_16-44_wsm_av_r3_disease_query_model_deb8317c/summary.txt,selected epoch 12 (maximum recorded dev/mean_score),Historical selected DEV row; not Final-Test evidence.
progress weighting,Stage-6 accepted control/ablation,42,DEV-only ablation,DEV,aggregate,,,,0.787299,r4_progress_seed42_c1_2026-09-25_16-44_wsm_av_r3_disease_query_model_deb8317c,selected checkpoint recorded in summary/log,,logs/wsm_mm_pd_dep_v1/r4_progress_seed42_c1_2026-09-25_16-44_wsm_av_r3_disease_query_model_deb8317c/summary.txt,selected epoch 12 (maximum recorded dev/mean_score),Historical selected DEV row; not Final-Test evidence.
progress weighting,Stage-6 accepted control/ablation,43,DEV-only ablation,DEV,depression,0.722969,0.720224,0.721597,,r4_progress_seed43_confirm_c1_2026-09-27_12-48_wsm_av_r3_disease_query_model_37e71d1a,selected checkpoint recorded in summary/log,,logs/wsm_mm_pd_dep_v1/r4_progress_seed43_confirm_c1_2026-09-27_12-48_wsm_av_r3_disease_query_model_37e71d1a/summary.txt,selected epoch 3 (maximum recorded dev/mean_score),Historical selected DEV row; not Final-Test evidence.
progress weighting,Stage-6 accepted control/ablation,43,DEV-only ablation,DEV,parkinson,0.856798,0.869464,0.863131,,r4_progress_seed43_confirm_c1_2026-09-27_12-48_wsm_av_r3_disease_query_model_37e71d1a,selected checkpoint recorded in summary/log,,logs/wsm_mm_pd_dep_v1/r4_progress_seed43_confirm_c1_2026-09-27_12-48_wsm_av_r3_disease_query_model_37e71d1a/summary.txt,selected epoch 3 (maximum recorded dev/mean_score),Historical selected DEV row; not Final-Test evidence.
progress weighting,Stage-6 accepted control/ablation,43,DEV-only ablation,DEV,aggregate,,,,0.792364,r4_progress_seed43_confirm_c1_2026-09-27_12-48_wsm_av_r3_disease_query_model_37e71d1a,selected checkpoint recorded in summary/log,,logs/wsm_mm_pd_dep_v1/r4_progress_seed43_confirm_c1_2026-09-27_12-48_wsm_av_r3_disease_query_model_37e71d1a/summary.txt,selected epoch 3 (maximum recorded dev/mean_score),Historical selected DEV row; not Final-Test evidence.
progress weighting,Stage-6 accepted control/ablation,44,DEV-only ablation,DEV,depression,0.701961,0.701982,0.701971,,r4_progress_seed44_confirm_c1_2026-09-27_18-29_wsm_av_r3_disease_query_model_aab14823,selected checkpoint recorded in summary/log,,logs/wsm_mm_pd_dep_v1/r4_progress_seed44_confirm_c1_2026-09-27_18-29_wsm_av_r3_disease_query_model_aab14823/summary.txt,selected epoch 16 (maximum recorded dev/mean_score),Historical selected DEV row; not Final-Test evidence.
progress weighting,Stage-6 accepted control/ablation,44,DEV-only ablation,DEV,parkinson,0.842374,0.852042,0.847208,,r4_progress_seed44_confirm_c1_2026-09-27_18-29_wsm_av_r3_disease_query_model_aab14823,selected checkpoint recorded in summary/log,,logs/wsm_mm_pd_dep_v1/r4_progress_seed44_confirm_c1_2026-09-27_18-29_wsm_av_r3_disease_query_model_aab14823/summary.txt,selected epoch 16 (maximum recorded dev/mean_score),Historical selected DEV row; not Final-Test evidence.
progress weighting,Stage-6 accepted control/ablation,44,DEV-only ablation,DEV,aggregate,,,,0.774590,r4_progress_seed44_confirm_c1_2026-09-27_18-29_wsm_av_r3_disease_query_model_aab14823,selected checkpoint recorded in summary/log,,logs/wsm_mm_pd_dep_v1/r4_progress_seed44_confirm_c1_2026-09-27_18-29_wsm_av_r3_disease_query_model_aab14823/summary.txt,selected epoch 16 (maximum recorded dev/mean_score),Historical selected DEV row; not Final-Test evidence.
RA-STCH fixed composition,Stage-6 accepted control/ablation,42,DEV-only ablation,DEV,depression,0.701261,0.700724,0.700992,,r4_ra_stch_seed42_c1_2026-09-25_16-51_wsm_av_r3_disease_query_model_c350ca36,selected checkpoint recorded in summary/log,,logs/wsm_mm_pd_dep_v1/r4_ra_stch_seed42_c1_2026-09-25_16-51_wsm_av_r3_disease_query_model_c350ca36/summary.txt,selected epoch 13 (maximum recorded dev/mean_score),Historical selected DEV row; not Final-Test evidence.
RA-STCH fixed composition,Stage-6 accepted control/ablation,42,DEV-only ablation,DEV,parkinson,0.854589,0.874007,0.864298,,r4_ra_stch_seed42_c1_2026-09-25_16-51_wsm_av_r3_disease_query_model_c350ca36,selected checkpoint recorded in summary/log,,logs/wsm_mm_pd_dep_v1/r4_ra_stch_seed42_c1_2026-09-25_16-51_wsm_av_r3_disease_query_model_c350ca36/summary.txt,selected epoch 13 (maximum recorded dev/mean_score),Historical selected DEV row; not Final-Test evidence.
RA-STCH fixed composition,Stage-6 accepted control/ablation,42,DEV-only ablation,DEV,aggregate,,,,0.782645,r4_ra_stch_seed42_c1_2026-09-25_16-51_wsm_av_r3_disease_query_model_c350ca36,selected checkpoint recorded in summary/log,,logs/wsm_mm_pd_dep_v1/r4_ra_stch_seed42_c1_2026-09-25_16-51_wsm_av_r3_disease_query_model_c350ca36/summary.txt,selected epoch 13 (maximum recorded dev/mean_score),Historical selected DEV row; not Final-Test evidence.
RA-STCH fixed composition,Stage-6 accepted control/ablation,43,DEV-only ablation,DEV,depression,0.699393,0.698285,0.698839,,r4_ra_stch_seed43_c1_2026-09-28_16-07_wsm_av_r3_disease_query_model_39bc2679,selected checkpoint recorded in summary/log,,logs/wsm_mm_pd_dep_v1/r4_ra_stch_seed43_c1_2026-09-28_16-07_wsm_av_r3_disease_query_model_39bc2679/summary.txt,selected epoch 4 (maximum recorded dev/mean_score),Historical selected DEV row; not Final-Test evidence.
RA-STCH fixed composition,Stage-6 accepted control/ablation,43,DEV-only ablation,DEV,parkinson,0.861422,0.868237,0.864829,,r4_ra_stch_seed43_c1_2026-09-28_16-07_wsm_av_r3_disease_query_model_39bc2679,selected checkpoint recorded in summary/log,,logs/wsm_mm_pd_dep_v1/r4_ra_stch_seed43_c1_2026-09-28_16-07_wsm_av_r3_disease_query_model_39bc2679/summary.txt,selected epoch 4 (maximum recorded dev/mean_score),Historical selected DEV row; not Final-Test evidence.
RA-STCH fixed composition,Stage-6 accepted control/ablation,43,DEV-only ablation,DEV,aggregate,,,,0.781834,r4_ra_stch_seed43_c1_2026-09-28_16-07_wsm_av_r3_disease_query_model_39bc2679,selected checkpoint recorded in summary/log,,logs/wsm_mm_pd_dep_v1/r4_ra_stch_seed43_c1_2026-09-28_16-07_wsm_av_r3_disease_query_model_39bc2679/summary.txt,selected epoch 4 (maximum recorded dev/mean_score),Historical selected DEV row; not Final-Test evidence.
RA-STCH fixed composition,Stage-6 accepted control/ablation,44,DEV-only ablation,DEV,depression,0.679692,0.679549,0.679620,,r4_ra_stch_seed44_c1_2026-09-28_16-12_wsm_av_r3_disease_query_model_49a0dea2,selected checkpoint recorded in summary/log,,logs/wsm_mm_pd_dep_v1/r4_ra_stch_seed44_c1_2026-09-28_16-12_wsm_av_r3_disease_query_model_49a0dea2/summary.txt,selected epoch 4 (maximum recorded dev/mean_score),Historical selected DEV row; not Final-Test evidence.
RA-STCH fixed composition,Stage-6 accepted control/ablation,44,DEV-only ablation,DEV,parkinson,0.816425,0.837104,0.826765,,r4_ra_stch_seed44_c1_2026-09-28_16-12_wsm_av_r3_disease_query_model_49a0dea2,selected checkpoint recorded in summary/log,,logs/wsm_mm_pd_dep_v1/r4_ra_stch_seed44_c1_2026-09-28_16-12_wsm_av_r3_disease_query_model_49a0dea2/summary.txt,selected epoch 4 (maximum recorded dev/mean_score),Historical selected DEV row; not Final-Test evidence.
RA-STCH fixed composition,Stage-6 accepted control/ablation,44,DEV-only ablation,DEV,aggregate,,,,0.753193,r4_ra_stch_seed44_c1_2026-09-28_16-12_wsm_av_r3_disease_query_model_49a0dea2,selected checkpoint recorded in summary/log,,logs/wsm_mm_pd_dep_v1/r4_ra_stch_seed44_c1_2026-09-28_16-12_wsm_av_r3_disease_query_model_49a0dea2/summary.txt,selected epoch 4 (maximum recorded dev/mean_score),Historical selected DEV row; not Final-Test evidence.
sparse-MTL task-isolated,depression-only,42,DEV-only ablation,DEV,depression,0.722456,0.722335,0.722396,,,,,docs/PROGRESS_EN.md,"TASK-006J, selected task-isolated checkpoint",Only depression objective was active; inactive-task entry is monitoring-only and no two-task Mean is asserted.
sparse-MTL task-isolated,depression-only,42,DEV-only ablation,DEV,parkinson,,,0.541443,,,,,docs/PROGRESS_EN.md,"TASK-006J, selected task-isolated checkpoint",Only depression objective was active; inactive-task entry is monitoring-only and no two-task Mean is asserted.
sparse-MTL task-isolated,depression-only,42,DEV-only ablation,DEV,aggregate,,,,,,,,docs/PROGRESS_EN.md,"TASK-006J, selected task-isolated checkpoint",Only depression objective was active; inactive-task entry is monitoring-only and no two-task Mean is asserted.
sparse-MTL task-isolated,depression-only,43,DEV-only ablation,DEV,depression,0.723343,0.721865,0.722604,,,,,docs/PROGRESS_EN.md,"TASK-006J, selected task-isolated checkpoint",Only depression objective was active; inactive-task entry is monitoring-only and no two-task Mean is asserted.
sparse-MTL task-isolated,depression-only,43,DEV-only ablation,DEV,parkinson,,,0.590842,,,,,docs/PROGRESS_EN.md,"TASK-006J, selected task-isolated checkpoint",Only depression objective was active; inactive-task entry is monitoring-only and no two-task Mean is asserted.
sparse-MTL task-isolated,depression-only,43,DEV-only ablation,DEV,aggregate,,,,,,,,docs/PROGRESS_EN.md,"TASK-006J, selected task-isolated checkpoint",Only depression objective was active; inactive-task entry is monitoring-only and no two-task Mean is asserted.
sparse-MTL task-isolated,depression-only,44,DEV-only ablation,DEV,depression,0.709057,0.708018,0.708538,,,,,docs/PROGRESS_EN.md,"TASK-006J, selected task-isolated checkpoint",Only depression objective was active; inactive-task entry is monitoring-only and no two-task Mean is asserted.
sparse-MTL task-isolated,depression-only,44,DEV-only ablation,DEV,parkinson,,,0.583242,,,,,docs/PROGRESS_EN.md,"TASK-006J, selected task-isolated checkpoint",Only depression objective was active; inactive-task entry is monitoring-only and no two-task Mean is asserted.
sparse-MTL task-isolated,depression-only,44,DEV-only ablation,DEV,aggregate,,,,,,,,docs/PROGRESS_EN.md,"TASK-006J, selected task-isolated checkpoint",Only depression objective was active; inactive-task entry is monitoring-only and no two-task Mean is asserted.
sparse-MTL task-isolated,parkinson-only,42,DEV-only ablation,DEV,depression,,,0.724889,,,,,docs/PROGRESS_EN.md,"TASK-006J, selected task-isolated checkpoint",Only parkinson objective was active; inactive-task entry is monitoring-only and no two-task Mean is asserted.
sparse-MTL task-isolated,parkinson-only,42,DEV-only ablation,DEV,parkinson,0.894893,0.901431,0.898162,,,,,docs/PROGRESS_EN.md,"TASK-006J, selected task-isolated checkpoint",Only parkinson objective was active; inactive-task entry is monitoring-only and no two-task Mean is asserted.
sparse-MTL task-isolated,parkinson-only,42,DEV-only ablation,DEV,aggregate,,,,,,,,docs/PROGRESS_EN.md,"TASK-006J, selected task-isolated checkpoint",Only parkinson objective was active; inactive-task entry is monitoring-only and no two-task Mean is asserted.
sparse-MTL task-isolated,parkinson-only,43,DEV-only ablation,DEV,depression,,,0.633823,,,,,docs/PROGRESS_EN.md,"TASK-006J, selected task-isolated checkpoint",Only parkinson objective was active; inactive-task entry is monitoring-only and no two-task Mean is asserted.
sparse-MTL task-isolated,parkinson-only,43,DEV-only ablation,DEV,parkinson,0.887992,0.905687,0.896839,,,,,docs/PROGRESS_EN.md,"TASK-006J, selected task-isolated checkpoint",Only parkinson objective was active; inactive-task entry is monitoring-only and no two-task Mean is asserted.
sparse-MTL task-isolated,parkinson-only,43,DEV-only ablation,DEV,aggregate,,,,,,,,docs/PROGRESS_EN.md,"TASK-006J, selected task-isolated checkpoint",Only parkinson objective was active; inactive-task entry is monitoring-only and no two-task Mean is asserted.
sparse-MTL task-isolated,parkinson-only,44,DEV-only ablation,DEV,depression,,,0.726031,,,,,docs/PROGRESS_EN.md,"TASK-006J, selected task-isolated checkpoint",Only parkinson objective was active; inactive-task entry is monitoring-only and no two-task Mean is asserted.
sparse-MTL task-isolated,parkinson-only,44,DEV-only ablation,DEV,parkinson,0.840235,0.858735,0.849485,,,,,docs/PROGRESS_EN.md,"TASK-006J, selected task-isolated checkpoint",Only parkinson objective was active; inactive-task entry is monitoring-only and no two-task Mean is asserted.
sparse-MTL task-isolated,parkinson-only,44,DEV-only ablation,DEV,aggregate,,,,,,,,docs/PROGRESS_EN.md,"TASK-006J, selected task-isolated checkpoint",Only parkinson objective was active; inactive-task entry is monitoring-only and no two-task Mean is asserted.
DEPART-like video,V1 CLIP+Transformer,42,internal video baseline,DEV,depression,0.662558,0.661287,0.661923,,,,,docs/archive/PROGRESS_EN_THROUGH_STAGE5_2026-09-28.md,"TASK-002M, selected epoch 8",DEV-selected internal V1 baseline.
DEPART-like video,V1 CLIP+Transformer,42,internal video baseline,DEV,parkinson,0.737474,0.751778,0.744626,,,,,docs/archive/PROGRESS_EN_THROUGH_STAGE5_2026-09-28.md,"TASK-002M, selected epoch 8",DEV-selected internal V1 baseline.
DEPART-like video,V1 CLIP+Transformer,42,internal video baseline,DEV,aggregate,,,,0.703274,,,,docs/archive/PROGRESS_EN_THROUGH_STAGE5_2026-09-28.md,"TASK-002M, selected epoch 8",DEV-selected internal V1 baseline.
DEPART-like video,V2 prototype-aware,42,internal video baseline,DEV,depression,0.620401,0.619801,0.620101,,,,,docs/archive/PROGRESS_EN_THROUGH_STAGE5_2026-09-28.md,"TASK-002O, selected epoch 5",DEV-selected internal V2 baseline.
DEPART-like video,V2 prototype-aware,42,internal video baseline,DEV,parkinson,0.785231,0.800854,0.793043,,,,,docs/archive/PROGRESS_EN_THROUGH_STAGE5_2026-09-28.md,"TASK-002O, selected epoch 5",DEV-selected internal V2 baseline.
DEPART-like video,V2 prototype-aware,42,internal video baseline,DEV,aggregate,,,,0.706572,,,,docs/archive/PROGRESS_EN_THROUGH_STAGE5_2026-09-28.md,"TASK-002O, selected epoch 5",DEV-selected internal V2 baseline.
DEPART-like video,V1 CLIP+Transformer,42,monitoring-only historical Test,TEST_NONE,depression,,,,,,,,docs/archive/PROGRESS_EN_THROUGH_STAGE5_2026-09-28.md,TASK-002M/O same DEV-selected epoch monitoring,Only aggregate Mean retained; task UAR/MF1/Score NOT FOUND IN TRACKED EVIDENCE.
DEPART-like video,V1 CLIP+Transformer,42,monitoring-only historical Test,TEST_NONE,parkinson,,,,,,,,docs/archive/PROGRESS_EN_THROUGH_STAGE5_2026-09-28.md,TASK-002M/O same DEV-selected epoch monitoring,Only aggregate Mean retained; task UAR/MF1/Score NOT FOUND IN TRACKED EVIDENCE.
DEPART-like video,V1 CLIP+Transformer,42,monitoring-only historical Test,TEST_NONE,aggregate,,,,0.732454,,,,docs/archive/PROGRESS_EN_THROUGH_STAGE5_2026-09-28.md,TASK-002M/O same DEV-selected epoch monitoring,Only aggregate Mean retained; task UAR/MF1/Score NOT FOUND IN TRACKED EVIDENCE.
DEPART-like video,V1 CLIP+Transformer,42,monitoring-only historical Test,TEST_SOFT,depression,,,,,,,,docs/archive/PROGRESS_EN_THROUGH_STAGE5_2026-09-28.md,TASK-002M/O same DEV-selected epoch monitoring,Only aggregate Mean retained; task UAR/MF1/Score NOT FOUND IN TRACKED EVIDENCE.
DEPART-like video,V1 CLIP+Transformer,42,monitoring-only historical Test,TEST_SOFT,parkinson,,,,,,,,docs/archive/PROGRESS_EN_THROUGH_STAGE5_2026-09-28.md,TASK-002M/O same DEV-selected epoch monitoring,Only aggregate Mean retained; task UAR/MF1/Score NOT FOUND IN TRACKED EVIDENCE.
DEPART-like video,V1 CLIP+Transformer,42,monitoring-only historical Test,TEST_SOFT,aggregate,,,,0.742796,,,,docs/archive/PROGRESS_EN_THROUGH_STAGE5_2026-09-28.md,TASK-002M/O same DEV-selected epoch monitoring,Only aggregate Mean retained; task UAR/MF1/Score NOT FOUND IN TRACKED EVIDENCE.
DEPART-like video,V1 CLIP+Transformer,42,monitoring-only historical Test,TEST_HARD,depression,,,,,,,,docs/archive/PROGRESS_EN_THROUGH_STAGE5_2026-09-28.md,TASK-002M/O same DEV-selected epoch monitoring,Only aggregate Mean retained; task UAR/MF1/Score NOT FOUND IN TRACKED EVIDENCE.
DEPART-like video,V1 CLIP+Transformer,42,monitoring-only historical Test,TEST_HARD,parkinson,,,,,,,,docs/archive/PROGRESS_EN_THROUGH_STAGE5_2026-09-28.md,TASK-002M/O same DEV-selected epoch monitoring,Only aggregate Mean retained; task UAR/MF1/Score NOT FOUND IN TRACKED EVIDENCE.
DEPART-like video,V1 CLIP+Transformer,42,monitoring-only historical Test,TEST_HARD,aggregate,,,,0.751864,,,,docs/archive/PROGRESS_EN_THROUGH_STAGE5_2026-09-28.md,TASK-002M/O same DEV-selected epoch monitoring,Only aggregate Mean retained; task UAR/MF1/Score NOT FOUND IN TRACKED EVIDENCE.
DEPART-like video,V2 prototype-aware,42,monitoring-only historical Test,TEST_NONE,depression,,,,,,,,docs/archive/PROGRESS_EN_THROUGH_STAGE5_2026-09-28.md,TASK-002M/O same DEV-selected epoch monitoring,Only aggregate Mean retained; task UAR/MF1/Score NOT FOUND IN TRACKED EVIDENCE.
DEPART-like video,V2 prototype-aware,42,monitoring-only historical Test,TEST_NONE,parkinson,,,,,,,,docs/archive/PROGRESS_EN_THROUGH_STAGE5_2026-09-28.md,TASK-002M/O same DEV-selected epoch monitoring,Only aggregate Mean retained; task UAR/MF1/Score NOT FOUND IN TRACKED EVIDENCE.
DEPART-like video,V2 prototype-aware,42,monitoring-only historical Test,TEST_NONE,aggregate,,,,0.722250,,,,docs/archive/PROGRESS_EN_THROUGH_STAGE5_2026-09-28.md,TASK-002M/O same DEV-selected epoch monitoring,Only aggregate Mean retained; task UAR/MF1/Score NOT FOUND IN TRACKED EVIDENCE.
DEPART-like video,V2 prototype-aware,42,monitoring-only historical Test,TEST_SOFT,depression,,,,,,,,docs/archive/PROGRESS_EN_THROUGH_STAGE5_2026-09-28.md,TASK-002M/O same DEV-selected epoch monitoring,Only aggregate Mean retained; task UAR/MF1/Score NOT FOUND IN TRACKED EVIDENCE.
DEPART-like video,V2 prototype-aware,42,monitoring-only historical Test,TEST_SOFT,parkinson,,,,,,,,docs/archive/PROGRESS_EN_THROUGH_STAGE5_2026-09-28.md,TASK-002M/O same DEV-selected epoch monitoring,Only aggregate Mean retained; task UAR/MF1/Score NOT FOUND IN TRACKED EVIDENCE.
DEPART-like video,V2 prototype-aware,42,monitoring-only historical Test,TEST_SOFT,aggregate,,,,0.721935,,,,docs/archive/PROGRESS_EN_THROUGH_STAGE5_2026-09-28.md,TASK-002M/O same DEV-selected epoch monitoring,Only aggregate Mean retained; task UAR/MF1/Score NOT FOUND IN TRACKED EVIDENCE.
DEPART-like video,V2 prototype-aware,42,monitoring-only historical Test,TEST_HARD,depression,,,,,,,,docs/archive/PROGRESS_EN_THROUGH_STAGE5_2026-09-28.md,TASK-002M/O same DEV-selected epoch monitoring,Only aggregate Mean retained; task UAR/MF1/Score NOT FOUND IN TRACKED EVIDENCE.
DEPART-like video,V2 prototype-aware,42,monitoring-only historical Test,TEST_HARD,parkinson,,,,,,,,docs/archive/PROGRESS_EN_THROUGH_STAGE5_2026-09-28.md,TASK-002M/O same DEV-selected epoch monitoring,Only aggregate Mean retained; task UAR/MF1/Score NOT FOUND IN TRACKED EVIDENCE.
DEPART-like video,V2 prototype-aware,42,monitoring-only historical Test,TEST_HARD,aggregate,,,,0.730925,,,,docs/archive/PROGRESS_EN_THROUGH_STAGE5_2026-09-28.md,TASK-002M/O same DEV-selected epoch monitoring,Only aggregate Mean retained; task UAR/MF1/Score NOT FOUND IN TRACKED EVIDENCE.
T1 transcript text-only,XLM-R video-level transcript,42,standalone text,DEV,depression,0.721802,0.720505,0.721153,,,,,docs/PROGRESS_EN.md,"TASK-003C, selected DEV metrics",Standalone text evidence only; not additive A+V evidence.
T1 transcript text-only,XLM-R video-level transcript,42,standalone text,DEV,parkinson,0.904072,0.894689,0.899381,,,,,docs/PROGRESS_EN.md,"TASK-003C, selected DEV metrics",Standalone text evidence only; not additive A+V evidence.
T1 transcript text-only,XLM-R video-level transcript,42,standalone text,DEV,aggregate,,,,0.810267,,,,docs/PROGRESS_EN.md,"TASK-003C, selected DEV metrics",Standalone text evidence only; not additive A+V evidence.
T1 transcript text-only,XLM-R video-level transcript,43,standalone text,DEV,depression,0.571102,0.554720,0.562911,,,,,docs/PROGRESS_EN.md,"TASK-003C, selected DEV metrics",Standalone text evidence only; not additive A+V evidence.
T1 transcript text-only,XLM-R video-level transcript,43,standalone text,DEV,parkinson,0.823119,0.828417,0.825768,,,,,docs/PROGRESS_EN.md,"TASK-003C, selected DEV metrics",Standalone text evidence only; not additive A+V evidence.
T1 transcript text-only,XLM-R video-level transcript,43,standalone text,DEV,aggregate,,,,0.694339,,,,docs/PROGRESS_EN.md,"TASK-003C, selected DEV metrics",Standalone text evidence only; not additive A+V evidence.
T1 transcript text-only,XLM-R video-level transcript,44,standalone text,DEV,depression,0.597712,0.594997,0.596355,,,,,docs/PROGRESS_EN.md,"TASK-003C, selected DEV metrics",Standalone text evidence only; not additive A+V evidence.
T1 transcript text-only,XLM-R video-level transcript,44,standalone text,DEV,parkinson,0.815390,0.802661,0.809025,,,,,docs/PROGRESS_EN.md,"TASK-003C, selected DEV metrics",Standalone text evidence only; not additive A+V evidence.
T1 transcript text-only,XLM-R video-level transcript,44,standalone text,DEV,aggregate,,,,0.702690,,,,docs/PROGRESS_EN.md,"TASK-003C, selected DEV metrics",Standalone text evidence only; not additive A+V evidence.
published DEPART,multitask,,published contextual reference,original Test,depression,82.25,81.79,,,,,,docs/BDCC-10-00089.pdf,"Table 7 (original) or Table 8 (cleaned), pp. 16/19",Percent units as published; not a matched WSM leaderboard.
published DEPART,multitask,,published contextual reference,original Test,parkinson,66.82,59.03,,,,,,docs/BDCC-10-00089.pdf,"Table 7 (original) or Table 8 (cleaned), pp. 16/19",Percent units as published; not a matched WSM leaderboard.
published DEPART,multitask,,published contextual reference,manually cleaned Test,depression,83.67,82.85,,,,,,docs/BDCC-10-00089.pdf,"Table 7 (original) or Table 8 (cleaned), pp. 16/19",Percent units as published; not a matched WSM leaderboard.
published DEPART,multitask,,published contextual reference,manually cleaned Test,parkinson,80.71,76.19,,,,,,docs/BDCC-10-00089.pdf,"Table 7 (original) or Table 8 (cleaned), pp. 16/19",Percent units as published; not a matched WSM leaderboard.
published DEPART,best single-task,,published contextual reference,original Test,depression,85.55,84.83,,,,,,docs/BDCC-10-00089.pdf,"Table 7 (original) or Table 8 (cleaned), pp. 16/19",Percent units as published; not a matched WSM leaderboard.
published DEPART,best single-task,,published contextual reference,original Test,parkinson,78.58,74.42,,,,,,docs/BDCC-10-00089.pdf,"Table 7 (original) or Table 8 (cleaned), pp. 16/19",Percent units as published; not a matched WSM leaderboard.
published DEPART,best single-task,,published contextual reference,manually cleaned Test,depression,88.08,86.91,,,,,,docs/BDCC-10-00089.pdf,"Table 7 (original) or Table 8 (cleaned), pp. 16/19",Percent units as published; not a matched WSM leaderboard.
published DEPART,best single-task,,published contextual reference,manually cleaned Test,parkinson,77.96,73.75,,,,,,docs/BDCC-10-00089.pdf,"Table 7 (original) or Table 8 (cleaned), pp. 16/19",Percent units as published; not a matched WSM leaderboard.
