EXPERIMENT: multitask_audio_mamba_2026-08-19_13-36_audio_mamba_segment_model_wsm_audio_models-e0ce-001_a002f683
CONFIG: wsm_audio_models-e0ce-001.yaml
seed: 42
experiment_info:
  params:
    experiment_name: wsm_audio_segment_wavlm_base_l9_pool4
    run_name: multitask_audio_mamba
data:
  name: wsm_audio_segment_datamodule
  params:
    data_root: /media/maxim/Databases/WSM_NEW
    task: multitask
    feature_cache_root: /media/maxim/Databases/WSM_NEW/features
    test_filters:
    - none
    - soft
    - hard
    feature_model_name: microsoft/wavlm-base-plus
    feature_layer: 9
    temporal_pool: 4
    batch_size: 8
    num_workers: 4
    pin_memory: true
    persistent_workers: true
model:
  name: audio_mamba_segment_model
  params:
    hidden_dim: 192
    num_layers: 2
    num_heads: 4
    ff_mult: 4
    dropout: 0.2
    encoder_type: mamba
    sequence_steps: 96
    mamba_d_state: 16
    mamba_d_conv: 4
    mamba_expand: 2
    mamba_required: true
loss:
  name: wsm_audio_loss
  params:
    label_smoothing: 0.02
    focal_gamma: 1.0
    aux_weight: 0.15
optimizer:
  name: adamw_optimizer
  params:
    lr: 0.0001
    weight_decay: 0.01
train:
  params:
    epochs: 30
    device: cuda
    mixed_precision: true
    grad_clip_norm: 0.5
    log_every_steps: 25
    collect_cache: true
metrics:
- name: prf_macro_metric
callbacks:
- name: wsm_audio_metrics_callback
  params:
    splits:
    - auto
- name: checkpoint_callback
  params:
    log_path: logs
    filename_template: epoch={epoch}_{monitor}={value:.4f}.pt
    monitor: dev/mean_score
    mode: max
    save_top_k: 2
    save_last: true
- name: snapshot_callback
  params:
    log_path: logs
    include:
    - src
    save_code_zip: true
    save_config: true
- name: wsm_summary_callback
  params:
    filename: summary.txt
- name: early_stopping_callback
  params:
    monitor: dev/mean_score
    mode: max
    patience: 6
    min_delta: 0.0005
logging:
- name: console_file_logger
  params:
    log_path: logs
    log_file: train.log
    console_level: INFO
    file_level: INFO
- name: mlflow_logger
  params:
    tracking_uri: sqlite:///logs/mlflow.db
RESULTS:
epoch;train/num_samples;train/train/num_samples;train/loss;train/train/loss;train/macro_precision;train/macro_recall;train/macro_f1;dev/mean_loss;dev/mean_macro_precision;dev/mean_macro_recall;dev/mean_macro_f1;dev/mean_score;dev/depression/num_samples;dev/depression/loss;dev/depression/macro_precision;dev/depression/macro_recall;dev/depression/macro_f1;dev/depression/score;dev/parkinson/num_samples;dev/parkinson/loss;dev/parkinson/macro_precision;dev/parkinson/macro_recall;dev/parkinson/macro_f1;dev/parkinson/score;dev_depression/num_samples;dev_depression/loss;dev_depression/macro_precision;dev_depression/macro_recall;dev_depression/macro_f1;dev_parkinson/num_samples;dev_parkinson/loss;dev_parkinson/macro_precision;dev_parkinson/macro_recall;dev_parkinson/macro_f1;test_none/mean_loss;test_none/mean_macro_precision;test_none/mean_macro_recall;test_none/mean_macro_f1;test_none/mean_score;test_none/depression/num_samples;test_none/depression/loss;test_none/depression/macro_precision;test_none/depression/macro_recall;test_none/depression/macro_f1;test_none/depression/score;test_none/parkinson/num_samples;test_none/parkinson/loss;test_none/parkinson/macro_precision;test_none/parkinson/macro_recall;test_none/parkinson/macro_f1;test_none/parkinson/score;test_none_depression/num_samples;test_none_depression/loss;test_none_depression/macro_precision;test_none_depression/macro_recall;test_none_depression/macro_f1;test_none_parkinson/num_samples;test_none_parkinson/loss;test_none_parkinson/macro_precision;test_none_parkinson/macro_recall;test_none_parkinson/macro_f1;test_soft/mean_loss;test_soft/mean_macro_precision;test_soft/mean_macro_recall;test_soft/mean_macro_f1;test_soft/mean_score;test_soft/depression/num_samples;test_soft/depression/loss;test_soft/depression/macro_precision;test_soft/depression/macro_recall;test_soft/depression/macro_f1;test_soft/depression/score;test_soft/parkinson/num_samples;test_soft/parkinson/loss;test_soft/parkinson/macro_precision;test_soft/parkinson/macro_recall;test_soft/parkinson/macro_f1;test_soft/parkinson/score;test_soft_depression/num_samples;test_soft_depression/loss;test_soft_depression/macro_precision;test_soft_depression/macro_recall;test_soft_depression/macro_f1;test_soft_parkinson/num_samples;test_soft_parkinson/loss;test_soft_parkinson/macro_precision;test_soft_parkinson/macro_recall;test_soft_parkinson/macro_f1;test_hard/mean_loss;test_hard/mean_macro_precision;test_hard/mean_macro_recall;test_hard/mean_macro_f1;test_hard/mean_score;test_hard/depression/num_samples;test_hard/depression/loss;test_hard/depression/macro_precision;test_hard/depression/macro_recall;test_hard/depression/macro_f1;test_hard/depression/score;test_hard/parkinson/num_samples;test_hard/parkinson/loss;test_hard/parkinson/macro_precision;test_hard/parkinson/macro_recall;test_hard/parkinson/macro_f1;test_hard/parkinson/score;test_hard_depression/num_samples;test_hard_depression/loss;test_hard_depression/macro_precision;test_hard_depression/macro_recall;test_hard_depression/macro_f1;test_hard_parkinson/num_samples;test_hard_parkinson/loss;test_hard_parkinson/macro_precision;test_hard_parkinson/macro_recall;test_hard_parkinson/macro_f1;lr/group
1;6325.000000;6325.000000;0.337177;0.337177;0.682693;0.682250;0.682466;0.317388;0.793755;0.740011;0.749618;0.744814;621.000000;0.303393;0.767489;0.766013;0.766030;0.766022;312.000000;0.331384;0.820021;0.714010;0.733205;0.723607;621.000000;0.303393;0.767489;0.766013;0.766030;312.000000;0.331384;0.820021;0.714010;0.733205;0.278067;0.790386;0.790046;0.784192;0.787119;827.000000;0.310521;0.740747;0.748799;0.732881;0.740840;537.000000;0.245614;0.840025;0.831292;0.835504;0.833398;827.000000;0.310521;0.740747;0.748799;0.732881;537.000000;0.245614;0.840025;0.831292;0.835504;0.244172;0.803720;0.801444;0.797696;0.799570;710.000000;0.288717;0.757083;0.760413;0.749097;0.754755;498.000000;0.199627;0.850357;0.842475;0.846296;0.844386;710.000000;0.288717;0.757083;0.760413;0.749097;498.000000;0.199627;0.850357;0.842475;0.846296;0.263709;0.801343;0.803814;0.795364;0.799589;654.000000;0.279620;0.774711;0.779652;0.762752;0.771202;360.000000;0.247798;0.827975;0.827975;0.827975;0.827975;654.000000;0.279620;0.774711;0.779652;0.762752;360.000000;0.247798;0.827975;0.827975;0.827975;0.000100
2;6325.000000;6325.000000;0.253050;0.253050;0.819045;0.820408;0.819705;0.449869;0.767857;0.709006;0.717620;0.713313;621.000000;0.465061;0.710245;0.706349;0.704206;0.705278;312.000000;0.434677;0.825469;0.711663;0.731034;0.721349;621.000000;0.465061;0.710245;0.706349;0.704206;312.000000;0.434677;0.825469;0.711663;0.731034;0.296341;0.841144;0.793107;0.810315;0.801711;827.000000;0.277334;0.807790;0.783992;0.791068;0.787530;537.000000;0.315348;0.874498;0.802222;0.829562;0.815892;827.000000;0.277334;0.807790;0.783992;0.791068;537.000000;0.315348;0.874498;0.802222;0.829562;0.255227;0.849827;0.803023;0.819893;0.811458;710.000000;0.257776;0.813462;0.796903;0.801584;0.799244;498.000000;0.252678;0.886193;0.809143;0.838203;0.823673;710.000000;0.257776;0.813462;0.796903;0.801584;498.000000;0.252678;0.886193;0.809143;0.838203;0.239858;0.860712;0.830152;0.842264;0.836208;654.000000;0.228516;0.834559;0.823173;0.827398;0.825286;360.000000;0.251199;0.886866;0.837131;0.857130;0.847130;654.000000;0.228516;0.834559;0.823173;0.827398;360.000000;0.251199;0.886866;0.837131;0.857130;0.000100
3;6325.000000;6325.000000;0.228188;0.228188;0.863468;0.864229;0.863843;0.578881;0.771556;0.729835;0.735892;0.732864;621.000000;0.568250;0.714530;0.693417;0.687214;0.690316;312.000000;0.589512;0.828583;0.766253;0.784571;0.775412;621.000000;0.568250;0.714530;0.693417;0.687214;312.000000;0.589512;0.828583;0.766253;0.784571;0.413512;0.794325;0.787508;0.780001;0.783754;827.000000;0.465554;0.730620;0.733776;0.710895;0.722336;537.000000;0.361471;0.858031;0.841240;0.849106;0.845173;827.000000;0.465554;0.730620;0.733776;0.710895;537.000000;0.361471;0.858031;0.841240;0.849106;0.369236;0.813268;0.800184;0.794289;0.797236;710.000000;0.436501;0.758418;0.751245;0.730596;0.740921;498.000000;0.301971;0.868119;0.849124;0.857981;0.853552;710.000000;0.436501;0.758418;0.751245;0.730596;498.000000;0.301971;0.868119;0.849124;0.857981;0.351255;0.821310;0.818470;0.805338;0.811904;654.000000;0.419577;0.773360;0.767680;0.741415;0.754548;360.000000;0.282932;0.869261;0.869261;0.869261;0.869261;654.000000;0.419577;0.773360;0.767680;0.741415;360.000000;0.282932;0.869261;0.869261;0.869261;0.000100
4;6325.000000;6325.000000;0.198607;0.198607;0.884624;0.884461;0.884543;0.520650;0.758114;0.749506;0.746207;0.747856;621.000000;0.596152;0.724708;0.704809;0.699595;0.702202;312.000000;0.445148;0.791520;0.794203;0.792819;0.793511;621.000000;0.596152;0.724708;0.704809;0.699595;312.000000;0.445148;0.791520;0.794203;0.792819;0.406073;0.768148;0.805578;0.770725;0.788152;827.000000;0.419999;0.750003;0.756610;0.737108;0.746859;537.000000;0.392146;0.786293;0.854547;0.804343;0.829445;827.000000;0.419999;0.750003;0.756610;0.737108;537.000000;0.392146;0.786293;0.854547;0.804343;0.391320;0.775256;0.808868;0.773960;0.791414;710.000000;0.418189;0.762058;0.758672;0.740744;0.749708;498.000000;0.364450;0.788454;0.859064;0.807175;0.833120;710.000000;0.418189;0.762058;0.758672;0.740744;498.000000;0.364450;0.788454;0.859064;0.807175;0.384355;0.786906;0.818393;0.780331;0.799362;654.000000;0.404864;0.772164;0.771578;0.749233;0.760405;360.000000;0.363845;0.801648;0.865209;0.811429;0.838319;654.000000;0.404864;0.772164;0.771578;0.749233;360.000000;0.363845;0.801648;0.865209;0.811429;0.000100
5;6325.000000;6325.000000;0.169324;0.169324;0.913365;0.912182;0.912763;0.696291;0.794520;0.745058;0.755917;0.750488;621.000000;0.758945;0.711870;0.702194;0.699779;0.700987;312.000000;0.633636;0.877170;0.787923;0.812055;0.799989;621.000000;0.758945;0.711870;0.702194;0.699779;312.000000;0.633636;0.877170;0.787923;0.812055;0.464309;0.804133;0.792931;0.795940;0.794435;827.000000;0.521955;0.747521;0.755946;0.748287;0.752116;537.000000;0.406662;0.860745;0.829915;0.843592;0.836754;827.000000;0.521955;0.747521;0.755946;0.748287;537.000000;0.406662;0.860745;0.829915;0.843592;0.413772;0.820977;0.806206;0.810671;0.808439;710.000000;0.483082;0.770226;0.775693;0.769232;0.772463;498.000000;0.344462;0.871727;0.836720;0.852111;0.844415;710.000000;0.483082;0.770226;0.775693;0.769232;498.000000;0.344462;0.871727;0.836720;0.852111;0.379531;0.825959;0.824293;0.822442;0.823368;654.000000;0.455454;0.782127;0.790316;0.781153;0.785735;360.000000;0.303608;0.869792;0.858271;0.863730;0.861000;654.000000;0.455454;0.782127;0.790316;0.781153;360.000000;0.303608;0.869792;0.858271;0.863730;0.000100
6;6325.000000;6325.000000;0.150949;0.150949;0.929529;0.930957;0.930228;0.699328;0.788232;0.716796;0.726972;0.721884;621.000000;0.648431;0.695812;0.686041;0.680884;0.683462;312.000000;0.750226;0.880651;0.747550;0.773060;0.760305;621.000000;0.648431;0.695812;0.686041;0.680884;312.000000;0.750226;0.880651;0.747550;0.773060;0.463191;0.821227;0.747603;0.768583;0.758093;827.000000;0.483440;0.779434;0.745662;0.753087;0.749374;537.000000;0.442941;0.863020;0.749544;0.784080;0.766812;827.000000;0.483440;0.779434;0.745662;0.753087;537.000000;0.442941;0.863020;0.749544;0.784080;0.432559;0.833650;0.759728;0.780788;0.770258;710.000000;0.448112;0.790931;0.767800;0.772826;0.770313;498.000000;0.417006;0.876369;0.751657;0.788750;0.770203;710.000000;0.448112;0.790931;0.767800;0.772826;498.000000;0.417006;0.876369;0.751657;0.788750;0.396927;0.834286;0.778267;0.795690;0.786978;654.000000;0.403669;0.802306;0.784849;0.790186;0.787518;360.000000;0.390186;0.866265;0.771685;0.801193;0.786439;654.000000;0.403669;0.802306;0.784849;0.790186;360.000000;0.390186;0.866265;0.771685;0.801193;0.000100
7;6325.000000;6325.000000;0.127796;0.127796;0.946717;0.943041;0.944794;0.918877;0.776006;0.742924;0.748676;0.745800;621.000000;1.030135;0.695670;0.679085;0.673519;0.676302;312.000000;0.807619;0.856341;0.806763;0.823833;0.815298;621.000000;1.030135;0.695670;0.679085;0.673519;312.000000;0.807619;0.856341;0.806763;0.823833;0.519251;0.819369;0.836366;0.821738;0.829052;827.000000;0.638703;0.775343;0.785002;0.769079;0.777040;537.000000;0.399800;0.863396;0.887730;0.874397;0.881064;827.000000;0.638703;0.775343;0.785002;0.769079;537.000000;0.399800;0.863396;0.887730;0.874397;0.484137;0.830483;0.843737;0.831032;0.837384;710.000000;0.609334;0.792527;0.795709;0.782988;0.789349;498.000000;0.358941;0.868439;0.891764;0.879075;0.885420;710.000000;0.609334;0.792527;0.795709;0.782988;498.000000;0.358941;0.868439;0.891764;0.879075;0.489431;0.832089;0.852409;0.834570;0.843489;654.000000;0.599380;0.792942;0.799565;0.783979;0.791772;360.000000;0.379481;0.871235;0.905252;0.885161;0.895207;654.000000;0.599380;0.792942;0.799565;0.783979;360.000000;0.379481;0.871235;0.905252;0.885161;0.000100
8;6325.000000;6325.000000;0.103010;0.103010;0.956516;0.957092;0.956802;1.207019;0.767647;0.689427;0.695816;0.692621;621.000000;1.146969;0.704481;0.702801;0.701648;0.702224;312.000000;1.267069;0.830812;0.676052;0.689984;0.683018;621.000000;1.146969;0.704481;0.702801;0.701648;312.000000;1.267069;0.830812;0.676052;0.689984;0.676301;0.836017;0.778630;0.798313;0.788471;827.000000;0.795732;0.775014;0.762650;0.766972;0.764811;537.000000;0.556870;0.897020;0.794610;0.829654;0.812132;827.000000;0.795732;0.775014;0.762650;0.766972;537.000000;0.556870;0.897020;0.794610;0.829654;0.649027;0.844723;0.784628;0.804933;0.794781;710.000000;0.787175;0.776915;0.768529;0.771324;0.769926;498.000000;0.510878;0.912530;0.800728;0.838542;0.819635;710.000000;0.787175;0.776915;0.768529;0.771324;498.000000;0.510878;0.912530;0.800728;0.838542;0.610525;0.851647;0.804699;0.821165;0.812932;654.000000;0.734280;0.790287;0.785437;0.787467;0.786452;360.000000;0.486771;0.913007;0.823961;0.854863;0.839412;654.000000;0.734280;0.790287;0.785437;0.787467;360.000000;0.486771;0.913007;0.823961;0.854863;0.000100
9;6325.000000;6325.000000;0.093654;0.093654;0.962680;0.962088;0.962382;1.318918;0.757596;0.691388;0.697188;0.694288;621.000000;1.456383;0.647905;0.630532;0.617706;0.624119;312.000000;1.181453;0.867287;0.752243;0.776670;0.764457;621.000000;1.456383;0.647905;0.630532;0.617706;312.000000;1.181453;0.867287;0.752243;0.776670;0.863894;0.825585;0.752078;0.771632;0.761855;827.000000;1.023407;0.771027;0.717019;0.723768;0.720393;537.000000;0.704382;0.880143;0.787138;0.819496;0.803317;827.000000;1.023407;0.771027;0.717019;0.723768;537.000000;0.704382;0.880143;0.787138;0.819496;0.821325;0.835591;0.760983;0.781015;0.770999;710.000000;0.977736;0.780991;0.737523;0.742118;0.739821;498.000000;0.664914;0.890191;0.784444;0.819912;0.802178;710.000000;0.977736;0.780991;0.737523;0.742118;498.000000;0.664914;0.890191;0.784444;0.819912;0.782130;0.836057;0.776420;0.793678;0.785049;654.000000;0.892273;0.791905;0.751453;0.758547;0.755000;360.000000;0.671987;0.880208;0.801388;0.828809;0.815098;654.000000;0.892273;0.791905;0.751453;0.758547;360.000000;0.671987;0.880208;0.801388;0.828809;0.000100
10;6325.000000;6325.000000;0.079820;0.079820;0.973368;0.973301;0.973334;1.113251;0.781844;0.746197;0.756724;0.751460;621.000000;1.211432;0.702165;0.702194;0.702090;0.702142;312.000000;1.015070;0.861523;0.790200;0.811357;0.800779;621.000000;1.211432;0.702165;0.702194;0.702090;312.000000;1.015070;0.861523;0.790200;0.811357;0.852927;0.782382;0.778071;0.780149;0.779110;827.000000;1.047532;0.717609;0.716093;0.716795;0.716444;537.000000;0.658321;0.847156;0.840049;0.843502;0.841775;827.000000;1.047532;0.717609;0.716093;0.716795;537.000000;0.658321;0.847156;0.840049;0.843502;0.848078;0.781839;0.775130;0.778292;0.776711;710.000000;1.089634;0.714148;0.714653;0.714387;0.714520;498.000000;0.606521;0.849529;0.835608;0.842197;0.838903;710.000000;1.089634;0.714148;0.714653;0.714387;498.000000;0.606521;0.849529;0.835608;0.842197;0.823699;0.786200;0.788854;0.787295;0.788075;654.000000;1.066422;0.720941;0.724140;0.722087;0.723114;360.000000;0.580975;0.851459;0.853569;0.852503;0.853036;654.000000;1.066422;0.720941;0.724140;0.722087;360.000000;0.580975;0.851459;0.853569;0.852503;0.000100
11;6325.000000;6325.000000;0.070503;0.070503;0.976875;0.976402;0.976637;1.290700;0.808795;0.759665;0.772187;0.765926;621.000000;1.252999;0.735291;0.733754;0.733678;0.733716;312.000000;1.328400;0.882299;0.785576;0.810697;0.798136;621.000000;1.252999;0.735291;0.733754;0.733678;312.000000;1.328400;0.882299;0.785576;0.810697;0.799265;0.829661;0.805858;0.815305;0.810582;827.000000;0.981605;0.762179;0.766903;0.763964;0.765434;537.000000;0.616924;0.897143;0.844813;0.866646;0.855730;827.000000;0.981605;0.762179;0.766903;0.763964;537.000000;0.616924;0.897143;0.844813;0.866646;0.783044;0.836116;0.807655;0.818268;0.812962;710.000000;0.981772;0.767419;0.772050;0.768234;0.770142;498.000000;0.584315;0.904813;0.843260;0.868303;0.855781;710.000000;0.981772;0.767419;0.772050;0.768234;498.000000;0.584315;0.904813;0.843260;0.868303;0.745005;0.842482;0.828854;0.833032;0.830943;654.000000;0.956025;0.776541;0.783993;0.777265;0.780629;360.000000;0.533986;0.908422;0.873715;0.888799;0.881257;654.000000;0.956025;0.776541;0.783993;0.777265;360.000000;0.533986;0.908422;0.873715;0.888799;0.000100
12;6325.000000;6325.000000;0.049676;0.049676;0.983319;0.984264;0.983786;1.730299;0.755558;0.692811;0.704201;0.698506;621.000000;1.686498;0.652538;0.652428;0.652151;0.652290;312.000000;1.774099;0.858578;0.733195;0.756250;0.744723;621.000000;1.686498;0.652538;0.652428;0.652151;312.000000;1.774099;0.858578;0.733195;0.756250;0.923538;0.838109;0.780822;0.800463;0.790643;827.000000;0.989007;0.784383;0.768271;0.773537;0.770904;537.000000;0.858068;0.891834;0.793373;0.827389;0.810381;827.000000;0.989007;0.784383;0.768271;0.773537;537.000000;0.858068;0.891834;0.793373;0.827389;0.923230;0.842320;0.779263;0.799831;0.789547;710.000000;1.000564;0.782625;0.771423;0.774837;0.773130;498.000000;0.845896;0.902015;0.787103;0.824824;0.805964;710.000000;1.000564;0.782625;0.771423;0.774837;498.000000;0.845896;0.902015;0.787103;0.824824;0.884752;0.845470;0.797696;0.814076;0.805886;654.000000;0.911477;0.797589;0.790143;0.793046;0.791594;360.000000;0.858028;0.893350;0.805249;0.835107;0.820178;654.000000;0.911477;0.797589;0.790143;0.793046;360.000000;0.858028;0.893350;0.805249;0.835107;0.000100
13;6325.000000;6325.000000;0.037223;0.037223;0.987350;0.988168;0.987755;1.742572;0.794555;0.723682;0.735787;0.729735;621.000000;1.482459;0.712226;0.709337;0.708876;0.709106;312.000000;2.002684;0.876885;0.738026;0.762699;0.750363;621.000000;1.482459;0.712226;0.709337;0.708876;312.000000;2.002684;0.876885;0.738026;0.762699;1.148452;0.813910;0.766728;0.779467;0.773098;827.000000;1.226048;0.747513;0.756358;0.747576;0.751967;537.000000;1.070857;0.880307;0.777097;0.811358;0.794228;827.000000;1.226048;0.747513;0.756358;0.747576;537.000000;1.070857;0.880307;0.777097;0.811358;1.107700;0.825409;0.770037;0.783898;0.776967;710.000000;1.191349;0.758029;0.762497;0.753050;0.757774;498.000000;1.024051;0.892788;0.777577;0.814745;0.796161;710.000000;1.191349;0.758029;0.762497;0.753050;498.000000;1.024051;0.892788;0.777577;0.814745;1.106275;0.827772;0.784589;0.793998;0.789294;654.000000;1.148105;0.766442;0.773830;0.761968;0.767899;360.000000;1.064444;0.889102;0.795348;0.826029;0.810688;654.000000;1.148105;0.766442;0.773830;0.761968;360.000000;1.064444;0.889102;0.795348;0.826029;0.000100
14;6325.000000;6325.000000;0.028080;0.028080;0.991119;0.991670;0.991393;1.674409;0.790741;0.732961;0.744751;0.738856;621.000000;1.691584;0.709886;0.704155;0.702898;0.703526;312.000000;1.657235;0.871596;0.761767;0.786605;0.774186;621.000000;1.691584;0.709886;0.704155;0.702898;312.000000;1.657235;0.871596;0.761767;0.786605;1.080270;0.810446;0.789018;0.794101;0.791560;827.000000;1.275905;0.756168;0.765726;0.754540;0.760133;537.000000;0.884635;0.864725;0.812309;0.833663;0.822986;827.000000;1.275905;0.756168;0.765726;0.754540;537.000000;0.884635;0.864725;0.812309;0.833663;1.074523;0.815802;0.785662;0.793126;0.789394;710.000000;1.289582;0.758053;0.762072;0.751780;0.756926;498.000000;0.859465;0.873552;0.809252;0.834473;0.821862;710.000000;1.289582;0.758053;0.762072;0.751780;498.000000;0.859465;0.873552;0.809252;0.834473;1.090401;0.812416;0.789332;0.792784;0.791058;654.000000;1.273492;0.758762;0.765197;0.751622;0.758410;360.000000;0.907310;0.866071;0.813468;0.833947;0.823707;654.000000;1.273492;0.758762;0.765197;0.751622;360.000000;0.907310;0.866071;0.813468;0.833947;0.000100
15;6325.000000;6325.000000;0.039265;0.039265;0.987350;0.988168;0.987755;1.522911;0.765312;0.754562;0.758103;0.756333;621.000000;1.941416;0.685269;0.683520;0.682213;0.682866;312.000000;1.104405;0.845354;0.825604;0.833993;0.829799;621.000000;1.941416;0.685269;0.683520;0.682213;312.000000;1.104405;0.845354;0.825604;0.833993;0.962586;0.805085;0.830258;0.813275;0.821766;827.000000;1.176743;0.776942;0.769985;0.772791;0.771388;537.000000;0.748428;0.833227;0.890531;0.853758;0.872144;827.000000;1.176743;0.776942;0.769985;0.772791;537.000000;0.748428;0.833227;0.890531;0.853758;0.926260;0.806605;0.833327;0.815867;0.824597;710.000000;1.167035;0.778120;0.774236;0.775809;0.775022;498.000000;0.685485;0.835089;0.892418;0.855926;0.874172;710.000000;1.167035;0.778120;0.774236;0.775809;498.000000;0.685485;0.835089;0.892418;0.855926;0.936453;0.808025;0.836966;0.815633;0.826300;654.000000;1.090541;0.784556;0.783627;0.784074;0.783850;360.000000;0.782365;0.831494;0.890305;0.847192;0.868749;654.000000;1.090541;0.784556;0.783627;0.784074;360.000000;0.782365;0.831494;0.890305;0.847192;0.000100
16;6325.000000;6325.000000;0.034768;0.034768;0.988411;0.989433;0.988916;1.511633;0.777110;0.719031;0.730182;0.724606;621.000000;1.636139;0.697383;0.692997;0.691964;0.692481;312.000000;1.387126;0.856837;0.745066;0.768399;0.756732;621.000000;1.636139;0.697383;0.692997;0.691964;312.000000;1.387126;0.856837;0.745066;0.768399;0.907996;0.824497;0.799356;0.808206;0.803781;827.000000;1.204645;0.762596;0.770174;0.764410;0.767292;537.000000;0.611347;0.886398;0.828538;0.852003;0.840271;827.000000;1.204645;0.762596;0.770174;0.764410;537.000000;0.611347;0.886398;0.828538;0.852003;0.837776;0.835926;0.808402;0.817302;0.812852;710.000000;1.106097;0.773440;0.778972;0.772154;0.775563;498.000000;0.569455;0.898411;0.837831;0.862450;0.850140;710.000000;1.106097;0.773440;0.778972;0.772154;498.000000;0.569455;0.898411;0.837831;0.862450;0.736129;0.842929;0.828732;0.831147;0.829939;654.000000;1.009547;0.787286;0.795581;0.784674;0.790127;360.000000;0.462711;0.898573;0.861883;0.877620;0.869751;654.000000;1.009547;0.787286;0.795581;0.784674;360.000000;0.462711;0.898573;0.861883;0.877620;0.000100
17;6325.000000;6325.000000;0.042105;0.042105;0.987413;0.987755;0.987583;1.607231;0.791837;0.717280;0.729764;0.723522;621.000000;1.592602;0.698842;0.698880;0.698845;0.698862;312.000000;1.621860;0.884832;0.735680;0.760684;0.748182;621.000000;1.592602;0.698842;0.698880;0.698845;312.000000;1.621860;0.884832;0.735680;0.760684;0.873238;0.848567;0.789304;0.809165;0.799235;827.000000;0.976486;0.776931;0.775288;0.776065;0.775677;537.000000;0.769990;0.920203;0.803320;0.842265;0.822793;827.000000;0.976486;0.776931;0.775288;0.776065;537.000000;0.769990;0.920203;0.803320;0.842265;0.822409;0.855153;0.798633;0.818092;0.808363;710.000000;0.941480;0.781583;0.781583;0.781583;0.781583;498.000000;0.703337;0.928724;0.815683;0.854602;0.835142;710.000000;0.941480;0.781583;0.781583;0.781583;498.000000;0.703337;0.928724;0.815683;0.854602;0.726534;0.859592;0.819023;0.833176;0.826100;654.000000;0.859844;0.793738;0.797303;0.795189;0.796246;360.000000;0.593224;0.925445;0.840743;0.871163;0.855953;654.000000;0.859844;0.793738;0.797303;0.795189;360.000000;0.593224;0.925445;0.840743;0.871163;0.000100

EXPERIMENT: multitask_audio_mamba_2026-08-19_13-47_audio_mamba_segment_model_wsm_audio_models-e0ce-002_ca61d090
CONFIG: wsm_audio_models-e0ce-002.yaml
seed: 42
experiment_info:
  params:
    experiment_name: wsm_audio_segment_wavlm_base_l9_pool4
    run_name: multitask_audio_mamba
data:
  name: wsm_audio_segment_datamodule
  params:
    data_root: /media/maxim/Databases/WSM_NEW
    task: multitask
    feature_cache_root: /media/maxim/Databases/WSM_NEW/features
    test_filters:
    - none
    - soft
    - hard
    feature_model_name: microsoft/wavlm-base-plus
    feature_layer: 9
    temporal_pool: 4
    batch_size: 8
    num_workers: 4
    pin_memory: true
    persistent_workers: true
model:
  name: audio_mamba_segment_model
  params:
    hidden_dim: 192
    num_layers: 3
    num_heads: 4
    ff_mult: 4
    dropout: 0.2
    encoder_type: mamba
    sequence_steps: 128
    mamba_d_state: 16
    mamba_d_conv: 4
    mamba_expand: 2
    mamba_required: true
loss:
  name: wsm_audio_loss
  params:
    label_smoothing: 0.02
    focal_gamma: 1.0
    aux_weight: 0.15
optimizer:
  name: adamw_optimizer
  params:
    lr: 0.0001
    weight_decay: 0.01
train:
  params:
    epochs: 30
    device: cuda
    mixed_precision: true
    grad_clip_norm: 0.5
    log_every_steps: 25
    collect_cache: true
metrics:
- name: prf_macro_metric
callbacks:
- name: wsm_audio_metrics_callback
  params:
    splits:
    - auto
- name: checkpoint_callback
  params:
    log_path: logs
    filename_template: epoch={epoch}_{monitor}={value:.4f}.pt
    monitor: dev/mean_score
    mode: max
    save_top_k: 2
    save_last: true
- name: snapshot_callback
  params:
    log_path: logs
    include:
    - src
    save_code_zip: true
    save_config: true
- name: wsm_summary_callback
  params:
    filename: summary.txt
- name: early_stopping_callback
  params:
    monitor: dev/mean_score
    mode: max
    patience: 6
    min_delta: 0.0005
logging:
- name: console_file_logger
  params:
    log_path: logs
    log_file: train.log
    console_level: INFO
    file_level: INFO
- name: mlflow_logger
  params:
    tracking_uri: sqlite:///logs/mlflow.db
RESULTS:
epoch;train/num_samples;train/train/num_samples;train/loss;train/train/loss;train/macro_precision;train/macro_recall;train/macro_f1;dev/mean_loss;dev/mean_macro_precision;dev/mean_macro_recall;dev/mean_macro_f1;dev/mean_score;dev/depression/num_samples;dev/depression/loss;dev/depression/macro_precision;dev/depression/macro_recall;dev/depression/macro_f1;dev/depression/score;dev/parkinson/num_samples;dev/parkinson/loss;dev/parkinson/macro_precision;dev/parkinson/macro_recall;dev/parkinson/macro_f1;dev/parkinson/score;dev_depression/num_samples;dev_depression/loss;dev_depression/macro_precision;dev_depression/macro_recall;dev_depression/macro_f1;dev_parkinson/num_samples;dev_parkinson/loss;dev_parkinson/macro_precision;dev_parkinson/macro_recall;dev_parkinson/macro_f1;test_none/mean_loss;test_none/mean_macro_precision;test_none/mean_macro_recall;test_none/mean_macro_f1;test_none/mean_score;test_none/depression/num_samples;test_none/depression/loss;test_none/depression/macro_precision;test_none/depression/macro_recall;test_none/depression/macro_f1;test_none/depression/score;test_none/parkinson/num_samples;test_none/parkinson/loss;test_none/parkinson/macro_precision;test_none/parkinson/macro_recall;test_none/parkinson/macro_f1;test_none/parkinson/score;test_none_depression/num_samples;test_none_depression/loss;test_none_depression/macro_precision;test_none_depression/macro_recall;test_none_depression/macro_f1;test_none_parkinson/num_samples;test_none_parkinson/loss;test_none_parkinson/macro_precision;test_none_parkinson/macro_recall;test_none_parkinson/macro_f1;test_soft/mean_loss;test_soft/mean_macro_precision;test_soft/mean_macro_recall;test_soft/mean_macro_f1;test_soft/mean_score;test_soft/depression/num_samples;test_soft/depression/loss;test_soft/depression/macro_precision;test_soft/depression/macro_recall;test_soft/depression/macro_f1;test_soft/depression/score;test_soft/parkinson/num_samples;test_soft/parkinson/loss;test_soft/parkinson/macro_precision;test_soft/parkinson/macro_recall;test_soft/parkinson/macro_f1;test_soft/parkinson/score;test_soft_depression/num_samples;test_soft_depression/loss;test_soft_depression/macro_precision;test_soft_depression/macro_recall;test_soft_depression/macro_f1;test_soft_parkinson/num_samples;test_soft_parkinson/loss;test_soft_parkinson/macro_precision;test_soft_parkinson/macro_recall;test_soft_parkinson/macro_f1;test_hard/mean_loss;test_hard/mean_macro_precision;test_hard/mean_macro_recall;test_hard/mean_macro_f1;test_hard/mean_score;test_hard/depression/num_samples;test_hard/depression/loss;test_hard/depression/macro_precision;test_hard/depression/macro_recall;test_hard/depression/macro_f1;test_hard/depression/score;test_hard/parkinson/num_samples;test_hard/parkinson/loss;test_hard/parkinson/macro_precision;test_hard/parkinson/macro_recall;test_hard/parkinson/macro_f1;test_hard/parkinson/score;test_hard_depression/num_samples;test_hard_depression/loss;test_hard_depression/macro_precision;test_hard_depression/macro_recall;test_hard_depression/macro_f1;test_hard_parkinson/num_samples;test_hard_parkinson/loss;test_hard_parkinson/macro_precision;test_hard_parkinson/macro_recall;test_hard_parkinson/macro_f1;lr/group
1;6325.000000;6325.000000;0.342759;0.342759;0.677861;0.676907;0.677358;0.436806;0.759153;0.696040;0.700878;0.698459;621.000000;0.332068;0.737057;0.728105;0.726472;0.727288;312.000000;0.541543;0.781250;0.663975;0.675284;0.669630;621.000000;0.332068;0.737057;0.728105;0.726472;312.000000;0.541543;0.781250;0.663975;0.675284;0.362339;0.765774;0.755902;0.745611;0.750756;827.000000;0.395719;0.707081;0.704305;0.675857;0.690081;537.000000;0.328960;0.824467;0.807498;0.815365;0.811432;827.000000;0.395719;0.707081;0.704305;0.675857;537.000000;0.328960;0.824467;0.807498;0.815365;0.327943;0.779876;0.766791;0.758504;0.762647;710.000000;0.369385;0.729434;0.718357;0.694706;0.706531;498.000000;0.286501;0.830318;0.815225;0.822302;0.818763;710.000000;0.369385;0.729434;0.718357;0.694706;498.000000;0.286501;0.830318;0.815225;0.822302;0.323715;0.791513;0.788535;0.769545;0.779040;654.000000;0.361963;0.753692;0.738104;0.705206;0.721655;360.000000;0.285466;0.829334;0.838966;0.833884;0.836425;654.000000;0.361963;0.753692;0.738104;0.705206;360.000000;0.285466;0.829334;0.838966;0.833884;0.000100
2;6325.000000;6325.000000;0.260559;0.260559;0.814831;0.811511;0.813055;0.480537;0.809099;0.683970;0.678701;0.681335;621.000000;0.377104;0.767780;0.727498;0.714682;0.721090;312.000000;0.583970;0.850419;0.640442;0.642719;0.641581;621.000000;0.377104;0.767780;0.727498;0.714682;312.000000;0.583970;0.850419;0.640442;0.642719;0.284252;0.855495;0.772901;0.796217;0.784559;827.000000;0.253058;0.821524;0.769988;0.780127;0.775058;537.000000;0.315446;0.889467;0.775813;0.812307;0.794060;827.000000;0.253058;0.821524;0.769988;0.780127;537.000000;0.315446;0.889467;0.775813;0.812307;0.260356;0.867634;0.781046;0.804171;0.792609;710.000000;0.248489;0.828589;0.777758;0.784844;0.781301;498.000000;0.272223;0.906679;0.784335;0.823498;0.803916;710.000000;0.248489;0.828589;0.777758;0.784844;498.000000;0.272223;0.906679;0.784335;0.823498;0.254738;0.873941;0.804487;0.824626;0.814557;654.000000;0.239524;0.834875;0.785013;0.794390;0.789701;360.000000;0.269951;0.913007;0.823961;0.854863;0.839412;654.000000;0.239524;0.834875;0.785013;0.794390;360.000000;0.269951;0.913007;0.823961;0.854863;0.000100
3;6325.000000;6325.000000;0.231566;0.231566;0.836704;0.836080;0.836388;0.356101;0.783689;0.751089;0.758375;0.754732;621.000000;0.401306;0.747648;0.735994;0.733944;0.734969;312.000000;0.310896;0.819729;0.766184;0.782805;0.774495;621.000000;0.401306;0.747648;0.735994;0.733944;312.000000;0.310896;0.819729;0.766184;0.782805;0.322723;0.765027;0.773559;0.760415;0.766987;827.000000;0.363297;0.721919;0.726917;0.707016;0.716967;537.000000;0.282148;0.808135;0.820200;0.813814;0.817007;827.000000;0.363297;0.721919;0.726917;0.707016;537.000000;0.282148;0.808135;0.820200;0.813814;0.297187;0.779011;0.784373;0.771009;0.777691;710.000000;0.338980;0.742570;0.738130;0.719517;0.728824;498.000000;0.255394;0.815452;0.830616;0.822501;0.826559;710.000000;0.338980;0.742570;0.738130;0.719517;498.000000;0.255394;0.815452;0.830616;0.822501;0.285247;0.794200;0.806839;0.785546;0.796193;654.000000;0.320607;0.767592;0.763474;0.738429;0.750951;360.000000;0.249887;0.820808;0.850205;0.832663;0.841434;654.000000;0.320607;0.767592;0.763474;0.738429;360.000000;0.249887;0.820808;0.850205;0.832663;0.000100
4;6325.000000;6325.000000;0.202895;0.202895;0.877783;0.872545;0.874950;0.469094;0.825745;0.773134;0.785426;0.779280;621.000000;0.397309;0.775606;0.774977;0.774486;0.774732;312.000000;0.540879;0.875884;0.771291;0.796366;0.783828;621.000000;0.397309;0.775606;0.774977;0.774486;312.000000;0.540879;0.875884;0.771291;0.796366;0.347585;0.805487;0.788406;0.795945;0.792175;827.000000;0.368555;0.746623;0.745659;0.746122;0.745890;537.000000;0.326615;0.864352;0.831153;0.845769;0.838461;827.000000;0.368555;0.746623;0.745659;0.746122;537.000000;0.326615;0.864352;0.831153;0.845769;0.332455;0.808889;0.789651;0.797916;0.793783;710.000000;0.362360;0.750002;0.750779;0.750366;0.750572;498.000000;0.302550;0.867776;0.828523;0.845466;0.836994;710.000000;0.362360;0.750002;0.750779;0.750366;498.000000;0.302550;0.867776;0.828523;0.845466;0.307621;0.816039;0.808860;0.811720;0.810290;654.000000;0.330581;0.763043;0.767420;0.764555;0.765987;360.000000;0.284660;0.869035;0.850300;0.858884;0.854592;654.000000;0.330581;0.763043;0.767420;0.764555;360.000000;0.284660;0.869035;0.850300;0.858884;0.000100
5;6325.000000;6325.000000;0.173995;0.173995;0.896369;0.897634;0.896988;0.543541;0.792556;0.743751;0.755537;0.749644;621.000000;0.591265;0.714667;0.713866;0.713198;0.713532;312.000000;0.495817;0.870445;0.773637;0.797875;0.785756;621.000000;0.591265;0.714667;0.713866;0.713198;312.000000;0.495817;0.870445;0.773637;0.797875;0.391734;0.819989;0.792191;0.803139;0.797665;827.000000;0.435364;0.762661;0.745756;0.750867;0.748311;537.000000;0.348103;0.877317;0.838625;0.855411;0.847018;827.000000;0.435364;0.762661;0.745756;0.750867;537.000000;0.348103;0.877317;0.838625;0.855411;0.362944;0.825612;0.800878;0.811080;0.805979;710.000000;0.414545;0.771295;0.762376;0.765248;0.763812;498.000000;0.311343;0.879930;0.839379;0.856913;0.848146;710.000000;0.414545;0.771295;0.762376;0.765248;498.000000;0.311343;0.879930;0.839379;0.856913;0.343155;0.829888;0.818799;0.823785;0.821292;654.000000;0.381994;0.780916;0.775466;0.777681;0.776573;360.000000;0.304317;0.878859;0.862132;0.869890;0.866011;654.000000;0.381994;0.780916;0.775466;0.777681;360.000000;0.304317;0.878859;0.862132;0.869890;0.000100
6;6325.000000;6325.000000;0.152005;0.152005;0.926177;0.924144;0.925132;0.796728;0.803229;0.726103;0.736561;0.731332;621.000000;0.707841;0.718209;0.707003;0.701947;0.704475;312.000000;0.885614;0.888249;0.745204;0.771174;0.758189;621.000000;0.707841;0.718209;0.707003;0.701947;312.000000;0.885614;0.888249;0.745204;0.771174;0.468817;0.839320;0.786688;0.805235;0.795962;827.000000;0.511278;0.768432;0.744931;0.751110;0.748020;537.000000;0.426355;0.910209;0.828445;0.859361;0.843903;827.000000;0.511278;0.768432;0.744931;0.751110;537.000000;0.426355;0.910209;0.828445;0.859361;0.448279;0.846325;0.799712;0.816737;0.808225;710.000000;0.496724;0.776260;0.760372;0.764411;0.762392;498.000000;0.399834;0.916390;0.839052;0.869063;0.854058;710.000000;0.496724;0.776260;0.760372;0.764411;498.000000;0.399834;0.916390;0.839052;0.869063;0.420892;0.853511;0.822256;0.834675;0.828466;654.000000;0.457075;0.786488;0.774908;0.778857;0.776882;360.000000;0.384710;0.920534;0.869605;0.890493;0.880049;654.000000;0.457075;0.786488;0.774908;0.778857;360.000000;0.384710;0.920534;0.869605;0.890493;0.000100
7;6325.000000;6325.000000;0.139573;0.139573;0.933740;0.932245;0.932977;0.852525;0.791275;0.730826;0.739518;0.735172;621.000000;0.913908;0.726555;0.704715;0.698961;0.701838;312.000000;0.791143;0.855995;0.756936;0.780075;0.768506;621.000000;0.913908;0.726555;0.704715;0.698961;312.000000;0.791143;0.855995;0.756936;0.780075;0.543347;0.828195;0.811882;0.809840;0.810861;827.000000;0.690831;0.773504;0.780142;0.759010;0.769576;537.000000;0.395863;0.882885;0.843622;0.860669;0.852146;827.000000;0.690831;0.773504;0.780142;0.759010;537.000000;0.395863;0.882885;0.843622;0.860669;0.522843;0.836244;0.813023;0.812219;0.812621;710.000000;0.702226;0.786482;0.781239;0.761801;0.771520;498.000000;0.343461;0.886006;0.844807;0.862636;0.853722;710.000000;0.702226;0.786482;0.781239;0.761801;498.000000;0.343461;0.886006;0.844807;0.862636;0.508687;0.840548;0.832087;0.823425;0.827756;654.000000;0.693784;0.792516;0.790210;0.766028;0.778119;360.000000;0.323590;0.888580;0.873963;0.880823;0.877393;654.000000;0.693784;0.792516;0.790210;0.766028;360.000000;0.323590;0.888580;0.873963;0.880823;0.000100
8;6325.000000;6325.000000;0.112899;0.112899;0.952194;0.948542;0.950285;0.905862;0.803756;0.716923;0.728153;0.722538;621.000000;0.819078;0.719871;0.719561;0.719597;0.719579;312.000000;0.992646;0.887640;0.714286;0.736709;0.725497;621.000000;0.819078;0.719871;0.719561;0.719597;312.000000;0.992646;0.887640;0.714286;0.736709;0.582102;0.825332;0.745880;0.762055;0.753967;827.000000;0.617423;0.767950;0.776144;0.769657;0.772900;537.000000;0.546781;0.882713;0.715616;0.754452;0.735034;827.000000;0.617423;0.767950;0.776144;0.769657;537.000000;0.546781;0.882713;0.715616;0.754452;0.569032;0.831616;0.749531;0.766232;0.757881;710.000000;0.607486;0.773440;0.778972;0.772154;0.775563;498.000000;0.530579;0.889792;0.720091;0.760309;0.740200;710.000000;0.607486;0.773440;0.778972;0.772154;498.000000;0.530579;0.889792;0.720091;0.760309;0.548118;0.836208;0.765388;0.778056;0.771722;654.000000;0.557991;0.785678;0.793993;0.784352;0.789172;360.000000;0.538244;0.886738;0.736783;0.771761;0.754272;654.000000;0.557991;0.785678;0.793993;0.784352;360.000000;0.538244;0.886738;0.736783;0.771761;0.000100
9;6325.000000;6325.000000;0.108941;0.108941;0.954669;0.955306;0.954985;1.087569;0.790874;0.705474;0.708857;0.707166;621.000000;1.213799;0.701098;0.663399;0.644653;0.654026;312.000000;0.961339;0.880651;0.747550;0.773060;0.760305;621.000000;1.213799;0.701098;0.663399;0.644653;312.000000;0.961339;0.880651;0.747550;0.773060;0.625187;0.842235;0.785616;0.799900;0.792758;827.000000;0.770224;0.791432;0.727657;0.735425;0.731541;537.000000;0.480150;0.893038;0.843576;0.864376;0.853976;827.000000;0.770224;0.791432;0.727657;0.735425;537.000000;0.480150;0.893038;0.843576;0.864376;0.578554;0.850362;0.795851;0.808856;0.802354;710.000000;0.748075;0.801691;0.742906;0.747717;0.745312;498.000000;0.409032;0.899032;0.848797;0.869996;0.859396;710.000000;0.748075;0.801691;0.742906;0.747717;498.000000;0.409032;0.899032;0.848797;0.869996;0.568059;0.851616;0.807370;0.817986;0.812678;654.000000;0.700577;0.807465;0.749836;0.757521;0.753679;360.000000;0.435542;0.895767;0.864903;0.878451;0.871677;654.000000;0.700577;0.807465;0.749836;0.757521;360.000000;0.435542;0.895767;0.864903;0.878451;0.000100
10;6325.000000;6325.000000;0.095672;0.095672;0.965121;0.963924;0.964513;0.847501;0.786895;0.766920;0.774274;0.770597;621.000000;1.027226;0.704115;0.703268;0.703223;0.703245;312.000000;0.667775;0.869675;0.830573;0.845326;0.837949;621.000000;1.027226;0.704115;0.703268;0.703223;312.000000;0.667775;0.869675;0.830573;0.845326;0.646858;0.790254;0.796404;0.793021;0.794712;827.000000;0.758045;0.754667;0.758901;0.756311;0.757606;537.000000;0.535670;0.825842;0.833907;0.829730;0.831819;827.000000;0.758045;0.754667;0.758901;0.756311;537.000000;0.535670;0.825842;0.833907;0.829730;0.611159;0.799519;0.807846;0.802942;0.805394;710.000000;0.712184;0.772638;0.776988;0.773664;0.775326;498.000000;0.510134;0.826401;0.838703;0.832220;0.835462;710.000000;0.712184;0.772638;0.776988;0.773664;498.000000;0.510134;0.826401;0.838703;0.832220;0.548637;0.820136;0.833715;0.825216;0.829466;654.000000;0.651258;0.789517;0.796832;0.790827;0.793829;360.000000;0.446016;0.850754;0.870599;0.859605;0.865102;654.000000;0.651258;0.789517;0.796832;0.790827;360.000000;0.446016;0.850754;0.870599;0.859605;0.000100

EXPERIMENT: multitask_audio_mamba_2026-08-19_13-54_audio_mamba_segment_model_wsm_audio_models-e0ce-003_b6227ff4
CONFIG: wsm_audio_models-e0ce-003.yaml
seed: 42
experiment_info:
  params:
    experiment_name: wsm_audio_segment_wavlm_base_l9_pool4
    run_name: multitask_audio_mamba
data:
  name: wsm_audio_segment_datamodule
  params:
    data_root: /media/maxim/Databases/WSM_NEW
    task: multitask
    feature_cache_root: /media/maxim/Databases/WSM_NEW/features
    test_filters:
    - none
    - soft
    - hard
    feature_model_name: microsoft/wavlm-base-plus
    feature_layer: 9
    temporal_pool: 4
    batch_size: 8
    num_workers: 4
    pin_memory: true
    persistent_workers: true
model:
  name: audio_mamba_segment_model
  params:
    hidden_dim: 256
    num_layers: 2
    num_heads: 4
    ff_mult: 4
    dropout: 0.25
    encoder_type: mamba
    sequence_steps: 128
    mamba_d_state: 16
    mamba_d_conv: 4
    mamba_expand: 2
    mamba_required: true
loss:
  name: wsm_audio_loss
  params:
    label_smoothing: 0.02
    focal_gamma: 1.0
    aux_weight: 0.1
optimizer:
  name: adamw_optimizer
  params:
    lr: 0.0001
    weight_decay: 0.01
train:
  params:
    epochs: 30
    device: cuda
    mixed_precision: true
    grad_clip_norm: 0.5
    log_every_steps: 25
    collect_cache: true
metrics:
- name: prf_macro_metric
callbacks:
- name: wsm_audio_metrics_callback
  params:
    splits:
    - auto
- name: checkpoint_callback
  params:
    log_path: logs
    filename_template: epoch={epoch}_{monitor}={value:.4f}.pt
    monitor: dev/mean_score
    mode: max
    save_top_k: 2
    save_last: true
- name: snapshot_callback
  params:
    log_path: logs
    include:
    - src
    save_code_zip: true
    save_config: true
- name: wsm_summary_callback
  params:
    filename: summary.txt
- name: early_stopping_callback
  params:
    monitor: dev/mean_score
    mode: max
    patience: 6
    min_delta: 0.0005
logging:
- name: console_file_logger
  params:
    log_path: logs
    log_file: train.log
    console_level: INFO
    file_level: INFO
- name: mlflow_logger
  params:
    tracking_uri: sqlite:///logs/mlflow.db
RESULTS:
epoch;train/num_samples;train/train/num_samples;train/loss;train/train/loss;train/macro_precision;train/macro_recall;train/macro_f1;dev/mean_loss;dev/mean_macro_precision;dev/mean_macro_recall;dev/mean_macro_f1;dev/mean_score;dev/depression/num_samples;dev/depression/loss;dev/depression/macro_precision;dev/depression/macro_recall;dev/depression/macro_f1;dev/depression/score;dev/parkinson/num_samples;dev/parkinson/loss;dev/parkinson/macro_precision;dev/parkinson/macro_recall;dev/parkinson/macro_f1;dev/parkinson/score;dev_depression/num_samples;dev_depression/loss;dev_depression/macro_precision;dev_depression/macro_recall;dev_depression/macro_f1;dev_parkinson/num_samples;dev_parkinson/loss;dev_parkinson/macro_precision;dev_parkinson/macro_recall;dev_parkinson/macro_f1;test_none/mean_loss;test_none/mean_macro_precision;test_none/mean_macro_recall;test_none/mean_macro_f1;test_none/mean_score;test_none/depression/num_samples;test_none/depression/loss;test_none/depression/macro_precision;test_none/depression/macro_recall;test_none/depression/macro_f1;test_none/depression/score;test_none/parkinson/num_samples;test_none/parkinson/loss;test_none/parkinson/macro_precision;test_none/parkinson/macro_recall;test_none/parkinson/macro_f1;test_none/parkinson/score;test_none_depression/num_samples;test_none_depression/loss;test_none_depression/macro_precision;test_none_depression/macro_recall;test_none_depression/macro_f1;test_none_parkinson/num_samples;test_none_parkinson/loss;test_none_parkinson/macro_precision;test_none_parkinson/macro_recall;test_none_parkinson/macro_f1;test_soft/mean_loss;test_soft/mean_macro_precision;test_soft/mean_macro_recall;test_soft/mean_macro_f1;test_soft/mean_score;test_soft/depression/num_samples;test_soft/depression/loss;test_soft/depression/macro_precision;test_soft/depression/macro_recall;test_soft/depression/macro_f1;test_soft/depression/score;test_soft/parkinson/num_samples;test_soft/parkinson/loss;test_soft/parkinson/macro_precision;test_soft/parkinson/macro_recall;test_soft/parkinson/macro_f1;test_soft/parkinson/score;test_soft_depression/num_samples;test_soft_depression/loss;test_soft_depression/macro_precision;test_soft_depression/macro_recall;test_soft_depression/macro_f1;test_soft_parkinson/num_samples;test_soft_parkinson/loss;test_soft_parkinson/macro_precision;test_soft_parkinson/macro_recall;test_soft_parkinson/macro_f1;test_hard/mean_loss;test_hard/mean_macro_precision;test_hard/mean_macro_recall;test_hard/mean_macro_f1;test_hard/mean_score;test_hard/depression/num_samples;test_hard/depression/loss;test_hard/depression/macro_precision;test_hard/depression/macro_recall;test_hard/depression/macro_f1;test_hard/depression/score;test_hard/parkinson/num_samples;test_hard/parkinson/loss;test_hard/parkinson/macro_precision;test_hard/parkinson/macro_recall;test_hard/parkinson/macro_f1;test_hard/parkinson/score;test_hard_depression/num_samples;test_hard_depression/loss;test_hard_depression/macro_precision;test_hard_depression/macro_recall;test_hard_depression/macro_f1;test_hard_parkinson/num_samples;test_hard_parkinson/loss;test_hard_parkinson/macro_precision;test_hard_parkinson/macro_recall;test_hard_parkinson/macro_f1;lr/group
1;6325.000000;6325.000000;0.329940;0.329940;0.672742;0.676961;0.674100;0.325848;0.766249;0.745512;0.750211;0.747861;621.000000;0.325329;0.754421;0.744164;0.742575;0.743370;312.000000;0.326367;0.778077;0.746860;0.757846;0.752353;621.000000;0.325329;0.754421;0.744164;0.742575;312.000000;0.326367;0.778077;0.746860;0.757846;0.328947;0.728493;0.752636;0.727896;0.740266;827.000000;0.340869;0.718602;0.723392;0.703409;0.713400;537.000000;0.317026;0.738385;0.781880;0.752383;0.767132;827.000000;0.340869;0.718602;0.723392;0.703409;537.000000;0.317026;0.738385;0.781880;0.752383;0.289368;0.751528;0.774452;0.750517;0.762485;710.000000;0.301577;0.756504;0.755414;0.739424;0.747419;498.000000;0.277160;0.746553;0.793491;0.761611;0.777551;710.000000;0.301577;0.756504;0.755414;0.739424;498.000000;0.277160;0.746553;0.793491;0.761611;0.304312;0.756812;0.781794;0.751056;0.766425;654.000000;0.290989;0.769935;0.771299;0.750750;0.761024;360.000000;0.317636;0.743689;0.792289;0.751362;0.771826;654.000000;0.290989;0.769935;0.771299;0.750750;360.000000;0.317636;0.743689;0.792289;0.751362;0.000100
2;6325.000000;6325.000000;0.249680;0.249680;0.816654;0.818513;0.817541;0.306296;0.768484;0.746702;0.753474;0.750088;621.000000;0.313838;0.738989;0.736881;0.736731;0.736806;312.000000;0.298754;0.797980;0.756522;0.770217;0.763369;621.000000;0.313838;0.738989;0.736881;0.736731;312.000000;0.298754;0.797980;0.756522;0.770217;0.234555;0.798995;0.810368;0.799888;0.805128;827.000000;0.273379;0.761004;0.770553;0.756564;0.763558;537.000000;0.195731;0.836987;0.850182;0.843212;0.846697;827.000000;0.273379;0.761004;0.770553;0.756564;537.000000;0.195731;0.836987;0.850182;0.843212;0.227038;0.808062;0.816909;0.805309;0.811109;710.000000;0.271751;0.769597;0.770633;0.756326;0.763480;498.000000;0.182325;0.846527;0.863185;0.854292;0.858738;710.000000;0.271751;0.769597;0.770633;0.756326;498.000000;0.182325;0.846527;0.863185;0.854292;0.245435;0.805637;0.814106;0.801154;0.807630;654.000000;0.262082;0.782571;0.786226;0.767478;0.776852;360.000000;0.228787;0.828704;0.841986;0.834830;0.838408;654.000000;0.262082;0.782571;0.786226;0.767478;360.000000;0.228787;0.828704;0.841986;0.834830;0.000100
3;6325.000000;6325.000000;0.215173;0.215173;0.851167;0.852809;0.851960;0.470913;0.760747;0.731242;0.740027;0.735634;621.000000;0.530309;0.698877;0.698646;0.698673;0.698659;312.000000;0.411516;0.822616;0.763837;0.781381;0.772609;621.000000;0.530309;0.698877;0.698646;0.698673;312.000000;0.411516;0.822616;0.763837;0.781381;0.292701;0.803001;0.792282;0.797213;0.794748;827.000000;0.324759;0.778351;0.775828;0.776988;0.776408;537.000000;0.260643;0.827652;0.808736;0.817439;0.813087;827.000000;0.324759;0.778351;0.775828;0.776988;537.000000;0.260643;0.827652;0.808736;0.817439;0.259956;0.814892;0.808500;0.811507;0.810003;710.000000;0.294472;0.791562;0.792249;0.791890;0.792069;498.000000;0.225440;0.838222;0.824751;0.831124;0.827938;710.000000;0.294472;0.791562;0.792249;0.791890;498.000000;0.225440;0.838222;0.824751;0.831124;0.253025;0.821792;0.829425;0.825272;0.827349;654.000000;0.267208;0.804606;0.808054;0.806042;0.807048;360.000000;0.238843;0.838979;0.850797;0.844501;0.847649;654.000000;0.267208;0.804606;0.808054;0.806042;360.000000;0.238843;0.838979;0.850797;0.844501;0.000100
4;6325.000000;6325.000000;0.188624;0.188624;0.883122;0.882523;0.882820;0.604889;0.755373;0.668057;0.667257;0.667657;621.000000;0.672431;0.695331;0.655369;0.638930;0.647149;312.000000;0.537347;0.815415;0.680745;0.695584;0.688165;621.000000;0.672431;0.695331;0.655369;0.638930;312.000000;0.537347;0.815415;0.680745;0.695584;0.407939;0.826091;0.780962;0.775339;0.778151;827.000000;0.532111;0.757525;0.740951;0.701404;0.721177;537.000000;0.283767;0.894657;0.820973;0.849275;0.835124;827.000000;0.532111;0.757525;0.740951;0.701404;537.000000;0.283767;0.894657;0.820973;0.849275;0.384366;0.836884;0.782097;0.780040;0.781069;710.000000;0.524156;0.765636;0.734669;0.700422;0.717546;498.000000;0.244575;0.908132;0.829526;0.859659;0.844592;710.000000;0.524156;0.765636;0.734669;0.700422;498.000000;0.244575;0.908132;0.829526;0.859659;0.402284;0.832941;0.788582;0.781732;0.785157;654.000000;0.517355;0.763944;0.739192;0.701012;0.720102;360.000000;0.287213;0.901937;0.837972;0.862452;0.850212;654.000000;0.517355;0.763944;0.739192;0.701012;360.000000;0.287213;0.901937;0.837972;0.862452;0.000100
5;6325.000000;6325.000000;0.174581;0.174581;0.894048;0.893937;0.893992;0.501786;0.803130;0.778645;0.786674;0.782659;621.000000;0.463039;0.755518;0.752941;0.752792;0.752867;312.000000;0.540532;0.850742;0.804348;0.820556;0.812452;621.000000;0.463039;0.755518;0.752941;0.752792;312.000000;0.540532;0.850742;0.804348;0.820556;0.349008;0.822434;0.835616;0.824856;0.830236;827.000000;0.354633;0.796232;0.807296;0.793906;0.800601;537.000000;0.343384;0.848636;0.863936;0.855806;0.859871;827.000000;0.354633;0.796232;0.807296;0.793906;537.000000;0.343384;0.848636;0.863936;0.855806;0.329400;0.822440;0.829615;0.821841;0.825728;710.000000;0.362534;0.791399;0.796155;0.785582;0.790868;498.000000;0.296266;0.853482;0.863076;0.858099;0.860587;710.000000;0.362534;0.791399;0.796155;0.785582;498.000000;0.296266;0.853482;0.863076;0.858099;0.333546;0.820092;0.834632;0.821717;0.828174;654.000000;0.357869;0.792979;0.800595;0.786779;0.793687;360.000000;0.309223;0.847206;0.868669;0.856655;0.862662;654.000000;0.357869;0.792979;0.800595;0.786779;360.000000;0.309223;0.847206;0.868669;0.856655;0.000100
6;6325.000000;6325.000000;0.156503;0.156503;0.922965;0.921445;0.922189;0.744112;0.762063;0.725400;0.733321;0.729361;621.000000;0.737731;0.698368;0.689309;0.686726;0.688018;312.000000;0.750493;0.825758;0.761491;0.779916;0.770704;621.000000;0.737731;0.698368;0.689309;0.686726;312.000000;0.750493;0.825758;0.761491;0.779916;0.403790;0.822690;0.821161;0.817769;0.819465;827.000000;0.422384;0.801069;0.812313;0.798784;0.805549;537.000000;0.385196;0.844311;0.830008;0.836753;0.833381;827.000000;0.422384;0.801069;0.812313;0.798784;537.000000;0.385196;0.844311;0.830008;0.836753;0.380689;0.830829;0.822539;0.821022;0.821780;710.000000;0.423640;0.807083;0.810909;0.798447;0.804678;498.000000;0.337738;0.854575;0.834169;0.843596;0.838883;710.000000;0.423640;0.807083;0.810909;0.798447;498.000000;0.337738;0.854575;0.834169;0.843596;0.377198;0.836672;0.843480;0.833909;0.838695;654.000000;0.421514;0.809462;0.816610;0.800804;0.808707;360.000000;0.332882;0.863882;0.870351;0.867014;0.868682;654.000000;0.421514;0.809462;0.816610;0.800804;360.000000;0.332882;0.863882;0.870351;0.867014;0.000100
7;6325.000000;6325.000000;0.123697;0.123697;0.940653;0.940026;0.940337;0.908612;0.771360;0.734071;0.744099;0.739085;621.000000;1.035997;0.707124;0.706583;0.706589;0.706586;312.000000;0.781226;0.835596;0.761560;0.781610;0.771585;621.000000;1.035997;0.707124;0.706583;0.706589;312.000000;0.781226;0.835596;0.761560;0.781610;0.572248;0.807419;0.811587;0.808886;0.810236;827.000000;0.683631;0.772702;0.779320;0.774782;0.777051;537.000000;0.460865;0.842135;0.843855;0.842989;0.843422;827.000000;0.683631;0.772702;0.779320;0.774782;537.000000;0.460865;0.842135;0.843855;0.842989;0.571125;0.806102;0.806390;0.805532;0.805961;710.000000;0.713469;0.763065;0.767537;0.763902;0.765720;498.000000;0.428780;0.849140;0.845243;0.847162;0.846203;710.000000;0.713469;0.763065;0.767537;0.763902;498.000000;0.428780;0.849140;0.845243;0.847162;0.559868;0.809984;0.820553;0.813724;0.817139;654.000000;0.683003;0.771423;0.778478;0.772394;0.775436;360.000000;0.436733;0.848545;0.862629;0.855055;0.858842;654.000000;0.683003;0.771423;0.778478;0.772394;360.000000;0.436733;0.848545;0.862629;0.855055;0.000100
8;6325.000000;6325.000000;0.109818;0.109818;0.949900;0.950468;0.950182;0.777470;0.750469;0.744700;0.746136;0.745418;621.000000;1.084524;0.652542;0.649580;0.648463;0.649022;312.000000;0.470416;0.848396;0.839821;0.843809;0.841815;621.000000;1.084524;0.652542;0.649580;0.648463;312.000000;0.470416;0.848396;0.839821;0.843809;0.534259;0.789401;0.822341;0.799957;0.811149;827.000000;0.576911;0.780388;0.787799;0.782527;0.785163;537.000000;0.491607;0.798413;0.856882;0.817388;0.837135;827.000000;0.576911;0.780388;0.787799;0.782527;537.000000;0.491607;0.798413;0.856882;0.817388;0.503637;0.793958;0.825808;0.804299;0.815053;710.000000;0.568769;0.784152;0.788889;0.785176;0.787032;498.000000;0.438504;0.803764;0.862727;0.823422;0.843074;710.000000;0.568769;0.784152;0.788889;0.785176;498.000000;0.438504;0.803764;0.862727;0.823422;0.527237;0.795324;0.826990;0.802462;0.814726;654.000000;0.534943;0.792037;0.798920;0.793625;0.796272;360.000000;0.519531;0.798611;0.855059;0.811300;0.833180;654.000000;0.534943;0.792037;0.798920;0.793625;360.000000;0.519531;0.798611;0.855059;0.811300;0.000100
9;6325.000000;6325.000000;0.101184;0.101184;0.954953;0.954953;0.954953;1.062105;0.758280;0.718175;0.728165;0.723170;621.000000;1.099348;0.689146;0.689076;0.689095;0.689085;312.000000;1.024862;0.827414;0.747274;0.767236;0.757255;621.000000;1.099348;0.689146;0.689076;0.689095;312.000000;1.024862;0.827414;0.747274;0.767236;0.631694;0.821197;0.803689;0.811220;0.807454;827.000000;0.668387;0.792918;0.793739;0.793317;0.793528;537.000000;0.595002;0.849477;0.813640;0.829122;0.821381;827.000000;0.668387;0.792918;0.793739;0.793317;537.000000;0.595002;0.849477;0.813640;0.829122;0.591979;0.825009;0.806597;0.814470;0.810533;710.000000;0.666156;0.794395;0.795527;0.794920;0.795224;498.000000;0.517803;0.855623;0.817667;0.834019;0.825843;710.000000;0.666156;0.794395;0.795527;0.794920;498.000000;0.517803;0.855623;0.817667;0.834019;0.568934;0.828788;0.821377;0.824579;0.822978;654.000000;0.625374;0.803039;0.806215;0.804386;0.805301;360.000000;0.512494;0.854537;0.836538;0.844773;0.840655;654.000000;0.625374;0.803039;0.806215;0.804386;360.000000;0.512494;0.854537;0.836538;0.844773;0.000100
10;6325.000000;6325.000000;0.068044;0.068044;0.970021;0.971839;0.970909;1.281341;0.753453;0.716990;0.722061;0.719526;621.000000;1.599536;0.664021;0.651027;0.642568;0.646798;312.000000;0.963146;0.842886;0.782954;0.801554;0.792254;621.000000;1.599536;0.664021;0.651027;0.642568;312.000000;0.963146;0.842886;0.782954;0.801554;0.809603;0.810477;0.780995;0.789341;0.785168;827.000000;0.999760;0.777393;0.738263;0.745816;0.742040;537.000000;0.619446;0.843561;0.823727;0.832866;0.828297;827.000000;0.999760;0.777393;0.738263;0.745816;537.000000;0.619446;0.843561;0.823727;0.832866;0.801316;0.813842;0.784601;0.792546;0.788574;710.000000;1.023046;0.777332;0.743230;0.748051;0.745641;498.000000;0.579586;0.850351;0.825972;0.837042;0.831507;710.000000;1.023046;0.777332;0.743230;0.748051;498.000000;0.579586;0.850351;0.825972;0.837042;0.732366;0.823692;0.807929;0.810782;0.809356;654.000000;0.959671;0.789085;0.755409;0.762201;0.758805;360.000000;0.505061;0.858299;0.860450;0.859363;0.859906;654.000000;0.959671;0.789085;0.755409;0.762201;360.000000;0.505061;0.858299;0.860450;0.859363;0.000100
11;6325.000000;6325.000000;0.068077;0.068077;0.975054;0.975983;0.975513;1.215449;0.784098;0.727354;0.736211;0.731782;621.000000;1.048313;0.722146;0.704949;0.700493;0.702721;312.000000;1.382584;0.846051;0.749758;0.771930;0.760844;621.000000;1.048313;0.722146;0.704949;0.700493;312.000000;1.382584;0.846051;0.749758;0.771930;0.756660;0.806081;0.780326;0.783015;0.781671;827.000000;0.724096;0.776903;0.785891;0.768197;0.777044;537.000000;0.789225;0.835260;0.774762;0.797833;0.786297;827.000000;0.724096;0.776903;0.785891;0.768197;537.000000;0.789225;0.835260;0.774762;0.797833;0.714576;0.819089;0.786291;0.791773;0.789032;710.000000;0.658566;0.799452;0.801437;0.787290;0.794363;498.000000;0.770585;0.838725;0.771146;0.796255;0.783701;710.000000;0.658566;0.799452;0.801437;0.787290;498.000000;0.770585;0.838725;0.771146;0.796255;0.667475;0.823651;0.804793;0.804777;0.804785;654.000000;0.615726;0.807814;0.813742;0.796384;0.805063;360.000000;0.719224;0.839489;0.795845;0.813170;0.804507;654.000000;0.615726;0.807814;0.813742;0.796384;360.000000;0.719224;0.839489;0.795845;0.813170;0.000100

EXPERIMENT: multitask_audio_mamba_2026-08-19_14-01_audio_mamba_segment_model_wsm_audio_models-e0ce-004_be76524b
CONFIG: wsm_audio_models-e0ce-004.yaml
seed: 42
experiment_info:
  params:
    experiment_name: wsm_audio_segment_wavlm_base_l9_pool4
    run_name: multitask_audio_mamba
data:
  name: wsm_audio_segment_datamodule
  params:
    data_root: /media/maxim/Databases/WSM_NEW
    task: multitask
    feature_cache_root: /media/maxim/Databases/WSM_NEW/features
    test_filters:
    - none
    - soft
    - hard
    feature_model_name: microsoft/wavlm-base-plus
    feature_layer: 9
    temporal_pool: 4
    batch_size: 8
    num_workers: 4
    pin_memory: true
    persistent_workers: true
model:
  name: audio_mamba_segment_model
  params:
    hidden_dim: 256
    num_layers: 3
    num_heads: 4
    ff_mult: 4
    dropout: 0.25
    encoder_type: mamba
    sequence_steps: 160
    mamba_d_state: 16
    mamba_d_conv: 4
    mamba_expand: 2
    mamba_required: true
loss:
  name: wsm_audio_loss
  params:
    label_smoothing: 0.02
    focal_gamma: 1.0
    aux_weight: 0.1
optimizer:
  name: adamw_optimizer
  params:
    lr: 0.0001
    weight_decay: 0.01
train:
  params:
    epochs: 30
    device: cuda
    mixed_precision: true
    grad_clip_norm: 0.5
    log_every_steps: 25
    collect_cache: true
metrics:
- name: prf_macro_metric
callbacks:
- name: wsm_audio_metrics_callback
  params:
    splits:
    - auto
- name: checkpoint_callback
  params:
    log_path: logs
    filename_template: epoch={epoch}_{monitor}={value:.4f}.pt
    monitor: dev/mean_score
    mode: max
    save_top_k: 2
    save_last: true
- name: snapshot_callback
  params:
    log_path: logs
    include:
    - src
    save_code_zip: true
    save_config: true
- name: wsm_summary_callback
  params:
    filename: summary.txt
- name: early_stopping_callback
  params:
    monitor: dev/mean_score
    mode: max
    patience: 6
    min_delta: 0.0005
logging:
- name: console_file_logger
  params:
    log_path: logs
    log_file: train.log
    console_level: INFO
    file_level: INFO
- name: mlflow_logger
  params:
    tracking_uri: sqlite:///logs/mlflow.db
RESULTS:
epoch;train/num_samples;train/train/num_samples;train/loss;train/train/loss;train/macro_precision;train/macro_recall;train/macro_f1;dev/mean_loss;dev/mean_macro_precision;dev/mean_macro_recall;dev/mean_macro_f1;dev/mean_score;dev/depression/num_samples;dev/depression/loss;dev/depression/macro_precision;dev/depression/macro_recall;dev/depression/macro_f1;dev/depression/score;dev/parkinson/num_samples;dev/parkinson/loss;dev/parkinson/macro_precision;dev/parkinson/macro_recall;dev/parkinson/macro_f1;dev/parkinson/score;dev_depression/num_samples;dev_depression/loss;dev_depression/macro_precision;dev_depression/macro_recall;dev_depression/macro_f1;dev_parkinson/num_samples;dev_parkinson/loss;dev_parkinson/macro_precision;dev_parkinson/macro_recall;dev_parkinson/macro_f1;test_none/mean_loss;test_none/mean_macro_precision;test_none/mean_macro_recall;test_none/mean_macro_f1;test_none/mean_score;test_none/depression/num_samples;test_none/depression/loss;test_none/depression/macro_precision;test_none/depression/macro_recall;test_none/depression/macro_f1;test_none/depression/score;test_none/parkinson/num_samples;test_none/parkinson/loss;test_none/parkinson/macro_precision;test_none/parkinson/macro_recall;test_none/parkinson/macro_f1;test_none/parkinson/score;test_none_depression/num_samples;test_none_depression/loss;test_none_depression/macro_precision;test_none_depression/macro_recall;test_none_depression/macro_f1;test_none_parkinson/num_samples;test_none_parkinson/loss;test_none_parkinson/macro_precision;test_none_parkinson/macro_recall;test_none_parkinson/macro_f1;test_soft/mean_loss;test_soft/mean_macro_precision;test_soft/mean_macro_recall;test_soft/mean_macro_f1;test_soft/mean_score;test_soft/depression/num_samples;test_soft/depression/loss;test_soft/depression/macro_precision;test_soft/depression/macro_recall;test_soft/depression/macro_f1;test_soft/depression/score;test_soft/parkinson/num_samples;test_soft/parkinson/loss;test_soft/parkinson/macro_precision;test_soft/parkinson/macro_recall;test_soft/parkinson/macro_f1;test_soft/parkinson/score;test_soft_depression/num_samples;test_soft_depression/loss;test_soft_depression/macro_precision;test_soft_depression/macro_recall;test_soft_depression/macro_f1;test_soft_parkinson/num_samples;test_soft_parkinson/loss;test_soft_parkinson/macro_precision;test_soft_parkinson/macro_recall;test_soft_parkinson/macro_f1;test_hard/mean_loss;test_hard/mean_macro_precision;test_hard/mean_macro_recall;test_hard/mean_macro_f1;test_hard/mean_score;test_hard/depression/num_samples;test_hard/depression/loss;test_hard/depression/macro_precision;test_hard/depression/macro_recall;test_hard/depression/macro_f1;test_hard/depression/score;test_hard/parkinson/num_samples;test_hard/parkinson/loss;test_hard/parkinson/macro_precision;test_hard/parkinson/macro_recall;test_hard/parkinson/macro_f1;test_hard/parkinson/score;test_hard_depression/num_samples;test_hard_depression/loss;test_hard_depression/macro_precision;test_hard_depression/macro_recall;test_hard_depression/macro_f1;test_hard_parkinson/num_samples;test_hard_parkinson/loss;test_hard_parkinson/macro_precision;test_hard_parkinson/macro_recall;test_hard_parkinson/macro_f1;lr/group
1;6325.000000;6325.000000;0.346410;0.346410;0.647685;0.651174;0.648764;0.352859;0.746173;0.734893;0.736342;0.735617;621.000000;0.294355;0.738874;0.727965;0.725885;0.726925;312.000000;0.411363;0.753472;0.741822;0.746798;0.744310;621.000000;0.294355;0.738874;0.727965;0.725885;312.000000;0.411363;0.753472;0.741822;0.746798;0.285013;0.759596;0.783882;0.753119;0.768500;827.000000;0.304634;0.730530;0.728440;0.700085;0.714263;537.000000;0.265391;0.788662;0.839323;0.806153;0.822738;827.000000;0.304634;0.730530;0.728440;0.700085;537.000000;0.265391;0.788662;0.839323;0.806153;0.254167;0.776625;0.798619;0.770141;0.784380;710.000000;0.289004;0.754877;0.745477;0.723309;0.734393;498.000000;0.219329;0.798373;0.851761;0.816974;0.834368;710.000000;0.289004;0.754877;0.745477;0.723309;498.000000;0.219329;0.798373;0.851761;0.816974;0.290523;0.758808;0.778375;0.749328;0.763852;654.000000;0.286992;0.755055;0.750106;0.724606;0.737356;360.000000;0.294054;0.762561;0.806644;0.774051;0.790347;654.000000;0.286992;0.755055;0.750106;0.724606;360.000000;0.294054;0.762561;0.806644;0.774051;0.000100
2;6325.000000;6325.000000;0.254454;0.254454;0.803787;0.804548;0.804160;0.394866;0.783618;0.764804;0.765442;0.765123;621.000000;0.438151;0.738532;0.716013;0.710695;0.713354;312.000000;0.351581;0.828704;0.813596;0.820190;0.816893;621.000000;0.438151;0.738532;0.716013;0.710695;312.000000;0.351581;0.828704;0.813596;0.820190;0.397040;0.764819;0.778108;0.751905;0.765006;827.000000;0.499840;0.749888;0.743302;0.710760;0.727031;537.000000;0.294239;0.779749;0.812914;0.793049;0.802982;827.000000;0.499840;0.749888;0.743302;0.710760;537.000000;0.294239;0.779749;0.812914;0.793049;0.384718;0.776333;0.783610;0.757499;0.770555;710.000000;0.504364;0.765485;0.742927;0.713162;0.728044;498.000000;0.265073;0.787181;0.824294;0.801837;0.813065;710.000000;0.504364;0.765485;0.742927;0.713162;498.000000;0.265073;0.787181;0.824294;0.801837;0.412359;0.774819;0.785254;0.753633;0.769444;654.000000;0.506013;0.772145;0.752281;0.717131;0.734706;360.000000;0.318704;0.777493;0.818227;0.790136;0.804181;654.000000;0.506013;0.772145;0.752281;0.717131;360.000000;0.318704;0.777493;0.818227;0.790136;0.000100
3;6325.000000;6325.000000;0.230065;0.230065;0.840985;0.841081;0.841033;0.439212;0.782185;0.718997;0.726606;0.722802;621.000000;0.339860;0.755570;0.754902;0.754953;0.754928;312.000000;0.538565;0.808800;0.683092;0.698259;0.690675;621.000000;0.339860;0.755570;0.754902;0.754953;312.000000;0.538565;0.808800;0.683092;0.698259;0.322267;0.823557;0.766692;0.783023;0.774857;827.000000;0.380714;0.721176;0.728825;0.721441;0.725133;537.000000;0.263819;0.925937;0.804558;0.844605;0.824581;827.000000;0.380714;0.721176;0.728825;0.721441;537.000000;0.263819;0.925937;0.804558;0.844605;0.293309;0.838104;0.778934;0.795692;0.787313;710.000000;0.356262;0.735043;0.739526;0.731626;0.735576;498.000000;0.230355;0.941165;0.818342;0.859758;0.839050;710.000000;0.356262;0.735043;0.739526;0.731626;498.000000;0.230355;0.941165;0.818342;0.859758;0.277542;0.841559;0.797673;0.809014;0.803343;654.000000;0.344130;0.743794;0.750741;0.740249;0.745495;360.000000;0.210954;0.939325;0.844604;0.877780;0.861192;654.000000;0.344130;0.743794;0.750741;0.740249;360.000000;0.210954;0.939325;0.844604;0.877780;0.000100
4;6325.000000;6325.000000;0.202087;0.202087;0.864941;0.865755;0.865341;0.418354;0.788909;0.758629;0.763570;0.761100;621.000000;0.497152;0.737905;0.717740;0.713092;0.715416;312.000000;0.339556;0.839912;0.799517;0.814049;0.806783;621.000000;0.497152;0.737905;0.717740;0.713092;312.000000;0.339556;0.839912;0.799517;0.814049;0.342312;0.789968;0.804450;0.783118;0.793784;827.000000;0.485820;0.740884;0.741112;0.714631;0.727871;537.000000;0.198804;0.839052;0.867788;0.851605;0.859696;827.000000;0.485820;0.740884;0.741112;0.714631;537.000000;0.198804;0.839052;0.867788;0.851605;0.334933;0.797350;0.802763;0.782909;0.792836;710.000000;0.489960;0.747324;0.732706;0.707055;0.719881;498.000000;0.179906;0.847376;0.872820;0.858763;0.865792;710.000000;0.489960;0.747324;0.732706;0.707055;498.000000;0.179906;0.847376;0.872820;0.858763;0.346899;0.790396;0.798248;0.776056;0.787152;654.000000;0.483222;0.743879;0.733619;0.704228;0.718924;360.000000;0.210576;0.836912;0.862877;0.847884;0.855380;654.000000;0.483222;0.743879;0.733619;0.704228;360.000000;0.210576;0.836912;0.862877;0.847884;0.000100
5;6325.000000;6325.000000;0.168751;0.168751;0.895477;0.895533;0.895505;0.502013;0.785405;0.758757;0.767382;0.763069;621.000000;0.536218;0.728304;0.727451;0.727451;0.727451;312.000000;0.467808;0.842506;0.790062;0.807312;0.798687;621.000000;0.536218;0.728304;0.727451;0.727451;312.000000;0.467808;0.842506;0.790062;0.807312;0.341909;0.814777;0.808380;0.810639;0.809509;827.000000;0.416316;0.762904;0.769285;0.764882;0.767084;537.000000;0.267502;0.866649;0.847475;0.856395;0.851935;827.000000;0.416316;0.762904;0.769285;0.764882;537.000000;0.267502;0.866649;0.847475;0.856395;0.322541;0.826160;0.816835;0.819929;0.818382;710.000000;0.396893;0.776665;0.781886;0.777118;0.779502;498.000000;0.248188;0.875655;0.851783;0.862740;0.857261;710.000000;0.396893;0.776665;0.781886;0.777118;498.000000;0.248188;0.875655;0.851783;0.862740;0.303465;0.837128;0.838822;0.836108;0.837465;654.000000;0.383176;0.789548;0.797640;0.789909;0.793775;360.000000;0.223754;0.884709;0.880003;0.882308;0.881155;654.000000;0.383176;0.789548;0.797640;0.789909;360.000000;0.223754;0.884709;0.880003;0.882308;0.000100
6;6325.000000;6325.000000;0.164591;0.164591;0.909575;0.909575;0.909575;0.647217;0.796973;0.728625;0.736924;0.732775;621.000000;0.606010;0.748770;0.735994;0.731264;0.733629;312.000000;0.688424;0.845177;0.721256;0.742585;0.731920;621.000000;0.606010;0.748770;0.735994;0.731264;312.000000;0.688424;0.845177;0.721256;0.742585;0.470034;0.828738;0.772677;0.791726;0.782201;827.000000;0.582057;0.743821;0.719430;0.724983;0.722207;537.000000;0.358011;0.913655;0.825923;0.858469;0.842196;827.000000;0.582057;0.743821;0.719430;0.724983;537.000000;0.358011;0.913655;0.825923;0.858469;0.441487;0.842297;0.779788;0.799912;0.789850;710.000000;0.572414;0.757760;0.732929;0.737037;0.734983;498.000000;0.310561;0.926834;0.826648;0.862787;0.844718;710.000000;0.572414;0.757760;0.732929;0.737037;498.000000;0.310561;0.926834;0.826648;0.862787;0.431730;0.847099;0.796200;0.813103;0.804652;654.000000;0.569161;0.763231;0.736805;0.742323;0.739564;360.000000;0.294299;0.930967;0.855595;0.883884;0.869739;654.000000;0.569161;0.763231;0.736805;0.742323;360.000000;0.294299;0.930967;0.855595;0.883884;0.000100
7;6325.000000;6325.000000;0.127194;0.127194;0.930699;0.928580;0.929609;0.811455;0.757973;0.728751;0.731328;0.730040;621.000000;0.752638;0.714833;0.696218;0.687917;0.692068;312.000000;0.870272;0.801113;0.761284;0.774740;0.768012;621.000000;0.752638;0.714833;0.696218;0.687917;312.000000;0.870272;0.801113;0.761284;0.774740;0.520356;0.806015;0.794240;0.793232;0.793736;827.000000;0.548051;0.766134;0.725783;0.732753;0.729268;537.000000;0.492662;0.845896;0.862698;0.853710;0.858204;827.000000;0.548051;0.766134;0.725783;0.732753;537.000000;0.492662;0.845896;0.862698;0.853710;0.493245;0.814105;0.801923;0.801175;0.801549;710.000000;0.563391;0.772572;0.736673;0.741202;0.738938;498.000000;0.423099;0.855638;0.867174;0.861147;0.864161;710.000000;0.563391;0.772572;0.736673;0.741202;498.000000;0.423099;0.855638;0.867174;0.861147;0.493589;0.820945;0.811258;0.810125;0.810691;654.000000;0.541275;0.783855;0.748056;0.754704;0.751380;360.000000;0.445902;0.858036;0.874460;0.865546;0.870003;654.000000;0.541275;0.783855;0.748056;0.754704;360.000000;0.445902;0.858036;0.874460;0.865546;0.000100
8;6325.000000;6325.000000;0.117639;0.117639;0.943672;0.942595;0.943126;0.847736;0.752046;0.714849;0.724022;0.719435;621.000000;0.746375;0.692737;0.692017;0.691971;0.691994;312.000000;0.949098;0.811355;0.737681;0.756072;0.746877;621.000000;0.746375;0.692737;0.692017;0.691971;312.000000;0.949098;0.811355;0.737681;0.756072;0.505118;0.818512;0.798880;0.807403;0.803142;827.000000;0.596970;0.754138;0.754138;0.754138;0.754138;537.000000;0.413265;0.882885;0.843622;0.860669;0.852146;827.000000;0.596970;0.754138;0.754138;0.754138;537.000000;0.413265;0.882885;0.843622;0.860669;0.468600;0.826431;0.802204;0.812359;0.807282;710.000000;0.585524;0.760040;0.761040;0.760501;0.760771;498.000000;0.351676;0.892822;0.843369;0.864218;0.853793;710.000000;0.585524;0.760040;0.761040;0.760501;498.000000;0.351676;0.892822;0.843369;0.864218;0.459760;0.837891;0.822266;0.828758;0.825512;654.000000;0.577001;0.767359;0.770817;0.768717;0.769767;360.000000;0.342519;0.908422;0.873715;0.888799;0.881257;654.000000;0.577001;0.767359;0.770817;0.768717;360.000000;0.342519;0.908422;0.873715;0.888799;0.000100

EXPERIMENT: multitask_audio_mamba_2026-08-19_14-07_audio_mamba_segment_model_wsm_audio_models-e0ce-005_b4dc168f
CONFIG: wsm_audio_models-e0ce-005.yaml
seed: 42
experiment_info:
  params:
    experiment_name: wsm_audio_segment_wavlm_base_l9_pool4
    run_name: multitask_audio_mamba
data:
  name: wsm_audio_segment_datamodule
  params:
    data_root: /media/maxim/Databases/WSM_NEW
    task: multitask
    feature_cache_root: /media/maxim/Databases/WSM_NEW/features
    test_filters:
    - none
    - soft
    - hard
    feature_model_name: microsoft/wavlm-base-plus
    feature_layer: 9
    temporal_pool: 4
    batch_size: 8
    num_workers: 4
    pin_memory: true
    persistent_workers: true
model:
  name: audio_mamba_segment_model
  params:
    hidden_dim: 192
    num_layers: 2
    num_heads: 4
    ff_mult: 4
    dropout: 0.2
    encoder_type: transformer
    sequence_steps: 96
    mamba_d_state: 16
    mamba_d_conv: 4
    mamba_expand: 2
    mamba_required: false
loss:
  name: wsm_audio_loss
  params:
    label_smoothing: 0.02
    focal_gamma: 1.0
    aux_weight: 0.15
optimizer:
  name: adamw_optimizer
  params:
    lr: 0.0001
    weight_decay: 0.01
train:
  params:
    epochs: 30
    device: cuda
    mixed_precision: true
    grad_clip_norm: 0.5
    log_every_steps: 25
    collect_cache: true
metrics:
- name: prf_macro_metric
callbacks:
- name: wsm_audio_metrics_callback
  params:
    splits:
    - auto
- name: checkpoint_callback
  params:
    log_path: logs
    filename_template: epoch={epoch}_{monitor}={value:.4f}.pt
    monitor: dev/mean_score
    mode: max
    save_top_k: 2
    save_last: true
- name: snapshot_callback
  params:
    log_path: logs
    include:
    - src
    save_code_zip: true
    save_config: true
- name: wsm_summary_callback
  params:
    filename: summary.txt
- name: early_stopping_callback
  params:
    monitor: dev/mean_score
    mode: max
    patience: 6
    min_delta: 0.0005
logging:
- name: console_file_logger
  params:
    log_path: logs
    log_file: train.log
    console_level: INFO
    file_level: INFO
- name: mlflow_logger
  params:
    tracking_uri: sqlite:///logs/mlflow.db
RESULTS:
epoch;train/num_samples;train/train/num_samples;train/loss;train/train/loss;train/macro_precision;train/macro_recall;train/macro_f1;dev/mean_loss;dev/mean_macro_precision;dev/mean_macro_recall;dev/mean_macro_f1;dev/mean_score;dev/depression/num_samples;dev/depression/loss;dev/depression/macro_precision;dev/depression/macro_recall;dev/depression/macro_f1;dev/depression/score;dev/parkinson/num_samples;dev/parkinson/loss;dev/parkinson/macro_precision;dev/parkinson/macro_recall;dev/parkinson/macro_f1;dev/parkinson/score;dev_depression/num_samples;dev_depression/loss;dev_depression/macro_precision;dev_depression/macro_recall;dev_depression/macro_f1;dev_parkinson/num_samples;dev_parkinson/loss;dev_parkinson/macro_precision;dev_parkinson/macro_recall;dev_parkinson/macro_f1;test_none/mean_loss;test_none/mean_macro_precision;test_none/mean_macro_recall;test_none/mean_macro_f1;test_none/mean_score;test_none/depression/num_samples;test_none/depression/loss;test_none/depression/macro_precision;test_none/depression/macro_recall;test_none/depression/macro_f1;test_none/depression/score;test_none/parkinson/num_samples;test_none/parkinson/loss;test_none/parkinson/macro_precision;test_none/parkinson/macro_recall;test_none/parkinson/macro_f1;test_none/parkinson/score;test_none_depression/num_samples;test_none_depression/loss;test_none_depression/macro_precision;test_none_depression/macro_recall;test_none_depression/macro_f1;test_none_parkinson/num_samples;test_none_parkinson/loss;test_none_parkinson/macro_precision;test_none_parkinson/macro_recall;test_none_parkinson/macro_f1;test_soft/mean_loss;test_soft/mean_macro_precision;test_soft/mean_macro_recall;test_soft/mean_macro_f1;test_soft/mean_score;test_soft/depression/num_samples;test_soft/depression/loss;test_soft/depression/macro_precision;test_soft/depression/macro_recall;test_soft/depression/macro_f1;test_soft/depression/score;test_soft/parkinson/num_samples;test_soft/parkinson/loss;test_soft/parkinson/macro_precision;test_soft/parkinson/macro_recall;test_soft/parkinson/macro_f1;test_soft/parkinson/score;test_soft_depression/num_samples;test_soft_depression/loss;test_soft_depression/macro_precision;test_soft_depression/macro_recall;test_soft_depression/macro_f1;test_soft_parkinson/num_samples;test_soft_parkinson/loss;test_soft_parkinson/macro_precision;test_soft_parkinson/macro_recall;test_soft_parkinson/macro_f1;test_hard/mean_loss;test_hard/mean_macro_precision;test_hard/mean_macro_recall;test_hard/mean_macro_f1;test_hard/mean_score;test_hard/depression/num_samples;test_hard/depression/loss;test_hard/depression/macro_precision;test_hard/depression/macro_recall;test_hard/depression/macro_f1;test_hard/depression/score;test_hard/parkinson/num_samples;test_hard/parkinson/loss;test_hard/parkinson/macro_precision;test_hard/parkinson/macro_recall;test_hard/parkinson/macro_f1;test_hard/parkinson/score;test_hard_depression/num_samples;test_hard_depression/loss;test_hard_depression/macro_precision;test_hard_depression/macro_recall;test_hard_depression/macro_f1;test_hard_parkinson/num_samples;test_hard_parkinson/loss;test_hard_parkinson/macro_precision;test_hard_parkinson/macro_recall;test_hard_parkinson/macro_f1;lr/group
1;6325.000000;6325.000000;0.291582;0.291582;0.764520;0.767460;0.765841;0.477448;0.811853;0.719690;0.725485;0.722588;621.000000;0.392778;0.767886;0.753735;0.749092;0.751414;312.000000;0.562119;0.855820;0.685645;0.701878;0.693762;621.000000;0.392778;0.767886;0.753735;0.749092;312.000000;0.562119;0.855820;0.685645;0.701878;0.289768;0.858352;0.787706;0.810350;0.799028;827.000000;0.286009;0.810346;0.782087;0.789907;0.785997;537.000000;0.293527;0.906358;0.793326;0.830794;0.812060;827.000000;0.286009;0.810346;0.782087;0.789907;537.000000;0.293527;0.906358;0.793326;0.830794;0.261617;0.879974;0.803257;0.826878;0.815068;710.000000;0.255918;0.836436;0.807225;0.813893;0.810559;498.000000;0.267317;0.923512;0.799289;0.839864;0.819577;710.000000;0.255918;0.836436;0.807225;0.813893;498.000000;0.267317;0.923512;0.799289;0.839864;0.247437;0.889443;0.827944;0.848320;0.838132;654.000000;0.238326;0.850069;0.823116;0.830855;0.826985;360.000000;0.256549;0.928818;0.832773;0.865785;0.849279;654.000000;0.238326;0.850069;0.823116;0.830855;360.000000;0.256549;0.928818;0.832773;0.865785;0.000100
2;6325.000000;6325.000000;0.220301;0.220301;0.852357;0.855252;0.853716;0.425632;0.784348;0.700642;0.709550;0.705096;621.000000;0.387092;0.708960;0.706116;0.705641;0.705878;312.000000;0.464172;0.859735;0.695169;0.713458;0.704314;621.000000;0.387092;0.708960;0.706116;0.705641;312.000000;0.464172;0.859735;0.695169;0.713458;0.245865;0.832461;0.784776;0.801000;0.792888;827.000000;0.265098;0.758316;0.762426;0.759942;0.761184;537.000000;0.226632;0.906606;0.807126;0.842059;0.824592;827.000000;0.265098;0.758316;0.762426;0.759942;537.000000;0.226632;0.906606;0.807126;0.842059;0.234582;0.842521;0.791317;0.808283;0.799800;710.000000;0.262959;0.769617;0.773710;0.770681;0.772195;498.000000;0.206204;0.915426;0.808925;0.845885;0.827405;710.000000;0.262959;0.769617;0.773710;0.770681;498.000000;0.206204;0.915426;0.808925;0.845885;0.233484;0.850663;0.815841;0.826921;0.821381;654.000000;0.251258;0.780625;0.787920;0.781684;0.784802;360.000000;0.215711;0.920702;0.843763;0.872159;0.857961;654.000000;0.251258;0.780625;0.787920;0.781684;360.000000;0.215711;0.920702;0.843763;0.872159;0.000100
3;6325.000000;6325.000000;0.191112;0.191112;0.882240;0.883250;0.882736;0.520418;0.815823;0.765425;0.776299;0.770862;621.000000;0.404280;0.790616;0.790616;0.790616;0.790616;312.000000;0.636556;0.841029;0.740235;0.761982;0.751109;621.000000;0.404280;0.790616;0.790616;0.790616;312.000000;0.636556;0.841029;0.740235;0.761982;0.312243;0.801538;0.786882;0.793188;0.790035;827.000000;0.343365;0.725939;0.728859;0.727143;0.728001;537.000000;0.281121;0.877137;0.844906;0.859233;0.852070;827.000000;0.343365;0.725939;0.728859;0.727143;537.000000;0.281121;0.877137;0.844906;0.859233;0.294138;0.805395;0.791100;0.797218;0.794159;710.000000;0.348957;0.729237;0.731856;0.730115;0.730985;498.000000;0.239318;0.881553;0.850344;0.864321;0.857333;710.000000;0.348957;0.729237;0.731856;0.730115;498.000000;0.239318;0.881553;0.850344;0.864321;0.286839;0.810851;0.805349;0.806930;0.806140;654.000000;0.327980;0.742842;0.748566;0.743971;0.746268;360.000000;0.245699;0.878859;0.862132;0.869890;0.866011;654.000000;0.327980;0.742842;0.748566;0.743971;360.000000;0.245699;0.878859;0.862132;0.869890;0.000100
4;6325.000000;6325.000000;0.168961;0.168961;0.910856;0.912278;0.911551;0.648481;0.787147;0.735080;0.745609;0.740344;621.000000;0.640024;0.730746;0.725163;0.724239;0.724701;312.000000;0.656937;0.843548;0.744997;0.766978;0.755987;621.000000;0.640024;0.730746;0.725163;0.724239;312.000000;0.656937;0.843548;0.744997;0.766978;0.396897;0.809469;0.790658;0.797928;0.794293;827.000000;0.457875;0.739536;0.745213;0.741274;0.743243;537.000000;0.335918;0.879401;0.836103;0.854583;0.845343;827.000000;0.457875;0.739536;0.745213;0.741274;537.000000;0.335918;0.879401;0.836103;0.854583;0.386822;0.814841;0.794069;0.802098;0.798084;710.000000;0.462826;0.747404;0.751528;0.748186;0.749857;498.000000;0.310818;0.882279;0.836611;0.856009;0.846310;710.000000;0.462826;0.747404;0.751528;0.748186;498.000000;0.310818;0.882279;0.836611;0.856009;0.375761;0.822877;0.816549;0.818050;0.817300;654.000000;0.432112;0.762220;0.769037;0.763104;0.766070;360.000000;0.319411;0.883533;0.864062;0.872996;0.868529;654.000000;0.432112;0.762220;0.769037;0.763104;360.000000;0.319411;0.883533;0.864062;0.872996;0.000100
5;6325.000000;6325.000000;0.159727;0.159727;0.921600;0.919024;0.920265;0.790416;0.732337;0.700717;0.706671;0.703694;621.000000;0.742843;0.695923;0.687768;0.685439;0.686604;312.000000;0.837989;0.768750;0.713665;0.727904;0.720784;621.000000;0.742843;0.695923;0.687768;0.685439;312.000000;0.837989;0.768750;0.713665;0.727904;0.511534;0.771263;0.728728;0.736347;0.732537;827.000000;0.531493;0.747394;0.756644;0.745011;0.750827;537.000000;0.491576;0.795131;0.700811;0.727683;0.714247;827.000000;0.531493;0.747394;0.756644;0.745011;537.000000;0.491576;0.795131;0.700811;0.727683;0.502897;0.775348;0.722457;0.732294;0.727375;710.000000;0.537911;0.752466;0.757175;0.748650;0.752912;498.000000;0.467882;0.798230;0.687740;0.715938;0.701839;710.000000;0.537911;0.752466;0.757175;0.748650;498.000000;0.467882;0.798230;0.687740;0.715938;0.525180;0.769423;0.721131;0.726334;0.723733;654.000000;0.522887;0.757255;0.764388;0.752754;0.758571;360.000000;0.527472;0.781590;0.677874;0.699914;0.688894;654.000000;0.522887;0.757255;0.764388;0.752754;360.000000;0.527472;0.781590;0.677874;0.699914;0.000100
6;6325.000000;6325.000000;0.131632;0.131632;0.939785;0.940400;0.940090;0.928538;0.763264;0.752620;0.755344;0.753982;621.000000;0.900921;0.731185;0.725117;0.724084;0.724600;312.000000;0.956155;0.795343;0.780124;0.786604;0.783364;621.000000;0.900921;0.731185;0.725117;0.724084;312.000000;0.956155;0.795343;0.780124;0.786604;0.764857;0.727319;0.745583;0.728605;0.737094;827.000000;0.714304;0.723444;0.730697;0.714798;0.722747;537.000000;0.815409;0.731193;0.760469;0.742412;0.751440;827.000000;0.714304;0.723444;0.730697;0.714798;537.000000;0.815409;0.731193;0.760469;0.742412;0.707842;0.738084;0.752503;0.739502;0.746002;710.000000;0.666349;0.747942;0.751386;0.740596;0.745991;498.000000;0.749335;0.728225;0.753619;0.738408;0.746013;710.000000;0.666349;0.747942;0.751386;0.740596;498.000000;0.749335;0.728225;0.753619;0.738408;0.724850;0.737438;0.753427;0.738363;0.745895;654.000000;0.652440;0.749549;0.755755;0.742423;0.749089;360.000000;0.797261;0.725327;0.751099;0.734303;0.742701;654.000000;0.652440;0.749549;0.755755;0.742423;360.000000;0.797261;0.725327;0.751099;0.734303;0.000100
7;6325.000000;6325.000000;0.120064;0.120064;0.946257;0.948404;0.947298;0.806280;0.759678;0.706573;0.712184;0.709379;621.000000;0.802575;0.706002;0.689683;0.681919;0.685801;312.000000;0.809985;0.813355;0.723464;0.742449;0.732957;621.000000;0.802575;0.706002;0.689683;0.681919;312.000000;0.809985;0.813355;0.723464;0.742449;0.528065;0.809304;0.747306;0.765567;0.756437;827.000000;0.659060;0.727105;0.691199;0.695919;0.693559;537.000000;0.397070;0.891504;0.803413;0.835215;0.819314;827.000000;0.659060;0.727105;0.691199;0.695919;537.000000;0.397070;0.891504;0.803413;0.835215;0.506388;0.818323;0.750914;0.768983;0.759949;710.000000;0.666307;0.739821;0.700992;0.703211;0.702101;498.000000;0.346469;0.896825;0.800837;0.834755;0.817796;710.000000;0.666307;0.739821;0.700992;0.703211;498.000000;0.346469;0.896825;0.800837;0.834755;0.500750;0.815306;0.753925;0.770794;0.762360;654.000000;0.641472;0.746130;0.709482;0.714151;0.711817;360.000000;0.360029;0.884483;0.798368;0.827437;0.812903;654.000000;0.641472;0.746130;0.709482;0.714151;360.000000;0.360029;0.884483;0.798368;0.827437;0.000100
8;6325.000000;6325.000000;0.102142;0.102142;0.955987;0.955534;0.955759;1.080119;0.733148;0.708845;0.716567;0.712706;621.000000;1.187262;0.649215;0.649160;0.648945;0.649052;312.000000;0.972976;0.817080;0.768530;0.784190;0.776360;621.000000;1.187262;0.649215;0.649160;0.648945;312.000000;0.972976;0.817080;0.768530;0.784190;0.642719;0.781745;0.776403;0.778874;0.777639;827.000000;0.774178;0.731639;0.727748;0.729391;0.728570;537.000000;0.511260;0.831851;0.825058;0.828357;0.826707;827.000000;0.774178;0.731639;0.727748;0.729391;537.000000;0.511260;0.831851;0.825058;0.828357;0.606198;0.787685;0.780106;0.783538;0.781822;710.000000;0.760933;0.746182;0.742218;0.743746;0.742982;498.000000;0.451464;0.829188;0.817994;0.823330;0.820662;710.000000;0.760933;0.746182;0.742218;0.743746;498.000000;0.451464;0.829188;0.817994;0.823330;0.587108;0.794649;0.790565;0.792510;0.791538;654.000000;0.712208;0.756264;0.754244;0.755161;0.754703;360.000000;0.462008;0.833035;0.826886;0.829859;0.828373;654.000000;0.712208;0.756264;0.754244;0.755161;360.000000;0.462008;0.833035;0.826886;0.829859;0.000100
9;6325.000000;6325.000000;0.087601;0.087601;0.964339;0.965183;0.964756;1.245024;0.745458;0.716192;0.724520;0.720356;621.000000;1.281432;0.677076;0.675724;0.675467;0.675595;312.000000;1.208615;0.813840;0.756660;0.773574;0.765117;621.000000;1.281432;0.677076;0.675724;0.675467;312.000000;1.208615;0.813840;0.756660;0.773574;0.874702;0.753168;0.725194;0.733999;0.729596;827.000000;1.024620;0.695984;0.701896;0.696880;0.699388;537.000000;0.724785;0.810353;0.748493;0.771117;0.759805;827.000000;1.024620;0.695984;0.701896;0.696880;537.000000;0.724785;0.810353;0.748493;0.771117;0.816348;0.769735;0.735982;0.747320;0.741651;710.000000;0.928215;0.730738;0.733495;0.731632;0.732563;498.000000;0.704481;0.808732;0.738468;0.763008;0.750738;710.000000;0.928215;0.730738;0.733495;0.731632;498.000000;0.704481;0.808732;0.738468;0.763008;0.837777;0.770291;0.744339;0.752163;0.748251;654.000000;0.884853;0.740876;0.746198;0.742123;0.744161;360.000000;0.790700;0.799707;0.742479;0.762202;0.752340;654.000000;0.884853;0.740876;0.746198;0.742123;360.000000;0.790700;0.799707;0.742479;0.762202;0.000100

EXPERIMENT: multitask_audio_mamba_2026-08-19_14-12_audio_mamba_segment_model_wsm_audio_models-e0ce-006_ea8c8d77
CONFIG: wsm_audio_models-e0ce-006.yaml
seed: 42
experiment_info:
  params:
    experiment_name: wsm_audio_segment_wavlm_base_l9_pool4
    run_name: multitask_audio_mamba
data:
  name: wsm_audio_segment_datamodule
  params:
    data_root: /media/maxim/Databases/WSM_NEW
    task: multitask
    feature_cache_root: /media/maxim/Databases/WSM_NEW/features
    test_filters:
    - none
    - soft
    - hard
    feature_model_name: microsoft/wavlm-base-plus
    feature_layer: 9
    temporal_pool: 4
    batch_size: 8
    num_workers: 4
    pin_memory: true
    persistent_workers: true
model:
  name: audio_mamba_segment_model
  params:
    hidden_dim: 192
    num_layers: 3
    num_heads: 4
    ff_mult: 4
    dropout: 0.25
    encoder_type: transformer
    sequence_steps: 128
    mamba_d_state: 16
    mamba_d_conv: 4
    mamba_expand: 2
    mamba_required: false
loss:
  name: wsm_audio_loss
  params:
    label_smoothing: 0.02
    focal_gamma: 1.0
    aux_weight: 0.1
optimizer:
  name: adamw_optimizer
  params:
    lr: 0.0001
    weight_decay: 0.01
train:
  params:
    epochs: 30
    device: cuda
    mixed_precision: true
    grad_clip_norm: 0.5
    log_every_steps: 25
    collect_cache: true
metrics:
- name: prf_macro_metric
callbacks:
- name: wsm_audio_metrics_callback
  params:
    splits:
    - auto
- name: checkpoint_callback
  params:
    log_path: logs
    filename_template: epoch={epoch}_{monitor}={value:.4f}.pt
    monitor: dev/mean_score
    mode: max
    save_top_k: 2
    save_last: true
- name: snapshot_callback
  params:
    log_path: logs
    include:
    - src
    save_code_zip: true
    save_config: true
- name: wsm_summary_callback
  params:
    filename: summary.txt
- name: early_stopping_callback
  params:
    monitor: dev/mean_score
    mode: max
    patience: 6
    min_delta: 0.0005
logging:
- name: console_file_logger
  params:
    log_path: logs
    log_file: train.log
    console_level: INFO
    file_level: INFO
- name: mlflow_logger
  params:
    tracking_uri: sqlite:///logs/mlflow.db
RESULTS:
epoch;train/num_samples;train/train/num_samples;train/loss;train/train/loss;train/macro_precision;train/macro_recall;train/macro_f1;dev/mean_loss;dev/mean_macro_precision;dev/mean_macro_recall;dev/mean_macro_f1;dev/mean_score;dev/depression/num_samples;dev/depression/loss;dev/depression/macro_precision;dev/depression/macro_recall;dev/depression/macro_f1;dev/depression/score;dev/parkinson/num_samples;dev/parkinson/loss;dev/parkinson/macro_precision;dev/parkinson/macro_recall;dev/parkinson/macro_f1;dev/parkinson/score;dev_depression/num_samples;dev_depression/loss;dev_depression/macro_precision;dev_depression/macro_recall;dev_depression/macro_f1;dev_parkinson/num_samples;dev_parkinson/loss;dev_parkinson/macro_precision;dev_parkinson/macro_recall;dev_parkinson/macro_f1;test_none/mean_loss;test_none/mean_macro_precision;test_none/mean_macro_recall;test_none/mean_macro_f1;test_none/mean_score;test_none/depression/num_samples;test_none/depression/loss;test_none/depression/macro_precision;test_none/depression/macro_recall;test_none/depression/macro_f1;test_none/depression/score;test_none/parkinson/num_samples;test_none/parkinson/loss;test_none/parkinson/macro_precision;test_none/parkinson/macro_recall;test_none/parkinson/macro_f1;test_none/parkinson/score;test_none_depression/num_samples;test_none_depression/loss;test_none_depression/macro_precision;test_none_depression/macro_recall;test_none_depression/macro_f1;test_none_parkinson/num_samples;test_none_parkinson/loss;test_none_parkinson/macro_precision;test_none_parkinson/macro_recall;test_none_parkinson/macro_f1;test_soft/mean_loss;test_soft/mean_macro_precision;test_soft/mean_macro_recall;test_soft/mean_macro_f1;test_soft/mean_score;test_soft/depression/num_samples;test_soft/depression/loss;test_soft/depression/macro_precision;test_soft/depression/macro_recall;test_soft/depression/macro_f1;test_soft/depression/score;test_soft/parkinson/num_samples;test_soft/parkinson/loss;test_soft/parkinson/macro_precision;test_soft/parkinson/macro_recall;test_soft/parkinson/macro_f1;test_soft/parkinson/score;test_soft_depression/num_samples;test_soft_depression/loss;test_soft_depression/macro_precision;test_soft_depression/macro_recall;test_soft_depression/macro_f1;test_soft_parkinson/num_samples;test_soft_parkinson/loss;test_soft_parkinson/macro_precision;test_soft_parkinson/macro_recall;test_soft_parkinson/macro_f1;test_hard/mean_loss;test_hard/mean_macro_precision;test_hard/mean_macro_recall;test_hard/mean_macro_f1;test_hard/mean_score;test_hard/depression/num_samples;test_hard/depression/loss;test_hard/depression/macro_precision;test_hard/depression/macro_recall;test_hard/depression/macro_f1;test_hard/depression/score;test_hard/parkinson/num_samples;test_hard/parkinson/loss;test_hard/parkinson/macro_precision;test_hard/parkinson/macro_recall;test_hard/parkinson/macro_f1;test_hard/parkinson/score;test_hard_depression/num_samples;test_hard_depression/loss;test_hard_depression/macro_precision;test_hard_depression/macro_recall;test_hard_depression/macro_f1;test_hard_parkinson/num_samples;test_hard_parkinson/loss;test_hard_parkinson/macro_precision;test_hard_parkinson/macro_recall;test_hard_parkinson/macro_f1;lr/group
1;6325.000000;6325.000000;0.280828;0.280828;0.756408;0.762467;0.758648;0.518127;0.818038;0.688872;0.682634;0.685753;621.000000;0.466942;0.787495;0.742063;0.729186;0.735625;312.000000;0.569313;0.848582;0.635680;0.636083;0.635881;621.000000;0.466942;0.787495;0.742063;0.729186;312.000000;0.569313;0.848582;0.635680;0.636083;0.329734;0.853531;0.767725;0.791853;0.779789;827.000000;0.396061;0.790630;0.743408;0.751764;0.747586;537.000000;0.263407;0.916432;0.792042;0.831941;0.811992;827.000000;0.396061;0.790630;0.743408;0.751764;537.000000;0.263407;0.916432;0.792042;0.831941;0.299340;0.873424;0.785122;0.809534;0.797328;710.000000;0.367687;0.809114;0.764198;0.770355;0.767276;498.000000;0.230993;0.937734;0.806047;0.848713;0.827380;710.000000;0.367687;0.809114;0.764198;0.770355;498.000000;0.230993;0.937734;0.806047;0.848713;0.285239;0.879162;0.807770;0.829203;0.818486;654.000000;0.340552;0.822271;0.780836;0.789314;0.785075;360.000000;0.229926;0.936053;0.834703;0.869091;0.851897;654.000000;0.340552;0.822271;0.780836;0.789314;360.000000;0.229926;0.936053;0.834703;0.869091;0.000100
2;6325.000000;6325.000000;0.231058;0.231058;0.844308;0.843769;0.844036;0.381492;0.763245;0.742349;0.747757;0.745053;621.000000;0.407162;0.735451;0.728245;0.727004;0.727625;312.000000;0.355821;0.791040;0.756453;0.768509;0.762481;621.000000;0.407162;0.735451;0.728245;0.727004;312.000000;0.355821;0.791040;0.756453;0.768509;0.331186;0.756111;0.782739;0.764771;0.773755;827.000000;0.295647;0.749065;0.756137;0.750755;0.753446;537.000000;0.366724;0.763157;0.809341;0.778786;0.794063;827.000000;0.295647;0.749065;0.756137;0.750755;537.000000;0.366724;0.763157;0.809341;0.778786;0.304846;0.764148;0.791967;0.772267;0.782117;710.000000;0.280871;0.763503;0.768731;0.763263;0.765997;498.000000;0.328821;0.764793;0.815203;0.781272;0.798237;710.000000;0.280871;0.763503;0.768731;0.763263;498.000000;0.328821;0.764793;0.815203;0.781272;0.310592;0.772390;0.802962;0.776869;0.789916;654.000000;0.257652;0.778144;0.786110;0.777820;0.781965;360.000000;0.363532;0.766637;0.819813;0.775919;0.797866;654.000000;0.257652;0.778144;0.786110;0.777820;360.000000;0.363532;0.766637;0.819813;0.775919;0.000100
3;6325.000000;6325.000000;0.198741;0.198741;0.875137;0.875610;0.875372;0.510639;0.770088;0.757369;0.761300;0.759334;621.000000;0.630055;0.705443;0.701074;0.700150;0.700612;312.000000;0.391223;0.834733;0.813665;0.822450;0.818057;621.000000;0.630055;0.705443;0.701074;0.700150;312.000000;0.391223;0.834733;0.813665;0.822450;0.371409;0.788062;0.816979;0.798098;0.807538;827.000000;0.451308;0.743101;0.750992;0.744207;0.747599;537.000000;0.291511;0.833023;0.882965;0.851990;0.867478;827.000000;0.451308;0.743101;0.750992;0.744207;537.000000;0.291511;0.833023;0.882965;0.851990;0.374372;0.790231;0.821315;0.799344;0.810330;710.000000;0.468029;0.745374;0.750213;0.742762;0.746487;498.000000;0.280716;0.835089;0.892418;0.855926;0.874172;710.000000;0.468029;0.745374;0.750213;0.742762;498.000000;0.280716;0.835089;0.892418;0.855926;0.391710;0.793662;0.825572;0.799603;0.812587;654.000000;0.450095;0.756634;0.763859;0.752652;0.758255;360.000000;0.333325;0.830689;0.887285;0.846554;0.866920;654.000000;0.450095;0.756634;0.763859;0.752652;360.000000;0.333325;0.830689;0.887285;0.846554;0.000100
4;6325.000000;6325.000000;0.166885;0.166885;0.898831;0.898775;0.898803;0.555811;0.803743;0.784510;0.791144;0.787827;621.000000;0.659547;0.751087;0.748039;0.747798;0.747918;312.000000;0.452075;0.856398;0.820980;0.834491;0.827735;621.000000;0.659547;0.751087;0.748039;0.747798;312.000000;0.452075;0.856398;0.820980;0.834491;0.462751;0.792799;0.817044;0.801929;0.809486;827.000000;0.495520;0.761263;0.768681;0.763094;0.765887;537.000000;0.429982;0.824336;0.865406;0.840764;0.853085;827.000000;0.495520;0.761263;0.768681;0.763094;537.000000;0.429982;0.824336;0.865406;0.840764;0.447147;0.799646;0.822541;0.807770;0.815156;710.000000;0.490639;0.776018;0.781461;0.775970;0.778716;498.000000;0.403655;0.823275;0.863621;0.839571;0.851596;710.000000;0.490639;0.776018;0.781461;0.775970;498.000000;0.403655;0.823275;0.863621;0.839571;0.454995;0.809244;0.838834;0.817436;0.828135;654.000000;0.463843;0.786486;0.794493;0.786820;0.790656;360.000000;0.446146;0.832003;0.883176;0.848053;0.865615;654.000000;0.463843;0.786486;0.794493;0.786820;360.000000;0.446146;0.832003;0.883176;0.848053;0.000100
5;6325.000000;6325.000000;0.154719;0.154719;0.911416;0.910949;0.911181;0.674212;0.764780;0.706129;0.715596;0.710862;621.000000;0.639328;0.688073;0.683894;0.681312;0.682603;312.000000;0.709096;0.841486;0.728364;0.749880;0.739122;621.000000;0.639328;0.688073;0.683894;0.681312;312.000000;0.709096;0.841486;0.728364;0.749880;0.383187;0.826897;0.781017;0.796918;0.788968;827.000000;0.470348;0.758830;0.731022;0.737310;0.734166;537.000000;0.296026;0.894964;0.831013;0.856525;0.843769;827.000000;0.470348;0.758830;0.731022;0.737310;537.000000;0.296026;0.894964;0.831013;0.856525;0.351565;0.830394;0.788654;0.803407;0.796030;710.000000;0.465498;0.764099;0.743574;0.747753;0.745664;498.000000;0.237631;0.896688;0.833733;0.859060;0.846396;710.000000;0.465498;0.764099;0.743574;0.747753;498.000000;0.237631;0.896688;0.833733;0.859060;0.339438;0.835006;0.805563;0.816764;0.811164;654.000000;0.434357;0.776107;0.759143;0.764011;0.761577;360.000000;0.244520;0.893904;0.851982;0.869518;0.860750;654.000000;0.434357;0.776107;0.759143;0.764011;360.000000;0.244520;0.893904;0.851982;0.869518;0.000100
6;6325.000000;6325.000000;0.132367;0.132367;0.937160;0.935075;0.936088;0.824476;0.739425;0.705046;0.712192;0.708619;621.000000;0.792049;0.705104;0.701120;0.700303;0.700712;312.000000;0.856903;0.773746;0.708972;0.724081;0.716527;621.000000;0.792049;0.705104;0.701120;0.700303;312.000000;0.856903;0.773746;0.708972;0.724081;0.427922;0.820004;0.780384;0.792490;0.786437;827.000000;0.440715;0.794893;0.802375;0.797207;0.799791;537.000000;0.415129;0.845116;0.758394;0.787773;0.773083;827.000000;0.440715;0.794893;0.802375;0.797207;537.000000;0.415129;0.845116;0.758394;0.787773;0.416902;0.822238;0.773526;0.788055;0.780791;710.000000;0.440571;0.797775;0.802044;0.799045;0.800545;498.000000;0.393232;0.846701;0.745008;0.777066;0.761037;710.000000;0.440571;0.797775;0.802044;0.799045;498.000000;0.393232;0.846701;0.745008;0.777066;0.436443;0.814870;0.774036;0.785194;0.779615;654.000000;0.422220;0.803404;0.808862;0.805262;0.807062;360.000000;0.450666;0.826336;0.739210;0.765125;0.752168;654.000000;0.422220;0.803404;0.808862;0.805262;360.000000;0.450666;0.826336;0.739210;0.765125;0.000100
7;6325.000000;6325.000000;0.123763;0.123763;0.940690;0.941123;0.940905;0.858885;0.705603;0.698939;0.701733;0.700336;621.000000;1.031204;0.653699;0.653641;0.653655;0.653648;312.000000;0.686566;0.757507;0.744237;0.749811;0.747024;621.000000;1.031204;0.653699;0.653641;0.653655;312.000000;0.686566;0.757507;0.744237;0.749811;0.634030;0.744443;0.762406;0.750409;0.756407;827.000000;0.629807;0.763021;0.761728;0.762344;0.762036;537.000000;0.638252;0.725865;0.763083;0.738474;0.750779;827.000000;0.629807;0.763021;0.761728;0.762344;537.000000;0.638252;0.725865;0.763083;0.738474;0.580188;0.757111;0.772226;0.762342;0.767284;710.000000;0.620608;0.776575;0.773001;0.774467;0.773734;498.000000;0.539768;0.737647;0.771451;0.750217;0.760834;710.000000;0.620608;0.776575;0.773001;0.774467;498.000000;0.539768;0.737647;0.771451;0.750217;0.584639;0.758377;0.773839;0.762724;0.768281;654.000000;0.583153;0.784814;0.782569;0.783594;0.783081;360.000000;0.586125;0.731940;0.765110;0.741853;0.753481;654.000000;0.583153;0.784814;0.782569;0.783594;360.000000;0.586125;0.731940;0.765110;0.741853;0.000100
8;6325.000000;6325.000000;0.098725;0.098725;0.957177;0.956658;0.956916;1.203434;0.767865;0.689391;0.698899;0.694145;621.000000;1.237469;0.668306;0.664566;0.661900;0.663233;312.000000;1.169400;0.867424;0.714217;0.735898;0.725057;621.000000;1.237469;0.668306;0.664566;0.661900;312.000000;1.169400;0.867424;0.714217;0.735898;0.693426;0.817900;0.751064;0.771530;0.761297;827.000000;0.898675;0.748636;0.720034;0.725984;0.723009;537.000000;0.488176;0.887165;0.782094;0.817075;0.799585;827.000000;0.898675;0.748636;0.720034;0.725984;537.000000;0.488176;0.887165;0.782094;0.817075;0.662043;0.827066;0.755503;0.776649;0.766076;710.000000;0.883196;0.755216;0.732099;0.736104;0.734102;498.000000;0.440891;0.898915;0.778907;0.817195;0.798051;710.000000;0.883196;0.755216;0.732099;0.736104;498.000000;0.440891;0.898915;0.778907;0.817195;0.639820;0.825825;0.765596;0.783874;0.774735;654.000000;0.807192;0.766832;0.745746;0.750963;0.748354;360.000000;0.472448;0.884818;0.785447;0.816786;0.801116;654.000000;0.807192;0.766832;0.745746;0.750963;360.000000;0.472448;0.884818;0.785447;0.816786;0.000100
9;6325.000000;6325.000000;0.099155;0.099155;0.959598;0.960687;0.960135;1.035921;0.738076;0.717413;0.723954;0.720683;621.000000;1.032111;0.686510;0.685481;0.685351;0.685416;312.000000;1.039730;0.789642;0.749344;0.762557;0.755951;621.000000;1.032111;0.686510;0.685481;0.685351;312.000000;1.039730;0.789642;0.749344;0.762557;0.706686;0.791841;0.805364;0.797327;0.801345;827.000000;0.699421;0.764602;0.771730;0.766548;0.769139;537.000000;0.713951;0.819080;0.838997;0.828106;0.833552;827.000000;0.699421;0.764602;0.771730;0.766548;537.000000;0.713951;0.819080;0.838997;0.828106;0.650390;0.800979;0.811029;0.805065;0.808047;710.000000;0.684497;0.781326;0.786015;0.782330;0.784173;498.000000;0.616283;0.820631;0.836044;0.827800;0.831922;710.000000;0.684497;0.781326;0.786015;0.782330;498.000000;0.616283;0.820631;0.836044;0.827800;0.625253;0.810020;0.826414;0.816048;0.821231;654.000000;0.630652;0.789517;0.796832;0.790827;0.793829;360.000000;0.619854;0.830524;0.855996;0.841270;0.848633;654.000000;0.630652;0.789517;0.796832;0.790827;360.000000;0.619854;0.830524;0.855996;0.841270;0.000100
10;6325.000000;6325.000000;0.077085;0.077085;0.967052;0.968858;0.967934;0.992915;0.750206;0.732300;0.737957;0.735129;621.000000;0.919502;0.729013;0.727264;0.727134;0.727199;312.000000;1.066327;0.771400;0.737336;0.748780;0.743058;621.000000;0.919502;0.729013;0.727264;0.727134;312.000000;1.066327;0.771400;0.737336;0.748780;0.642840;0.783229;0.801367;0.790213;0.795790;827.000000;0.834199;0.718192;0.724951;0.719247;0.722099;537.000000;0.451481;0.848265;0.877782;0.861178;0.869480;827.000000;0.834199;0.718192;0.724951;0.719247;537.000000;0.451481;0.848265;0.877782;0.861178;0.580524;0.792464;0.808263;0.798736;0.803499;710.000000;0.796953;0.735332;0.739607;0.735745;0.737676;498.000000;0.364095;0.849597;0.876918;0.861727;0.869323;710.000000;0.796953;0.735332;0.739607;0.735745;498.000000;0.364095;0.849597;0.876918;0.861727;0.572226;0.799867;0.820093;0.806798;0.813446;654.000000;0.738184;0.750682;0.757507;0.751052;0.754279;360.000000;0.406269;0.849053;0.882679;0.862545;0.872612;654.000000;0.738184;0.750682;0.757507;0.751052;360.000000;0.406269;0.849053;0.882679;0.862545;0.000100

EXPERIMENT: multitask_audio_mamba_2026-08-19_14-17_audio_mamba_segment_model_wsm_audio_models-e0ce-007_7ad8c84f
CONFIG: wsm_audio_models-e0ce-007.yaml
seed: 42
experiment_info:
  params:
    experiment_name: wsm_audio_segment_wavlm_base_l9_pool4
    run_name: multitask_audio_mamba
data:
  name: wsm_audio_segment_datamodule
  params:
    data_root: /media/maxim/Databases/WSM_NEW
    task: multitask
    feature_cache_root: /media/maxim/Databases/WSM_NEW/features
    test_filters:
    - none
    - soft
    - hard
    feature_model_name: microsoft/wavlm-base-plus
    feature_layer: 9
    temporal_pool: 4
    batch_size: 8
    num_workers: 4
    pin_memory: true
    persistent_workers: true
model:
  name: audio_mamba_segment_model
  params:
    hidden_dim: 256
    num_layers: 2
    num_heads: 4
    ff_mult: 4
    dropout: 0.25
    encoder_type: transformer
    sequence_steps: 128
    mamba_d_state: 16
    mamba_d_conv: 4
    mamba_expand: 2
    mamba_required: false
loss:
  name: wsm_audio_loss
  params:
    label_smoothing: 0.02
    focal_gamma: 1.0
    aux_weight: 0.1
optimizer:
  name: adamw_optimizer
  params:
    lr: 0.0001
    weight_decay: 0.01
train:
  params:
    epochs: 30
    device: cuda
    mixed_precision: true
    grad_clip_norm: 0.5
    log_every_steps: 25
    collect_cache: true
metrics:
- name: prf_macro_metric
callbacks:
- name: wsm_audio_metrics_callback
  params:
    splits:
    - auto
- name: checkpoint_callback
  params:
    log_path: logs
    filename_template: epoch={epoch}_{monitor}={value:.4f}.pt
    monitor: dev/mean_score
    mode: max
    save_top_k: 2
    save_last: true
- name: snapshot_callback
  params:
    log_path: logs
    include:
    - src
    save_code_zip: true
    save_config: true
- name: wsm_summary_callback
  params:
    filename: summary.txt
- name: early_stopping_callback
  params:
    monitor: dev/mean_score
    mode: max
    patience: 6
    min_delta: 0.0005
logging:
- name: console_file_logger
  params:
    log_path: logs
    log_file: train.log
    console_level: INFO
    file_level: INFO
- name: mlflow_logger
  params:
    tracking_uri: sqlite:///logs/mlflow.db
RESULTS:
epoch;train/num_samples;train/train/num_samples;train/loss;train/train/loss;train/macro_precision;train/macro_recall;train/macro_f1;dev/mean_loss;dev/mean_macro_precision;dev/mean_macro_recall;dev/mean_macro_f1;dev/mean_score;dev/depression/num_samples;dev/depression/loss;dev/depression/macro_precision;dev/depression/macro_recall;dev/depression/macro_f1;dev/depression/score;dev/parkinson/num_samples;dev/parkinson/loss;dev/parkinson/macro_precision;dev/parkinson/macro_recall;dev/parkinson/macro_f1;dev/parkinson/score;dev_depression/num_samples;dev_depression/loss;dev_depression/macro_precision;dev_depression/macro_recall;dev_depression/macro_f1;dev_parkinson/num_samples;dev_parkinson/loss;dev_parkinson/macro_precision;dev_parkinson/macro_recall;dev_parkinson/macro_f1;test_none/mean_loss;test_none/mean_macro_precision;test_none/mean_macro_recall;test_none/mean_macro_f1;test_none/mean_score;test_none/depression/num_samples;test_none/depression/loss;test_none/depression/macro_precision;test_none/depression/macro_recall;test_none/depression/macro_f1;test_none/depression/score;test_none/parkinson/num_samples;test_none/parkinson/loss;test_none/parkinson/macro_precision;test_none/parkinson/macro_recall;test_none/parkinson/macro_f1;test_none/parkinson/score;test_none_depression/num_samples;test_none_depression/loss;test_none_depression/macro_precision;test_none_depression/macro_recall;test_none_depression/macro_f1;test_none_parkinson/num_samples;test_none_parkinson/loss;test_none_parkinson/macro_precision;test_none_parkinson/macro_recall;test_none_parkinson/macro_f1;test_soft/mean_loss;test_soft/mean_macro_precision;test_soft/mean_macro_recall;test_soft/mean_macro_f1;test_soft/mean_score;test_soft/depression/num_samples;test_soft/depression/loss;test_soft/depression/macro_precision;test_soft/depression/macro_recall;test_soft/depression/macro_f1;test_soft/depression/score;test_soft/parkinson/num_samples;test_soft/parkinson/loss;test_soft/parkinson/macro_precision;test_soft/parkinson/macro_recall;test_soft/parkinson/macro_f1;test_soft/parkinson/score;test_soft_depression/num_samples;test_soft_depression/loss;test_soft_depression/macro_precision;test_soft_depression/macro_recall;test_soft_depression/macro_f1;test_soft_parkinson/num_samples;test_soft_parkinson/loss;test_soft_parkinson/macro_precision;test_soft_parkinson/macro_recall;test_soft_parkinson/macro_f1;test_hard/mean_loss;test_hard/mean_macro_precision;test_hard/mean_macro_recall;test_hard/mean_macro_f1;test_hard/mean_score;test_hard/depression/num_samples;test_hard/depression/loss;test_hard/depression/macro_precision;test_hard/depression/macro_recall;test_hard/depression/macro_f1;test_hard/depression/score;test_hard/parkinson/num_samples;test_hard/parkinson/loss;test_hard/parkinson/macro_precision;test_hard/parkinson/macro_recall;test_hard/parkinson/macro_f1;test_hard/parkinson/score;test_hard_depression/num_samples;test_hard_depression/loss;test_hard_depression/macro_precision;test_hard_depression/macro_recall;test_hard_depression/macro_f1;test_hard_parkinson/num_samples;test_hard_parkinson/loss;test_hard_parkinson/macro_precision;test_hard_parkinson/macro_recall;test_hard_parkinson/macro_f1;lr/group
1;6325.000000;6325.000000;0.282265;0.282265;0.759640;0.763913;0.761430;0.576697;0.801804;0.705188;0.711544;0.708366;621.000000;0.424464;0.740854;0.736601;0.736072;0.736337;312.000000;0.728931;0.862755;0.673775;0.687016;0.680395;621.000000;0.424464;0.740854;0.736601;0.736072;312.000000;0.728931;0.862755;0.673775;0.687016;0.469405;0.766809;0.724412;0.730042;0.727227;827.000000;0.488319;0.673321;0.676678;0.657511;0.667094;537.000000;0.450491;0.860297;0.772147;0.802574;0.787360;827.000000;0.488319;0.673321;0.676678;0.657511;537.000000;0.450491;0.860297;0.772147;0.802574;0.441108;0.771192;0.723088;0.727895;0.725491;710.000000;0.494290;0.674200;0.667051;0.645516;0.656284;498.000000;0.387926;0.868185;0.779125;0.810274;0.794699;710.000000;0.494290;0.674200;0.667051;0.645516;498.000000;0.387926;0.868185;0.779125;0.810274;0.429796;0.777381;0.742808;0.740237;0.741523;654.000000;0.485333;0.688028;0.680118;0.652124;0.666121;360.000000;0.374258;0.866734;0.805497;0.828351;0.816924;654.000000;0.485333;0.688028;0.680118;0.652124;360.000000;0.374258;0.866734;0.805497;0.828351;0.000100
2;6325.000000;6325.000000;0.227647;0.227647;0.847511;0.847364;0.847437;0.375174;0.807002;0.759987;0.771016;0.765501;621.000000;0.402766;0.760529;0.755929;0.755502;0.755716;312.000000;0.347582;0.853474;0.764044;0.786530;0.775287;621.000000;0.402766;0.760529;0.755929;0.755502;312.000000;0.347582;0.853474;0.764044;0.786530;0.294030;0.791436;0.801718;0.791780;0.796749;827.000000;0.338384;0.752798;0.762010;0.748093;0.755052;537.000000;0.249676;0.830074;0.841426;0.835467;0.838446;827.000000;0.338384;0.752798;0.762010;0.748093;537.000000;0.249676;0.830074;0.841426;0.835467;0.269796;0.795021;0.802677;0.793357;0.798017;710.000000;0.334649;0.758411;0.761222;0.749168;0.755195;498.000000;0.204943;0.831632;0.844131;0.837546;0.840839;710.000000;0.334649;0.758411;0.761222;0.749168;498.000000;0.204943;0.831632;0.844131;0.837546;0.279318;0.793658;0.806457;0.793226;0.799842;654.000000;0.326127;0.766032;0.771770;0.756466;0.764118;360.000000;0.232508;0.821285;0.841145;0.829986;0.835565;654.000000;0.326127;0.766032;0.771770;0.756466;360.000000;0.232508;0.821285;0.841145;0.829986;0.000100
3;6325.000000;6325.000000;0.187851;0.187851;0.880170;0.880437;0.880303;0.602608;0.806952;0.713965;0.722265;0.718115;621.000000;0.524784;0.737555;0.716060;0.710999;0.713529;312.000000;0.680432;0.876348;0.711870;0.733531;0.722701;621.000000;0.524784;0.737555;0.716060;0.710999;312.000000;0.680432;0.876348;0.711870;0.733531;0.423987;0.834205;0.776086;0.782398;0.779242;827.000000;0.507071;0.740095;0.740095;0.713422;0.726759;537.000000;0.340904;0.928314;0.812077;0.851373;0.831725;827.000000;0.507071;0.740095;0.740095;0.713422;537.000000;0.340904;0.928314;0.812077;0.851373;0.394488;0.845295;0.776359;0.785300;0.780829;710.000000;0.503872;0.750572;0.738474;0.714494;0.726484;498.000000;0.285103;0.940018;0.814244;0.856106;0.835175;710.000000;0.503872;0.750572;0.738474;0.714494;498.000000;0.285103;0.940018;0.814244;0.856106;0.393126;0.848042;0.794630;0.797363;0.795996;654.000000;0.496166;0.758399;0.749605;0.721272;0.735439;360.000000;0.290087;0.937685;0.839654;0.873454;0.856554;654.000000;0.496166;0.758399;0.749605;0.721272;360.000000;0.290087;0.937685;0.839654;0.873454;0.000100
4;6325.000000;6325.000000;0.164530;0.164530;0.901216;0.899302;0.900231;0.715951;0.786630;0.732728;0.742299;0.737514;621.000000;0.690527;0.753239;0.751447;0.751393;0.751420;312.000000;0.741376;0.820021;0.714010;0.733205;0.723607;621.000000;0.690527;0.753239;0.751447;0.751393;312.000000;0.741376;0.820021;0.714010;0.733205;0.478514;0.823797;0.799045;0.806443;0.802744;827.000000;0.638345;0.742020;0.750801;0.741664;0.746232;537.000000;0.318684;0.905575;0.847288;0.871223;0.859256;827.000000;0.638345;0.742020;0.750801;0.741664;537.000000;0.318684;0.905575;0.847288;0.871223;0.445708;0.832594;0.801957;0.811214;0.806585;710.000000;0.639724;0.749144;0.753896;0.745751;0.749823;498.000000;0.251693;0.916045;0.850017;0.876677;0.863347;710.000000;0.639724;0.749144;0.753896;0.745751;498.000000;0.251693;0.916045;0.850017;0.876677;0.432955;0.834313;0.814819;0.818640;0.816730;654.000000;0.611251;0.761535;0.768844;0.757311;0.763078;360.000000;0.254658;0.907091;0.860794;0.879970;0.870382;654.000000;0.611251;0.761535;0.768844;0.757311;360.000000;0.254658;0.907091;0.860794;0.879970;0.000100
5;6325.000000;6325.000000;0.152652;0.152652;0.918719;0.917823;0.918265;0.765967;0.756309;0.713909;0.720018;0.716964;621.000000;0.708853;0.686230;0.673436;0.666368;0.669902;312.000000;0.823082;0.826387;0.754382;0.773668;0.764025;621.000000;0.708853;0.686230;0.673436;0.666368;312.000000;0.823082;0.826387;0.754382;0.773668;0.487156;0.810306;0.780288;0.787572;0.783930;827.000000;0.560799;0.762580;0.719336;0.726038;0.722687;537.000000;0.413513;0.858031;0.841240;0.849106;0.845173;827.000000;0.560799;0.762580;0.719336;0.726038;537.000000;0.413513;0.858031;0.841240;0.849106;0.469549;0.813597;0.785059;0.791953;0.788506;710.000000;0.558602;0.766860;0.730520;0.734723;0.732622;498.000000;0.380496;0.860335;0.839597;0.849182;0.844390;710.000000;0.558602;0.766860;0.730520;0.734723;498.000000;0.380496;0.860335;0.839597;0.849182;0.423078;0.816630;0.797414;0.801491;0.799453;654.000000;0.531695;0.769449;0.735467;0.741444;0.738456;360.000000;0.314461;0.863811;0.859360;0.861538;0.860449;654.000000;0.531695;0.769449;0.735467;0.741444;360.000000;0.314461;0.863811;0.859360;0.861538;0.000100
6;6325.000000;6325.000000;0.128174;0.128174;0.940044;0.936758;0.938331;0.802186;0.774175;0.671295;0.670648;0.670972;621.000000;1.025502;0.670309;0.625957;0.602225;0.614091;312.000000;0.578870;0.878041;0.716632;0.739072;0.727852;621.000000;1.025502;0.670309;0.625957;0.602225;312.000000;0.578870;0.878041;0.716632;0.739072;0.632813;0.771838;0.704344;0.700652;0.702498;827.000000;0.970257;0.675104;0.657906;0.615059;0.636482;537.000000;0.295369;0.868572;0.750782;0.786246;0.768514;827.000000;0.970257;0.675104;0.657906;0.615059;537.000000;0.295369;0.868572;0.750782;0.786246;0.604183;0.784287;0.701736;0.701636;0.701686;710.000000;0.954367;0.690974;0.662781;0.624402;0.643592;498.000000;0.253999;0.877599;0.740691;0.778869;0.759780;710.000000;0.954367;0.690974;0.662781;0.624402;498.000000;0.253999;0.877599;0.740691;0.778869;0.614649;0.781480;0.710092;0.702878;0.706485;654.000000;0.942712;0.701294;0.671322;0.625758;0.648540;360.000000;0.286587;0.861667;0.748863;0.779998;0.764430;654.000000;0.942712;0.701294;0.671322;0.625758;360.000000;0.286587;0.861667;0.748863;0.779998;0.000100
7;6325.000000;6325.000000;0.117490;0.117490;0.945408;0.946031;0.945717;1.073527;0.752547;0.671027;0.676303;0.673665;621.000000;1.138896;0.652103;0.639776;0.630928;0.635352;312.000000;1.008159;0.852991;0.702277;0.721677;0.711977;621.000000;1.138896;0.652103;0.639776;0.630928;312.000000;1.008159;0.852991;0.702277;0.721677;0.640769;0.810381;0.776461;0.788597;0.782529;827.000000;0.813927;0.713157;0.691834;0.696172;0.694003;537.000000;0.467612;0.907605;0.861088;0.881022;0.871055;827.000000;0.813927;0.713157;0.691834;0.696172;537.000000;0.467612;0.907605;0.861088;0.881022;0.597930;0.818827;0.782986;0.795523;0.789255;710.000000;0.806694;0.719991;0.700891;0.703717;0.702304;498.000000;0.389167;0.917662;0.865081;0.887330;0.876205;710.000000;0.806694;0.719991;0.700891;0.703717;498.000000;0.389167;0.917662;0.865081;0.887330;0.534580;0.821304;0.801386;0.808223;0.804804;654.000000;0.767465;0.722831;0.704304;0.708172;0.706238;360.000000;0.301695;0.919778;0.898467;0.908275;0.903371;654.000000;0.767465;0.722831;0.704304;0.708172;360.000000;0.301695;0.919778;0.898467;0.908275;0.000100
8;6325.000000;6325.000000;0.112241;0.112241;0.951504;0.951440;0.951472;1.400732;0.742175;0.646581;0.648529;0.647555;621.000000;1.540679;0.638650;0.631326;0.625268;0.628297;312.000000;1.260785;0.845700;0.661836;0.671790;0.666813;621.000000;1.540679;0.638650;0.631326;0.625268;312.000000;1.260785;0.845700;0.661836;0.671790;0.875948;0.814534;0.725350;0.747783;0.736567;827.000000;1.095990;0.745801;0.717525;0.723350;0.720437;537.000000;0.655907;0.883267;0.733176;0.772217;0.752696;827.000000;1.095990;0.745801;0.717525;0.723350;537.000000;0.655907;0.883267;0.733176;0.772217;0.878611;0.819355;0.720772;0.742741;0.731757;710.000000;1.117198;0.748917;0.721453;0.725173;0.723313;498.000000;0.640024;0.889792;0.720091;0.760309;0.740200;710.000000;1.117198;0.748917;0.721453;0.725173;498.000000;0.640024;0.889792;0.720091;0.760309;0.834660;0.817228;0.734238;0.753898;0.744068;654.000000;1.048531;0.754826;0.728673;0.733887;0.731280;360.000000;0.620790;0.879630;0.739803;0.773908;0.756855;654.000000;1.048531;0.754826;0.728673;0.733887;360.000000;0.620790;0.879630;0.739803;0.773908;0.000100

