EXPERIMENT: multitask_audio_mamba_2026-08-18_01-18_audio_mamba_segment_model_wsm_audio_ssl-1669-001_099b9856
CONFIG: wsm_audio_ssl-1669-001.yaml
seed: 42
experiment_info:
  params:
    experiment_name: wsm_audio_segment
    run_name: multitask_audio_mamba
data:
  name: wsm_audio_segment_datamodule
  params:
    data_root: /media/maxim/Databases/WSM_NEW
    task: multitask
    feature_cache_root: /media/maxim/Databases/WSM_NEW/features
    test_filters:
    - none
    - soft
    - hard
    feature_model_name: microsoft/wavlm-base-plus
    feature_layer: 6
    temporal_pool: 4
    batch_size: 8
    num_workers: 4
    pin_memory: true
    persistent_workers: true
model:
  name: audio_mamba_segment_model
  params:
    hidden_dim: 192
    num_layers: 3
    num_heads: 4
    ff_mult: 4
    dropout: 0.2
    encoder_type: mamba
    sequence_steps: 128
    mamba_d_state: 16
    mamba_d_conv: 4
    mamba_expand: 2
    mamba_required: true
loss:
  name: wsm_audio_loss
  params:
    label_smoothing: 0.02
    focal_gamma: 1.0
    aux_weight: 0.15
optimizer:
  name: adamw_optimizer
  params:
    lr: 0.0001
    weight_decay: 0.01
train:
  params:
    epochs: 30
    device: cuda
    mixed_precision: true
    grad_clip_norm: 0.5
    log_every_steps: 25
    collect_cache: true
metrics:
- name: prf_macro_metric
callbacks:
- name: wsm_audio_metrics_callback
  params:
    splits:
    - auto
- name: checkpoint_callback
  params:
    log_path: logs
    filename_template: epoch={epoch}_{monitor}={value:.4f}.pt
    monitor: dev/mean_score
    mode: max
    save_top_k: 2
    save_last: true
- name: snapshot_callback
  params:
    log_path: logs
    include:
    - src
    save_code_zip: true
    save_config: true
- name: wsm_summary_callback
  params:
    filename: summary.txt
- name: early_stopping_callback
  params:
    monitor: dev/mean_score
    mode: max
    patience: 6
    min_delta: 0.0005
logging:
- name: console_file_logger
  params:
    log_path: logs
    log_file: train.log
    console_level: INFO
    file_level: INFO
- name: mlflow_logger
  params:
    tracking_uri: sqlite:///logs/mlflow.db
RESULTS:
epoch;train/num_samples;train/train/num_samples;train/loss;train/train/loss;train/macro_precision;train/macro_recall;train/macro_f1;dev/mean_loss;dev/mean_macro_precision;dev/mean_macro_recall;dev/mean_macro_f1;dev/mean_score;dev/depression/num_samples;dev/depression/loss;dev/depression/macro_precision;dev/depression/macro_recall;dev/depression/macro_f1;dev/depression/score;dev/parkinson/num_samples;dev/parkinson/loss;dev/parkinson/macro_precision;dev/parkinson/macro_recall;dev/parkinson/macro_f1;dev/parkinson/score;dev_depression/num_samples;dev_depression/loss;dev_depression/macro_precision;dev_depression/macro_recall;dev_depression/macro_f1;dev_parkinson/num_samples;dev_parkinson/loss;dev_parkinson/macro_precision;dev_parkinson/macro_recall;dev_parkinson/macro_f1;test_none/mean_loss;test_none/mean_macro_precision;test_none/mean_macro_recall;test_none/mean_macro_f1;test_none/mean_score;test_none/depression/num_samples;test_none/depression/loss;test_none/depression/macro_precision;test_none/depression/macro_recall;test_none/depression/macro_f1;test_none/depression/score;test_none/parkinson/num_samples;test_none/parkinson/loss;test_none/parkinson/macro_precision;test_none/parkinson/macro_recall;test_none/parkinson/macro_f1;test_none/parkinson/score;test_none_depression/num_samples;test_none_depression/loss;test_none_depression/macro_precision;test_none_depression/macro_recall;test_none_depression/macro_f1;test_none_parkinson/num_samples;test_none_parkinson/loss;test_none_parkinson/macro_precision;test_none_parkinson/macro_recall;test_none_parkinson/macro_f1;test_soft/mean_loss;test_soft/mean_macro_precision;test_soft/mean_macro_recall;test_soft/mean_macro_f1;test_soft/mean_score;test_soft/depression/num_samples;test_soft/depression/loss;test_soft/depression/macro_precision;test_soft/depression/macro_recall;test_soft/depression/macro_f1;test_soft/depression/score;test_soft/parkinson/num_samples;test_soft/parkinson/loss;test_soft/parkinson/macro_precision;test_soft/parkinson/macro_recall;test_soft/parkinson/macro_f1;test_soft/parkinson/score;test_soft_depression/num_samples;test_soft_depression/loss;test_soft_depression/macro_precision;test_soft_depression/macro_recall;test_soft_depression/macro_f1;test_soft_parkinson/num_samples;test_soft_parkinson/loss;test_soft_parkinson/macro_precision;test_soft_parkinson/macro_recall;test_soft_parkinson/macro_f1;test_hard/mean_loss;test_hard/mean_macro_precision;test_hard/mean_macro_recall;test_hard/mean_macro_f1;test_hard/mean_score;test_hard/depression/num_samples;test_hard/depression/loss;test_hard/depression/macro_precision;test_hard/depression/macro_recall;test_hard/depression/macro_f1;test_hard/depression/score;test_hard/parkinson/num_samples;test_hard/parkinson/loss;test_hard/parkinson/macro_precision;test_hard/parkinson/macro_recall;test_hard/parkinson/macro_f1;test_hard/parkinson/score;test_hard_depression/num_samples;test_hard_depression/loss;test_hard_depression/macro_precision;test_hard_depression/macro_recall;test_hard_depression/macro_f1;test_hard_parkinson/num_samples;test_hard_parkinson/loss;test_hard_parkinson/macro_precision;test_hard_parkinson/macro_recall;test_hard_parkinson/macro_f1;lr/group
1;6325.000000;6325.000000;0.332344;0.332344;0.685233;0.685849;0.685530;0.448283;0.722343;0.666508;0.655330;0.660919;621.000000;0.447225;0.690459;0.628945;0.593624;0.611284;312.000000;0.449341;0.754227;0.704072;0.717035;0.710554;621.000000;0.447225;0.690459;0.628945;0.593624;312.000000;0.449341;0.754227;0.704072;0.717035;0.299130;0.811105;0.792852;0.793524;0.793188;827.000000;0.282149;0.809672;0.757984;0.767472;0.762728;537.000000;0.316110;0.812538;0.827719;0.819576;0.823648;827.000000;0.282149;0.809672;0.757984;0.767472;537.000000;0.316110;0.812538;0.827719;0.819576;0.273753;0.819905;0.803000;0.802756;0.802878;710.000000;0.280198;0.821520;0.774054;0.780819;0.777436;498.000000;0.267307;0.818290;0.831945;0.824693;0.828319;710.000000;0.280198;0.821520;0.774054;0.780819;498.000000;0.267307;0.818290;0.831945;0.824693;0.312281;0.806567;0.791720;0.792197;0.791958;654.000000;0.272380;0.830771;0.786601;0.795568;0.791085;360.000000;0.352183;0.782364;0.796839;0.788825;0.792832;654.000000;0.272380;0.830771;0.786601;0.795568;360.000000;0.352183;0.782364;0.796839;0.788825;0.000100
2;6325.000000;6325.000000;0.231444;0.231444;0.848645;0.843587;0.845892;0.585421;0.773096;0.683912;0.687181;0.685546;621.000000;0.398795;0.718294;0.717927;0.717959;0.717943;312.000000;0.772048;0.827899;0.649896;0.656403;0.653150;621.000000;0.398795;0.718294;0.717927;0.717959;312.000000;0.772048;0.827899;0.649896;0.656403;0.397810;0.806012;0.717455;0.735780;0.726618;827.000000;0.377458;0.726071;0.729335;0.727375;0.728355;537.000000;0.418162;0.885954;0.705576;0.744185;0.724880;827.000000;0.377458;0.726071;0.729335;0.727375;537.000000;0.418162;0.885954;0.705576;0.744185;0.332129;0.844613;0.745832;0.766697;0.756264;710.000000;0.309236;0.787870;0.785307;0.786423;0.785865;498.000000;0.355021;0.901357;0.706357;0.746971;0.726664;710.000000;0.309236;0.787870;0.785307;0.786423;498.000000;0.355021;0.901357;0.706357;0.746971;0.346784;0.848461;0.759058;0.776750;0.767904;654.000000;0.288835;0.796963;0.797274;0.797117;0.797196;360.000000;0.404732;0.899958;0.720842;0.756384;0.738613;654.000000;0.288835;0.796963;0.797274;0.797117;360.000000;0.404732;0.899958;0.720842;0.756384;0.000100
3;6325.000000;6325.000000;0.192204;0.192204;0.891427;0.887846;0.889538;0.625824;0.748239;0.698193;0.706566;0.702380;621.000000;0.577956;0.697923;0.696732;0.696601;0.696666;312.000000;0.673692;0.798555;0.699655;0.716530;0.708093;621.000000;0.577956;0.697923;0.696732;0.696601;312.000000;0.673692;0.798555;0.699655;0.716530;0.391538;0.816239;0.793385;0.803157;0.798271;827.000000;0.453710;0.762540;0.756901;0.759225;0.758063;537.000000;0.329366;0.869939;0.829869;0.847090;0.838479;827.000000;0.453710;0.762540;0.756901;0.759225;537.000000;0.329366;0.869939;0.829869;0.847090;0.351908;0.829530;0.806195;0.816147;0.811171;710.000000;0.415720;0.781034;0.777110;0.778701;0.777906;498.000000;0.288095;0.878026;0.835281;0.853593;0.844437;710.000000;0.415720;0.781034;0.777110;0.778701;498.000000;0.288095;0.878026;0.835281;0.853593;0.375267;0.823016;0.804122;0.812109;0.808115;654.000000;0.393111;0.787986;0.785716;0.786753;0.786234;360.000000;0.357422;0.858046;0.822528;0.837465;0.829996;654.000000;0.393111;0.787986;0.785716;0.786753;360.000000;0.357422;0.858046;0.822528;0.837465;0.000100
4;6325.000000;6325.000000;0.173420;0.173420;0.911853;0.907638;0.909620;0.811056;0.745315;0.705232;0.714099;0.709665;621.000000;0.716107;0.688201;0.687068;0.686918;0.686993;312.000000;0.906005;0.802429;0.723395;0.741280;0.732338;621.000000;0.716107;0.688201;0.687068;0.686918;312.000000;0.906005;0.802429;0.723395;0.741280;0.498570;0.786025;0.786169;0.785513;0.785841;827.000000;0.534487;0.741331;0.733433;0.736362;0.734898;537.000000;0.462653;0.830718;0.838904;0.834665;0.836785;827.000000;0.534487;0.741331;0.733433;0.736362;537.000000;0.462653;0.830718;0.838904;0.834665;0.443761;0.802310;0.802327;0.801390;0.801858;710.000000;0.493695;0.766993;0.757863;0.760744;0.759304;498.000000;0.393826;0.837628;0.846791;0.842035;0.844413;710.000000;0.493695;0.766993;0.757863;0.760744;498.000000;0.393826;0.837628;0.846791;0.842035;0.476887;0.800535;0.805876;0.802502;0.804189;654.000000;0.454106;0.779434;0.773628;0.775955;0.774791;360.000000;0.499667;0.821636;0.838125;0.829049;0.833587;654.000000;0.454106;0.779434;0.773628;0.775955;360.000000;0.499667;0.821636;0.838125;0.829049;0.000100
5;6325.000000;6325.000000;0.149615;0.149615;0.927989;0.923808;0.925782;0.660072;0.744727;0.700370;0.709167;0.704769;621.000000;0.533922;0.689180;0.689216;0.689182;0.689199;312.000000;0.786222;0.800274;0.711525;0.729152;0.720339;621.000000;0.533922;0.689180;0.689216;0.689182;312.000000;0.786222;0.800274;0.711525;0.729152;0.357322;0.822990;0.778946;0.794817;0.786881;827.000000;0.374479;0.766331;0.744391;0.750327;0.747359;537.000000;0.340165;0.879648;0.813500;0.839307;0.826404;827.000000;0.374479;0.766331;0.744391;0.750327;537.000000;0.340165;0.879648;0.813500;0.839307;0.344512;0.839795;0.797068;0.812391;0.804730;710.000000;0.361404;0.784631;0.764501;0.769136;0.766819;498.000000;0.327621;0.894959;0.829635;0.855646;0.842640;710.000000;0.361404;0.784631;0.764501;0.769136;498.000000;0.327621;0.894959;0.829635;0.855646;0.383172;0.833197;0.797878;0.810915;0.804396;654.000000;0.343342;0.792286;0.775408;0.780502;0.777955;360.000000;0.423001;0.874107;0.820349;0.841327;0.830838;654.000000;0.343342;0.792286;0.775408;0.780502;360.000000;0.423001;0.874107;0.820349;0.841327;0.000100
6;6325.000000;6325.000000;0.123274;0.123274;0.946509;0.946129;0.946318;1.002356;0.761711;0.689614;0.698454;0.694034;621.000000;0.903993;0.673750;0.665079;0.661865;0.663472;312.000000;1.100718;0.849673;0.714148;0.735043;0.724595;621.000000;0.903993;0.673750;0.665079;0.661865;312.000000;1.100718;0.849673;0.714148;0.735043;0.637422;0.799233;0.732441;0.746036;0.739239;827.000000;0.574046;0.764602;0.771730;0.766548;0.769139;537.000000;0.700799;0.833864;0.693153;0.725525;0.709339;827.000000;0.574046;0.764602;0.771730;0.766548;537.000000;0.700799;0.833864;0.693153;0.725525;0.623193;0.810939;0.734212;0.750064;0.742138;710.000000;0.556969;0.774819;0.778243;0.775957;0.777100;498.000000;0.689416;0.847058;0.690181;0.724171;0.707176;710.000000;0.556969;0.774819;0.778243;0.775957;498.000000;0.689416;0.847058;0.690181;0.724171;0.694411;0.803239;0.733566;0.745392;0.739479;654.000000;0.548444;0.778390;0.782626;0.779954;0.781290;360.000000;0.840379;0.828088;0.684506;0.710830;0.697668;654.000000;0.548444;0.778390;0.782626;0.779954;360.000000;0.840379;0.828088;0.684506;0.710830;0.000100
7;6325.000000;6325.000000;0.105358;0.105358;0.953744;0.953487;0.953615;0.945254;0.697664;0.663782;0.669732;0.666757;621.000000;1.003615;0.641483;0.640056;0.638608;0.639332;312.000000;0.886893;0.753846;0.687509;0.700855;0.694182;621.000000;1.003615;0.641483;0.640056;0.638608;312.000000;0.886893;0.753846;0.687509;0.700855;0.531366;0.791398;0.771884;0.778539;0.775212;827.000000;0.580759;0.787679;0.762492;0.769353;0.765923;537.000000;0.481972;0.795116;0.781276;0.787726;0.784501;827.000000;0.580759;0.787679;0.762492;0.769353;537.000000;0.481972;0.795116;0.781276;0.787726;0.505867;0.801614;0.780416;0.786812;0.783614;710.000000;0.553458;0.803791;0.776847;0.782475;0.779661;498.000000;0.458276;0.799437;0.783986;0.791148;0.787567;710.000000;0.553458;0.803791;0.776847;0.782475;498.000000;0.458276;0.799437;0.783986;0.791148;0.560584;0.783702;0.766515;0.772081;0.769298;654.000000;0.507300;0.814673;0.789806;0.796538;0.793172;360.000000;0.613868;0.752731;0.743224;0.747624;0.745424;654.000000;0.507300;0.814673;0.789806;0.796538;360.000000;0.613868;0.752731;0.743224;0.747624;0.000100
8;6325.000000;6325.000000;0.101282;0.101282;0.960629;0.960171;0.960399;1.170781;0.740315;0.692530;0.686715;0.689623;621.000000;1.112738;0.720873;0.659664;0.636870;0.648267;312.000000;1.228824;0.759756;0.725397;0.736561;0.730979;621.000000;1.112738;0.720873;0.659664;0.636870;312.000000;1.228824;0.759756;0.725397;0.736561;0.934441;0.724907;0.735182;0.707901;0.721541;827.000000;1.015676;0.705315;0.694904;0.659339;0.677121;537.000000;0.853207;0.744499;0.775460;0.756463;0.765961;827.000000;1.015676;0.705315;0.694904;0.659339;537.000000;0.853207;0.744499;0.775460;0.756463;0.908549;0.740017;0.745127;0.722426;0.733776;710.000000;0.936658;0.734474;0.716252;0.687912;0.702082;498.000000;0.880440;0.745560;0.774002;0.756940;0.765471;710.000000;0.936658;0.734474;0.716252;0.687912;498.000000;0.880440;0.745560;0.774002;0.756940;1.016537;0.725542;0.729170;0.704566;0.716868;654.000000;0.914942;0.744282;0.727883;0.694271;0.711077;360.000000;1.118131;0.706803;0.730456;0.714862;0.722659;654.000000;0.914942;0.744282;0.727883;0.694271;360.000000;1.118131;0.706803;0.730456;0.714862;0.000100
9;6325.000000;6325.000000;0.074093;0.074093;0.968730;0.968664;0.968697;1.517606;0.753316;0.677966;0.685661;0.681813;621.000000;1.567390;0.670926;0.670355;0.669719;0.670037;312.000000;1.467822;0.835705;0.685576;0.701603;0.693590;621.000000;1.567390;0.670926;0.670355;0.669719;312.000000;1.467822;0.835705;0.685576;0.701603;1.056855;0.802830;0.699823;0.719140;0.709481;827.000000;1.169622;0.755478;0.724099;0.730433;0.727266;537.000000;0.944088;0.850182;0.675547;0.707847;0.691697;827.000000;1.169622;0.755478;0.724099;0.730433;537.000000;0.944088;0.850182;0.675547;0.707847;1.051120;0.817466;0.703367;0.722224;0.712795;710.000000;1.153847;0.765069;0.735823;0.740191;0.738007;498.000000;0.948394;0.869864;0.670910;0.704256;0.687583;710.000000;1.153847;0.765069;0.735823;0.740191;498.000000;0.948394;0.869864;0.670910;0.704256;1.143352;0.806526;0.699389;0.712496;0.705942;654.000000;1.078679;0.775090;0.748085;0.754022;0.751053;360.000000;1.208024;0.837963;0.650694;0.670969;0.660832;654.000000;1.078679;0.775090;0.748085;0.754022;360.000000;1.208024;0.837963;0.650694;0.670969;0.000100
10;6325.000000;6325.000000;0.064989;0.064989;0.977141;0.976803;0.976972;1.629935;0.761377;0.669270;0.674017;0.671644;621.000000;1.336057;0.677053;0.676704;0.676245;0.676474;312.000000;1.923812;0.845700;0.661836;0.671790;0.666813;621.000000;1.336057;0.677053;0.676704;0.676245;312.000000;1.923812;0.845700;0.661836;0.671790;1.136838;0.794377;0.687573;0.706511;0.697042;827.000000;1.093805;0.714844;0.699645;0.703619;0.701632;537.000000;1.179871;0.873910;0.675501;0.709403;0.692452;827.000000;1.093805;0.714844;0.699645;0.703619;537.000000;1.179871;0.873910;0.675501;0.709403;1.127982;0.815445;0.689949;0.708562;0.699256;710.000000;1.084355;0.731610;0.713196;0.716403;0.714799;498.000000;1.171610;0.899279;0.666703;0.700721;0.683712;710.000000;1.084355;0.731610;0.713196;0.716403;498.000000;1.171610;0.899279;0.666703;0.700721;1.256845;0.808344;0.686317;0.698981;0.692649;654.000000;1.050814;0.739021;0.721098;0.725357;0.723228;360.000000;1.462876;0.877668;0.651535;0.672606;0.662070;654.000000;1.050814;0.739021;0.721098;0.725357;360.000000;1.462876;0.877668;0.651535;0.672606;0.000100

EXPERIMENT: multitask_audio_mamba_2026-08-18_01-43_audio_mamba_segment_model_wsm_audio_ssl-1669-002_c2591a5f
CONFIG: wsm_audio_ssl-1669-002.yaml
seed: 42
experiment_info:
  params:
    experiment_name: wsm_audio_segment
    run_name: multitask_audio_mamba
data:
  name: wsm_audio_segment_datamodule
  params:
    data_root: /media/maxim/Databases/WSM_NEW
    task: multitask
    feature_cache_root: /media/maxim/Databases/WSM_NEW/features
    test_filters:
    - none
    - soft
    - hard
    feature_model_name: microsoft/wavlm-base-plus
    feature_layer: 9
    temporal_pool: 4
    batch_size: 8
    num_workers: 4
    pin_memory: true
    persistent_workers: true
model:
  name: audio_mamba_segment_model
  params:
    hidden_dim: 192
    num_layers: 3
    num_heads: 4
    ff_mult: 4
    dropout: 0.2
    encoder_type: mamba
    sequence_steps: 128
    mamba_d_state: 16
    mamba_d_conv: 4
    mamba_expand: 2
    mamba_required: true
loss:
  name: wsm_audio_loss
  params:
    label_smoothing: 0.02
    focal_gamma: 1.0
    aux_weight: 0.15
optimizer:
  name: adamw_optimizer
  params:
    lr: 0.0001
    weight_decay: 0.01
train:
  params:
    epochs: 30
    device: cuda
    mixed_precision: true
    grad_clip_norm: 0.5
    log_every_steps: 25
    collect_cache: true
metrics:
- name: prf_macro_metric
callbacks:
- name: wsm_audio_metrics_callback
  params:
    splits:
    - auto
- name: checkpoint_callback
  params:
    log_path: logs
    filename_template: epoch={epoch}_{monitor}={value:.4f}.pt
    monitor: dev/mean_score
    mode: max
    save_top_k: 2
    save_last: true
- name: snapshot_callback
  params:
    log_path: logs
    include:
    - src
    save_code_zip: true
    save_config: true
- name: wsm_summary_callback
  params:
    filename: summary.txt
- name: early_stopping_callback
  params:
    monitor: dev/mean_score
    mode: max
    patience: 6
    min_delta: 0.0005
logging:
- name: console_file_logger
  params:
    log_path: logs
    log_file: train.log
    console_level: INFO
    file_level: INFO
- name: mlflow_logger
  params:
    tracking_uri: sqlite:///logs/mlflow.db
RESULTS:
epoch;train/num_samples;train/train/num_samples;train/loss;train/train/loss;train/macro_precision;train/macro_recall;train/macro_f1;dev/mean_loss;dev/mean_macro_precision;dev/mean_macro_recall;dev/mean_macro_f1;dev/mean_score;dev/depression/num_samples;dev/depression/loss;dev/depression/macro_precision;dev/depression/macro_recall;dev/depression/macro_f1;dev/depression/score;dev/parkinson/num_samples;dev/parkinson/loss;dev/parkinson/macro_precision;dev/parkinson/macro_recall;dev/parkinson/macro_f1;dev/parkinson/score;dev_depression/num_samples;dev_depression/loss;dev_depression/macro_precision;dev_depression/macro_recall;dev_depression/macro_f1;dev_parkinson/num_samples;dev_parkinson/loss;dev_parkinson/macro_precision;dev_parkinson/macro_recall;dev_parkinson/macro_f1;test_none/mean_loss;test_none/mean_macro_precision;test_none/mean_macro_recall;test_none/mean_macro_f1;test_none/mean_score;test_none/depression/num_samples;test_none/depression/loss;test_none/depression/macro_precision;test_none/depression/macro_recall;test_none/depression/macro_f1;test_none/depression/score;test_none/parkinson/num_samples;test_none/parkinson/loss;test_none/parkinson/macro_precision;test_none/parkinson/macro_recall;test_none/parkinson/macro_f1;test_none/parkinson/score;test_none_depression/num_samples;test_none_depression/loss;test_none_depression/macro_precision;test_none_depression/macro_recall;test_none_depression/macro_f1;test_none_parkinson/num_samples;test_none_parkinson/loss;test_none_parkinson/macro_precision;test_none_parkinson/macro_recall;test_none_parkinson/macro_f1;test_soft/mean_loss;test_soft/mean_macro_precision;test_soft/mean_macro_recall;test_soft/mean_macro_f1;test_soft/mean_score;test_soft/depression/num_samples;test_soft/depression/loss;test_soft/depression/macro_precision;test_soft/depression/macro_recall;test_soft/depression/macro_f1;test_soft/depression/score;test_soft/parkinson/num_samples;test_soft/parkinson/loss;test_soft/parkinson/macro_precision;test_soft/parkinson/macro_recall;test_soft/parkinson/macro_f1;test_soft/parkinson/score;test_soft_depression/num_samples;test_soft_depression/loss;test_soft_depression/macro_precision;test_soft_depression/macro_recall;test_soft_depression/macro_f1;test_soft_parkinson/num_samples;test_soft_parkinson/loss;test_soft_parkinson/macro_precision;test_soft_parkinson/macro_recall;test_soft_parkinson/macro_f1;test_hard/mean_loss;test_hard/mean_macro_precision;test_hard/mean_macro_recall;test_hard/mean_macro_f1;test_hard/mean_score;test_hard/depression/num_samples;test_hard/depression/loss;test_hard/depression/macro_precision;test_hard/depression/macro_recall;test_hard/depression/macro_f1;test_hard/depression/score;test_hard/parkinson/num_samples;test_hard/parkinson/loss;test_hard/parkinson/macro_precision;test_hard/parkinson/macro_recall;test_hard/parkinson/macro_f1;test_hard/parkinson/score;test_hard_depression/num_samples;test_hard_depression/loss;test_hard_depression/macro_precision;test_hard_depression/macro_recall;test_hard_depression/macro_f1;test_hard_parkinson/num_samples;test_hard_parkinson/loss;test_hard_parkinson/macro_precision;test_hard_parkinson/macro_recall;test_hard_parkinson/macro_f1;lr/group
1;6325.000000;6325.000000;0.336930;0.336930;0.683557;0.685505;0.684412;0.438227;0.793244;0.729997;0.736406;0.733202;621.000000;0.371307;0.769244;0.750747;0.744870;0.747808;312.000000;0.505146;0.817243;0.709248;0.727942;0.718595;621.000000;0.371307;0.769244;0.750747;0.744870;312.000000;0.505146;0.817243;0.709248;0.727942;0.275224;0.834351;0.808682;0.817537;0.813110;827.000000;0.272865;0.814535;0.783643;0.791923;0.787783;537.000000;0.277584;0.854167;0.833721;0.843152;0.838436;827.000000;0.272865;0.814535;0.783643;0.791923;537.000000;0.277584;0.854167;0.833721;0.843152;0.240148;0.851016;0.827802;0.836135;0.831969;710.000000;0.258236;0.832174;0.809249;0.815133;0.812191;498.000000;0.222061;0.869858;0.846355;0.857137;0.851746;710.000000;0.258236;0.832174;0.809249;0.815133;498.000000;0.222061;0.869858;0.846355;0.857137;0.260123;0.846718;0.827366;0.834949;0.831157;654.000000;0.241932;0.841636;0.823144;0.829172;0.826158;360.000000;0.278314;0.851801;0.831588;0.840725;0.836156;654.000000;0.241932;0.841636;0.823144;0.829172;360.000000;0.278314;0.851801;0.831588;0.840725;0.000100
2;6325.000000;6325.000000;0.257042;0.257042;0.825503;0.826762;0.826114;0.480803;0.811884;0.727784;0.738219;0.733001;621.000000;0.399120;0.749111;0.748459;0.748505;0.748482;312.000000;0.562485;0.874657;0.707108;0.727932;0.717520;621.000000;0.399120;0.749111;0.748459;0.748505;312.000000;0.562485;0.874657;0.707108;0.727932;0.323882;0.814633;0.781023;0.793699;0.787361;827.000000;0.338482;0.759186;0.761061;0.760046;0.760553;537.000000;0.309282;0.870080;0.800985;0.827351;0.814168;827.000000;0.338482;0.759186;0.761061;0.760046;537.000000;0.309282;0.870080;0.800985;0.827351;0.283833;0.831376;0.795305;0.808933;0.802119;710.000000;0.304644;0.781512;0.782797;0.782096;0.782447;498.000000;0.263021;0.881240;0.807813;0.835771;0.821792;710.000000;0.304644;0.781512;0.782797;0.782096;498.000000;0.263021;0.881240;0.807813;0.835771;0.277440;0.838355;0.817171;0.825418;0.821295;654.000000;0.281040;0.795322;0.799142;0.796846;0.797994;360.000000;0.273840;0.881388;0.835200;0.853991;0.844596;654.000000;0.281040;0.795322;0.799142;0.796846;360.000000;0.273840;0.881388;0.835200;0.853991;0.000100
3;6325.000000;6325.000000;0.222868;0.222868;0.852761;0.853982;0.853357;0.622648;0.790844;0.721208;0.728546;0.724877;621.000000;0.712658;0.737744;0.709290;0.702064;0.705677;312.000000;0.532639;0.843945;0.733126;0.755027;0.744077;621.000000;0.712658;0.737744;0.709290;0.702064;312.000000;0.532639;0.843945;0.733126;0.755027;0.489462;0.822866;0.789147;0.787317;0.788232;827.000000;0.604939;0.758379;0.756037;0.726691;0.741364;537.000000;0.373985;0.887354;0.822257;0.847943;0.835100;827.000000;0.604939;0.758379;0.756037;0.726691;537.000000;0.373985;0.887354;0.822257;0.847943;0.450625;0.837719;0.795385;0.796058;0.795721;710.000000;0.584148;0.775659;0.759806;0.733995;0.746901;498.000000;0.317103;0.899779;0.830964;0.858120;0.844542;710.000000;0.584148;0.775659;0.759806;0.733995;498.000000;0.317103;0.899779;0.830964;0.858120;0.430101;0.841579;0.813815;0.807316;0.810566;654.000000;0.566914;0.781555;0.768767;0.737865;0.753316;360.000000;0.293289;0.901604;0.858863;0.876767;0.867815;654.000000;0.566914;0.781555;0.768767;0.737865;360.000000;0.293289;0.901604;0.858863;0.876767;0.000100
4;6325.000000;6325.000000;0.200503;0.200503;0.882100;0.881117;0.881600;0.612536;0.775213;0.699598;0.709296;0.704447;621.000000;0.527440;0.697435;0.696919;0.696916;0.696917;312.000000;0.697631;0.852991;0.702277;0.721677;0.711977;621.000000;0.527440;0.697435;0.696919;0.696916;312.000000;0.697631;0.852991;0.702277;0.721677;0.450377;0.813102;0.768098;0.783470;0.775784;827.000000;0.471218;0.731297;0.735305;0.732798;0.734052;537.000000;0.429535;0.894907;0.800891;0.834142;0.817517;827.000000;0.471218;0.731297;0.735305;0.732798;537.000000;0.429535;0.894907;0.800891;0.834142;0.412150;0.822778;0.774006;0.789694;0.781850;710.000000;0.464548;0.735917;0.740417;0.736015;0.738216;498.000000;0.359752;0.909639;0.807595;0.843372;0.825484;710.000000;0.464548;0.735917;0.740417;0.736015;498.000000;0.359752;0.909639;0.807595;0.843372;0.393214;0.830669;0.795124;0.805266;0.800195;654.000000;0.444638;0.751066;0.758315;0.750191;0.754253;360.000000;0.341789;0.910272;0.831932;0.860341;0.846136;654.000000;0.444638;0.751066;0.758315;0.750191;360.000000;0.341789;0.910272;0.831932;0.860341;0.000100
5;6325.000000;6325.000000;0.177679;0.177679;0.899256;0.895665;0.897365;0.536454;0.791758;0.750917;0.762408;0.756663;621.000000;0.649143;0.697404;0.694865;0.694384;0.694624;312.000000;0.423765;0.886111;0.806970;0.830433;0.818701;621.000000;0.649143;0.697404;0.694865;0.694384;312.000000;0.423765;0.886111;0.806970;0.830433;0.405446;0.801288;0.785423;0.790552;0.787988;827.000000;0.474475;0.738241;0.745974;0.739287;0.742631;537.000000;0.336416;0.864335;0.824872;0.841817;0.833344;827.000000;0.474475;0.738241;0.745974;0.739287;537.000000;0.336416;0.864335;0.824872;0.841817;0.382508;0.809507;0.791869;0.796371;0.794120;710.000000;0.476603;0.745161;0.749787;0.741552;0.745670;498.000000;0.288412;0.873853;0.833951;0.851190;0.842570;710.000000;0.476603;0.745161;0.749787;0.741552;498.000000;0.288412;0.873853;0.833951;0.851190;0.346586;0.818708;0.813789;0.811417;0.812603;654.000000;0.455000;0.758557;0.765447;0.752944;0.759196;360.000000;0.238172;0.878859;0.862132;0.869890;0.866011;654.000000;0.455000;0.758557;0.765447;0.752944;360.000000;0.238172;0.878859;0.862132;0.869890;0.000100
6;6325.000000;6325.000000;0.157378;0.157378;0.923292;0.921022;0.922121;0.654313;0.805305;0.758521;0.770516;0.764519;621.000000;0.818708;0.721900;0.717180;0.716358;0.716769;312.000000;0.489918;0.888710;0.799862;0.824674;0.812268;621.000000;0.818708;0.721900;0.717180;0.716358;312.000000;0.489918;0.888710;0.799862;0.824674;0.421385;0.820318;0.809231;0.810389;0.809810;827.000000;0.519644;0.781782;0.792307;0.780238;0.786272;537.000000;0.323126;0.858854;0.826156;0.840540;0.833348;827.000000;0.519644;0.781782;0.792307;0.780238;537.000000;0.323126;0.858854;0.826156;0.840540;0.403232;0.831096;0.816395;0.818800;0.817597;710.000000;0.506322;0.796458;0.801498;0.791176;0.796337;498.000000;0.300143;0.865735;0.831291;0.846423;0.838857;710.000000;0.506322;0.796458;0.801498;0.791176;498.000000;0.300143;0.865735;0.831291;0.846423;0.372899;0.838891;0.834635;0.832074;0.833355;654.000000;0.489912;0.798923;0.807139;0.794259;0.800699;360.000000;0.255886;0.878859;0.862132;0.869890;0.866011;654.000000;0.489912;0.798923;0.807139;0.794259;360.000000;0.255886;0.878859;0.862132;0.869890;0.000100
7;6325.000000;6325.000000;0.142447;0.142447;0.933270;0.932468;0.932864;0.708440;0.813310;0.777546;0.786908;0.782227;621.000000;0.787850;0.755163;0.745845;0.744468;0.745156;312.000000;0.629030;0.871456;0.809248;0.829347;0.819297;621.000000;0.787850;0.755163;0.745845;0.744468;312.000000;0.629030;0.871456;0.809248;0.829347;0.562634;0.799140;0.796259;0.793188;0.794723;827.000000;0.682525;0.743543;0.752515;0.739419;0.745967;537.000000;0.442743;0.854738;0.840002;0.846956;0.843479;827.000000;0.682525;0.743543;0.752515;0.739419;537.000000;0.442743;0.854738;0.840002;0.846956;0.527101;0.810378;0.804875;0.802594;0.803734;710.000000;0.660750;0.759920;0.763287;0.751916;0.757601;498.000000;0.393453;0.860836;0.846464;0.853271;0.849868;710.000000;0.660750;0.759920;0.763287;0.751916;498.000000;0.393453;0.860836;0.846464;0.853271;0.501291;0.818909;0.825155;0.815900;0.820528;654.000000;0.639642;0.767175;0.773079;0.757966;0.765523;360.000000;0.362939;0.870643;0.877232;0.873834;0.875533;654.000000;0.639642;0.767175;0.773079;0.757966;360.000000;0.362939;0.870643;0.877232;0.873834;0.000100
8;6325.000000;6325.000000;0.124393;0.124393;0.947786;0.944306;0.945969;0.621034;0.801040;0.773493;0.770622;0.772057;621.000000;0.791826;0.744890;0.702334;0.690923;0.696629;312.000000;0.450242;0.857191;0.844651;0.850321;0.847486;621.000000;0.791826;0.744890;0.702334;0.690923;312.000000;0.450242;0.857191;0.844651;0.850321;0.614731;0.765073;0.764744;0.744210;0.754477;827.000000;0.722926;0.733887;0.723040;0.687334;0.705187;537.000000;0.506535;0.796258;0.806447;0.801087;0.803767;827.000000;0.722926;0.733887;0.723040;0.687334;537.000000;0.506535;0.796258;0.806447;0.801087;0.568100;0.787717;0.785244;0.766334;0.775789;710.000000;0.662048;0.767933;0.746630;0.717634;0.732132;498.000000;0.474153;0.807501;0.823858;0.815035;0.819446;710.000000;0.662048;0.767933;0.746630;0.717634;498.000000;0.474153;0.807501;0.823858;0.815035;0.542773;0.798031;0.804762;0.778405;0.791584;654.000000;0.648645;0.772115;0.754369;0.720447;0.737408;360.000000;0.436900;0.823948;0.855155;0.836364;0.845759;654.000000;0.648645;0.772115;0.754369;0.720447;360.000000;0.436900;0.823948;0.855155;0.836364;0.000100
9;6325.000000;6325.000000;0.098682;0.098682;0.962588;0.960791;0.961669;1.122851;0.775104;0.684139;0.689796;0.686967;621.000000;0.969385;0.702437;0.701681;0.701648;0.701664;312.000000;1.276318;0.847772;0.666598;0.677944;0.672271;621.000000;0.969385;0.702437;0.701681;0.701648;312.000000;1.276318;0.847772;0.666598;0.677944;0.877525;0.785937;0.689877;0.703935;0.696906;827.000000;0.841109;0.725312;0.725525;0.725417;0.725471;537.000000;0.913941;0.846562;0.654228;0.682452;0.668340;827.000000;0.841109;0.725312;0.725525;0.725417;537.000000;0.913941;0.846562;0.654228;0.682452;0.840718;0.805407;0.701424;0.716224;0.708824;710.000000;0.779793;0.748534;0.748330;0.748430;0.748380;498.000000;0.901643;0.862280;0.654517;0.684017;0.669267;710.000000;0.779793;0.748534;0.748330;0.748430;498.000000;0.901643;0.862280;0.654517;0.684017;0.865204;0.814618;0.711875;0.722978;0.717426;654.000000;0.728541;0.762423;0.764244;0.763241;0.763742;360.000000;1.001868;0.866813;0.659505;0.682716;0.671110;654.000000;0.728541;0.762423;0.764244;0.763241;360.000000;1.001868;0.866813;0.659505;0.682716;0.000100
10;6325.000000;6325.000000;0.079076;0.079076;0.967478;0.967610;0.967544;1.394455;0.778697;0.704681;0.716187;0.710434;621.000000;1.353494;0.686173;0.685621;0.685596;0.685608;312.000000;1.435415;0.871221;0.723741;0.746778;0.735259;621.000000;1.353494;0.686173;0.685621;0.685596;312.000000;1.435415;0.871221;0.723741;0.746778;1.004098;0.794247;0.728517;0.744411;0.736464;827.000000;0.930309;0.756646;0.757599;0.757103;0.757351;537.000000;1.077887;0.831847;0.699434;0.731720;0.715577;827.000000;0.930309;0.756646;0.757599;0.757103;537.000000;1.077887;0.831847;0.699434;0.731720;0.992892;0.800197;0.726580;0.742945;0.734762;710.000000;0.936512;0.758669;0.760210;0.759340;0.759775;498.000000;1.049272;0.841724;0.692950;0.726550;0.709750;710.000000;0.936512;0.758669;0.760210;0.759340;498.000000;1.049272;0.841724;0.692950;0.726550;1.017001;0.805310;0.737862;0.750298;0.744080;654.000000;0.858203;0.776904;0.781317;0.778491;0.779904;360.000000;1.175800;0.833716;0.694407;0.722105;0.708256;654.000000;0.858203;0.776904;0.781317;0.778491;360.000000;1.175800;0.833716;0.694407;0.722105;0.000100
11;6325.000000;6325.000000;0.070329;0.070329;0.973956;0.973350;0.973651;1.312141;0.792596;0.728887;0.741853;0.735370;621.000000;1.251354;0.700775;0.700700;0.700476;0.700588;312.000000;1.372929;0.884417;0.757074;0.783229;0.770151;621.000000;1.251354;0.700775;0.700700;0.700476;312.000000;1.372929;0.884417;0.757074;0.783229;0.968385;0.815285;0.755491;0.772885;0.764188;827.000000;0.909716;0.772977;0.772716;0.772845;0.772780;537.000000;1.027054;0.857592;0.738266;0.772924;0.755595;827.000000;0.909716;0.772977;0.772716;0.772845;537.000000;1.027054;0.857592;0.738266;0.772924;0.920288;0.832489;0.764803;0.784165;0.774484;710.000000;0.866177;0.794044;0.790245;0.791816;0.791030;498.000000;0.974398;0.870933;0.739362;0.776515;0.757938;710.000000;0.866177;0.794044;0.790245;0.791816;498.000000;0.974398;0.870933;0.739362;0.776515;0.917106;0.832565;0.775529;0.791937;0.783733;654.000000;0.823805;0.801103;0.797246;0.798928;0.798087;360.000000;1.010408;0.864028;0.753813;0.784946;0.769380;654.000000;0.823805;0.801103;0.797246;0.798928;360.000000;1.010408;0.864028;0.753813;0.784946;0.000100
12;6325.000000;6325.000000;0.056099;0.056099;0.981653;0.981924;0.981788;0.998222;0.805822;0.755977;0.767612;0.761794;621.000000;0.936938;0.725073;0.716853;0.715171;0.716012;312.000000;1.059505;0.886572;0.795100;0.820053;0.807577;621.000000;0.936938;0.725073;0.716853;0.715171;312.000000;1.059505;0.886572;0.795100;0.820053;0.840822;0.791702;0.768595;0.773904;0.771249;827.000000;0.838825;0.742101;0.751150;0.740010;0.745580;537.000000;0.842820;0.841302;0.786040;0.807798;0.796919;827.000000;0.838825;0.742101;0.751150;0.740010;537.000000;0.842820;0.841302;0.786040;0.807798;0.789476;0.805510;0.779132;0.786414;0.782773;710.000000;0.792851;0.761588;0.766626;0.758426;0.762526;498.000000;0.786101;0.849432;0.791638;0.814402;0.803020;710.000000;0.792851;0.761588;0.766626;0.758426;498.000000;0.786101;0.849432;0.791638;0.814402;0.750849;0.815226;0.800285;0.802821;0.801553;654.000000;0.744655;0.775051;0.782992;0.772370;0.777681;360.000000;0.757043;0.855401;0.817577;0.833273;0.825425;654.000000;0.744655;0.775051;0.782992;0.772370;360.000000;0.757043;0.855401;0.817577;0.833273;0.000100
13;6325.000000;6325.000000;0.064717;0.064717;0.981800;0.982808;0.982298;1.859648;0.771826;0.669917;0.670785;0.670351;621.000000;2.050200;0.674076;0.647012;0.630792;0.638902;312.000000;1.669096;0.869577;0.692823;0.710777;0.701800;621.000000;2.050200;0.674076;0.647012;0.630792;312.000000;1.669096;0.869577;0.692823;0.710777;1.322573;0.814842;0.693580;0.712818;0.703199;827.000000;1.386444;0.768210;0.720416;0.727321;0.723869;537.000000;1.258702;0.861474;0.666744;0.698315;0.682529;827.000000;1.386444;0.768210;0.720416;0.727321;537.000000;1.258702;0.861474;0.666744;0.698315;1.322495;0.831935;0.697962;0.716244;0.707103;710.000000;1.382392;0.777592;0.734649;0.739067;0.736858;498.000000;1.262599;0.886278;0.661275;0.693422;0.677348;710.000000;1.382392;0.777592;0.734649;0.739067;498.000000;1.262599;0.886278;0.661275;0.693422;1.317180;0.833130;0.710820;0.727362;0.719091;654.000000;1.268284;0.795455;0.752233;0.759520;0.755876;360.000000;1.366077;0.870806;0.669406;0.695204;0.682305;654.000000;1.268284;0.795455;0.752233;0.759520;360.000000;1.366077;0.870806;0.669406;0.695204;0.000100

EXPERIMENT: multitask_audio_mamba_2026-08-18_02-09_audio_mamba_segment_model_wsm_audio_ssl-1669-003_02313dd2
CONFIG: wsm_audio_ssl-1669-003.yaml
seed: 42
experiment_info:
  params:
    experiment_name: wsm_audio_segment
    run_name: multitask_audio_mamba
data:
  name: wsm_audio_segment_datamodule
  params:
    data_root: /media/maxim/Databases/WSM_NEW
    task: multitask
    feature_cache_root: /media/maxim/Databases/WSM_NEW/features
    test_filters:
    - none
    - soft
    - hard
    feature_model_name: microsoft/wavlm-base-plus
    feature_layer: 12
    temporal_pool: 4
    batch_size: 8
    num_workers: 4
    pin_memory: true
    persistent_workers: true
model:
  name: audio_mamba_segment_model
  params:
    hidden_dim: 192
    num_layers: 3
    num_heads: 4
    ff_mult: 4
    dropout: 0.2
    encoder_type: mamba
    sequence_steps: 128
    mamba_d_state: 16
    mamba_d_conv: 4
    mamba_expand: 2
    mamba_required: true
loss:
  name: wsm_audio_loss
  params:
    label_smoothing: 0.02
    focal_gamma: 1.0
    aux_weight: 0.15
optimizer:
  name: adamw_optimizer
  params:
    lr: 0.0001
    weight_decay: 0.01
train:
  params:
    epochs: 30
    device: cuda
    mixed_precision: true
    grad_clip_norm: 0.5
    log_every_steps: 25
    collect_cache: true
metrics:
- name: prf_macro_metric
callbacks:
- name: wsm_audio_metrics_callback
  params:
    splits:
    - auto
- name: checkpoint_callback
  params:
    log_path: logs
    filename_template: epoch={epoch}_{monitor}={value:.4f}.pt
    monitor: dev/mean_score
    mode: max
    save_top_k: 2
    save_last: true
- name: snapshot_callback
  params:
    log_path: logs
    include:
    - src
    save_code_zip: true
    save_config: true
- name: wsm_summary_callback
  params:
    filename: summary.txt
- name: early_stopping_callback
  params:
    monitor: dev/mean_score
    mode: max
    patience: 6
    min_delta: 0.0005
logging:
- name: console_file_logger
  params:
    log_path: logs
    log_file: train.log
    console_level: INFO
    file_level: INFO
- name: mlflow_logger
  params:
    tracking_uri: sqlite:///logs/mlflow.db
RESULTS:
epoch;train/num_samples;train/train/num_samples;train/loss;train/train/loss;train/macro_precision;train/macro_recall;train/macro_f1;dev/mean_loss;dev/mean_macro_precision;dev/mean_macro_recall;dev/mean_macro_f1;dev/mean_score;dev/depression/num_samples;dev/depression/loss;dev/depression/macro_precision;dev/depression/macro_recall;dev/depression/macro_f1;dev/depression/score;dev/parkinson/num_samples;dev/parkinson/loss;dev/parkinson/macro_precision;dev/parkinson/macro_recall;dev/parkinson/macro_f1;dev/parkinson/score;dev_depression/num_samples;dev_depression/loss;dev_depression/macro_precision;dev_depression/macro_recall;dev_depression/macro_f1;dev_parkinson/num_samples;dev_parkinson/loss;dev_parkinson/macro_precision;dev_parkinson/macro_recall;dev_parkinson/macro_f1;test_none/mean_loss;test_none/mean_macro_precision;test_none/mean_macro_recall;test_none/mean_macro_f1;test_none/mean_score;test_none/depression/num_samples;test_none/depression/loss;test_none/depression/macro_precision;test_none/depression/macro_recall;test_none/depression/macro_f1;test_none/depression/score;test_none/parkinson/num_samples;test_none/parkinson/loss;test_none/parkinson/macro_precision;test_none/parkinson/macro_recall;test_none/parkinson/macro_f1;test_none/parkinson/score;test_none_depression/num_samples;test_none_depression/loss;test_none_depression/macro_precision;test_none_depression/macro_recall;test_none_depression/macro_f1;test_none_parkinson/num_samples;test_none_parkinson/loss;test_none_parkinson/macro_precision;test_none_parkinson/macro_recall;test_none_parkinson/macro_f1;test_soft/mean_loss;test_soft/mean_macro_precision;test_soft/mean_macro_recall;test_soft/mean_macro_f1;test_soft/mean_score;test_soft/depression/num_samples;test_soft/depression/loss;test_soft/depression/macro_precision;test_soft/depression/macro_recall;test_soft/depression/macro_f1;test_soft/depression/score;test_soft/parkinson/num_samples;test_soft/parkinson/loss;test_soft/parkinson/macro_precision;test_soft/parkinson/macro_recall;test_soft/parkinson/macro_f1;test_soft/parkinson/score;test_soft_depression/num_samples;test_soft_depression/loss;test_soft_depression/macro_precision;test_soft_depression/macro_recall;test_soft_depression/macro_f1;test_soft_parkinson/num_samples;test_soft_parkinson/loss;test_soft_parkinson/macro_precision;test_soft_parkinson/macro_recall;test_soft_parkinson/macro_f1;test_hard/mean_loss;test_hard/mean_macro_precision;test_hard/mean_macro_recall;test_hard/mean_macro_f1;test_hard/mean_score;test_hard/depression/num_samples;test_hard/depression/loss;test_hard/depression/macro_precision;test_hard/depression/macro_recall;test_hard/depression/macro_f1;test_hard/depression/score;test_hard/parkinson/num_samples;test_hard/parkinson/loss;test_hard/parkinson/macro_precision;test_hard/parkinson/macro_recall;test_hard/parkinson/macro_f1;test_hard/parkinson/score;test_hard_depression/num_samples;test_hard_depression/loss;test_hard_depression/macro_precision;test_hard_depression/macro_recall;test_hard_depression/macro_f1;test_hard_parkinson/num_samples;test_hard_parkinson/loss;test_hard_parkinson/macro_precision;test_hard_parkinson/macro_recall;test_hard_parkinson/macro_f1;lr/group
1;6325.000000;6325.000000;0.356189;0.356189;0.654978;0.657296;0.655899;0.484984;0.765550;0.622538;0.598042;0.610290;621.000000;0.502584;0.708488;0.630859;0.590024;0.610442;312.000000;0.467385;0.822612;0.614217;0.606061;0.610139;621.000000;0.502584;0.708488;0.630859;0.590024;312.000000;0.467385;0.822612;0.614217;0.606061;0.307374;0.820324;0.721724;0.736769;0.729246;827.000000;0.382490;0.738327;0.647600;0.641605;0.644603;537.000000;0.232257;0.902321;0.795848;0.831932;0.813890;827.000000;0.382490;0.738327;0.647600;0.641605;537.000000;0.232257;0.902321;0.795848;0.831932;0.278892;0.849756;0.738901;0.753574;0.746237;710.000000;0.365994;0.779536;0.671645;0.662397;0.667021;498.000000;0.191790;0.919976;0.806156;0.844751;0.825454;710.000000;0.365994;0.779536;0.671645;0.662397;498.000000;0.191790;0.919976;0.806156;0.844751;0.285609;0.851623;0.750899;0.764181;0.757540;654.000000;0.355516;0.790238;0.677837;0.673499;0.675668;360.000000;0.215703;0.913007;0.823961;0.854863;0.839412;654.000000;0.355516;0.790238;0.677837;0.673499;360.000000;0.215703;0.913007;0.823961;0.854863;0.000100
2;6325.000000;6325.000000;0.266589;0.266589;0.802917;0.805367;0.804061;0.478948;0.794688;0.699819;0.706444;0.703132;621.000000;0.404897;0.726621;0.725864;0.725872;0.725868;312.000000;0.552999;0.862755;0.673775;0.687016;0.680395;621.000000;0.404897;0.726621;0.725864;0.725872;312.000000;0.552999;0.862755;0.673775;0.687016;0.314206;0.802893;0.755001;0.769620;0.762311;827.000000;0.367228;0.708766;0.715393;0.709586;0.712489;537.000000;0.261185;0.897020;0.794610;0.829654;0.812132;827.000000;0.367228;0.708766;0.715393;0.709586;537.000000;0.261185;0.897020;0.794610;0.829654;0.273955;0.827126;0.775666;0.792184;0.783925;710.000000;0.325560;0.747645;0.751933;0.748327;0.750130;498.000000;0.222349;0.906608;0.799398;0.836041;0.817720;710.000000;0.325560;0.747645;0.751933;0.748327;498.000000;0.222349;0.906608;0.799398;0.836041;0.284031;0.829044;0.791174;0.802749;0.796962;654.000000;0.306427;0.760519;0.767199;0.761472;0.764335;360.000000;0.261635;0.897569;0.815150;0.844026;0.829588;654.000000;0.306427;0.760519;0.767199;0.761472;360.000000;0.261635;0.897569;0.815150;0.844026;0.000100
3;6325.000000;6325.000000;0.234247;0.234247;0.838748;0.839175;0.838959;0.602970;0.785835;0.692332;0.697949;0.695141;621.000000;0.524955;0.719833;0.708543;0.705854;0.707199;312.000000;0.680984;0.851838;0.676121;0.690044;0.683083;621.000000;0.524955;0.719833;0.708543;0.705854;312.000000;0.680984;0.851838;0.676121;0.690044;0.392846;0.823571;0.771400;0.775525;0.773462;827.000000;0.444189;0.759977;0.760706;0.733975;0.747340;537.000000;0.341504;0.887165;0.782094;0.817075;0.799585;827.000000;0.444189;0.759977;0.760706;0.733975;537.000000;0.341504;0.887165;0.782094;0.817075;0.369700;0.833347;0.773027;0.780915;0.776971;710.000000;0.428934;0.772280;0.764380;0.743263;0.753821;498.000000;0.310466;0.894414;0.781675;0.818568;0.800121;710.000000;0.428934;0.772280;0.764380;0.743263;498.000000;0.310466;0.894414;0.781675;0.818568;0.386730;0.829813;0.781374;0.784544;0.782959;654.000000;0.419872;0.770525;0.767401;0.743059;0.755230;360.000000;0.353589;0.889102;0.795348;0.826029;0.810688;654.000000;0.419872;0.770525;0.767401;0.743059;360.000000;0.353589;0.889102;0.795348;0.826029;0.000100
4;6325.000000;6325.000000;0.208859;0.208859;0.874404;0.872673;0.873513;0.564640;0.789033;0.732103;0.743656;0.737880;621.000000;0.516144;0.721230;0.719141;0.718914;0.719027;312.000000;0.613136;0.856837;0.745066;0.768399;0.756732;621.000000;0.516144;0.721230;0.719141;0.718914;312.000000;0.613136;0.856837;0.745066;0.768399;0.404626;0.783286;0.783914;0.782594;0.783254;827.000000;0.443498;0.722496;0.729017;0.723801;0.726409;537.000000;0.365753;0.844075;0.838811;0.841387;0.840099;827.000000;0.443498;0.722496;0.729017;0.723801;537.000000;0.365753;0.844075;0.838811;0.841387;0.370167;0.796020;0.796514;0.794666;0.795590;710.000000;0.420749;0.742899;0.747784;0.742171;0.744977;498.000000;0.319586;0.849140;0.845243;0.847162;0.846203;710.000000;0.420749;0.742899;0.747784;0.742171;498.000000;0.319586;0.849140;0.845243;0.847162;0.394547;0.792845;0.799498;0.793294;0.796396;654.000000;0.401154;0.755611;0.763051;0.753672;0.758361;360.000000;0.387940;0.830078;0.835946;0.832915;0.834430;654.000000;0.401154;0.755611;0.763051;0.753672;360.000000;0.387940;0.830078;0.835946;0.832915;0.000100
5;6325.000000;6325.000000;0.197179;0.197179;0.885792;0.882969;0.884317;0.583880;0.750837;0.705967;0.715434;0.710700;621.000000;0.561458;0.685458;0.683707;0.683374;0.683541;312.000000;0.606301;0.816217;0.728226;0.747494;0.737860;621.000000;0.561458;0.685458;0.683707;0.683374;312.000000;0.606301;0.816217;0.728226;0.747494;0.320998;0.808019;0.796337;0.801543;0.798940;827.000000;0.373306;0.744305;0.746484;0.745277;0.745881;537.000000;0.268689;0.871733;0.846190;0.857809;0.851999;827.000000;0.373306;0.744305;0.746484;0.745277;537.000000;0.268689;0.871733;0.846190;0.857809;0.305023;0.816564;0.805002;0.809885;0.807443;710.000000;0.360035;0.753606;0.756891;0.754631;0.755761;498.000000;0.250011;0.879522;0.853113;0.865138;0.859126;710.000000;0.360035;0.753606;0.756891;0.754631;498.000000;0.250011;0.879522;0.853113;0.865138;0.327662;0.810151;0.804221;0.805965;0.805093;654.000000;0.340407;0.765766;0.771905;0.767158;0.769531;360.000000;0.314916;0.854537;0.836538;0.844773;0.840655;654.000000;0.340407;0.765766;0.771905;0.767158;360.000000;0.314916;0.854537;0.836538;0.844773;0.000100
6;6325.000000;6325.000000;0.179191;0.179191;0.900661;0.900149;0.900403;0.561272;0.731812;0.731456;0.731410;0.731433;621.000000;0.666912;0.671768;0.671055;0.670964;0.671010;312.000000;0.455633;0.791856;0.791856;0.791856;0.791856;621.000000;0.666912;0.671768;0.671055;0.670964;312.000000;0.455633;0.791856;0.791856;0.791856;0.391810;0.767729;0.804637;0.773390;0.789014;827.000000;0.353656;0.780453;0.780718;0.780584;0.780651;537.000000;0.429964;0.755005;0.828557;0.766196;0.797376;827.000000;0.353656;0.780453;0.780718;0.780584;537.000000;0.429964;0.755005;0.828557;0.766196;0.361330;0.781705;0.817467;0.786304;0.801885;710.000000;0.311776;0.811280;0.807893;0.809340;0.808617;498.000000;0.410884;0.752130;0.827040;0.763268;0.795154;710.000000;0.311776;0.811280;0.807893;0.809340;498.000000;0.410884;0.752130;0.827040;0.763268;0.411000;0.773774;0.799101;0.768491;0.783796;654.000000;0.297156;0.818498;0.814819;0.816450;0.815635;360.000000;0.524843;0.729051;0.783382;0.720531;0.751957;654.000000;0.297156;0.818498;0.814819;0.816450;360.000000;0.524843;0.729051;0.783382;0.720531;0.000100
7;6325.000000;6325.000000;0.160842;0.160842;0.922353;0.920712;0.921514;0.773886;0.766054;0.705283;0.716112;0.710697;621.000000;0.844836;0.684566;0.684547;0.684379;0.684463;312.000000;0.702936;0.847542;0.726018;0.747845;0.736931;621.000000;0.844836;0.684566;0.684547;0.684379;312.000000;0.702936;0.847542;0.726018;0.747845;0.462535;0.808751;0.771322;0.785753;0.778537;827.000000;0.614463;0.728989;0.726668;0.727712;0.727190;537.000000;0.310606;0.888513;0.815976;0.843794;0.829885;827.000000;0.614463;0.728989;0.726668;0.727712;537.000000;0.310606;0.888513;0.815976;0.843794;0.443754;0.818013;0.783655;0.797229;0.790442;710.000000;0.591175;0.742805;0.741773;0.742250;0.742012;498.000000;0.296333;0.893222;0.825536;0.852208;0.838872;710.000000;0.591175;0.742805;0.741773;0.742250;498.000000;0.296333;0.893222;0.825536;0.852208;0.451186;0.814795;0.790051;0.799707;0.794879;654.000000;0.570021;0.753047;0.754803;0.753833;0.754318;360.000000;0.332350;0.876543;0.825299;0.845582;0.835441;654.000000;0.570021;0.753047;0.754803;0.753833;360.000000;0.332350;0.876543;0.825299;0.845582;0.000100
8;6325.000000;6325.000000;0.151074;0.151074;0.928092;0.925860;0.926942;0.746120;0.782650;0.738074;0.746954;0.742514;621.000000;0.715884;0.708775;0.695472;0.691756;0.693614;312.000000;0.776355;0.856525;0.780676;0.802151;0.791414;621.000000;0.715884;0.708775;0.695472;0.691756;312.000000;0.776355;0.856525;0.780676;0.802151;0.607783;0.744724;0.738718;0.725801;0.732259;827.000000;0.726773;0.685325;0.681122;0.651529;0.666325;537.000000;0.488794;0.804124;0.796313;0.800074;0.798193;827.000000;0.726773;0.685325;0.681122;0.651529;537.000000;0.488794;0.804124;0.796313;0.800074;0.596595;0.756132;0.747689;0.733400;0.740544;710.000000;0.712628;0.707678;0.690791;0.662213;0.676502;498.000000;0.480561;0.804587;0.804587;0.804587;0.804587;710.000000;0.712628;0.707678;0.690791;0.662213;498.000000;0.480561;0.804587;0.804587;0.804587;0.642097;0.750213;0.745754;0.727032;0.736393;654.000000;0.702816;0.714431;0.698780;0.664861;0.681821;360.000000;0.581378;0.785994;0.792729;0.789203;0.790966;654.000000;0.702816;0.714431;0.698780;0.664861;360.000000;0.581378;0.785994;0.792729;0.789203;0.000100
9;6325.000000;6325.000000;0.133056;0.133056;0.943752;0.942866;0.943304;1.040718;0.761961;0.686276;0.693609;0.689942;621.000000;1.104528;0.685822;0.682213;0.679897;0.681055;312.000000;0.976907;0.838101;0.690338;0.707321;0.698830;621.000000;1.104528;0.685822;0.682213;0.679897;312.000000;0.976907;0.838101;0.690338;0.707321;0.811538;0.777919;0.695052;0.714250;0.704651;827.000000;0.984896;0.709324;0.684435;0.688626;0.686530;537.000000;0.638179;0.846513;0.705669;0.739875;0.722772;827.000000;0.984896;0.709324;0.684435;0.688626;537.000000;0.638179;0.846513;0.705669;0.739875;0.782056;0.788251;0.700054;0.718807;0.709431;710.000000;0.945515;0.727285;0.705829;0.708857;0.707343;498.000000;0.618596;0.849216;0.694280;0.728758;0.711519;710.000000;0.945515;0.727285;0.705829;0.708857;498.000000;0.618596;0.849216;0.694280;0.728758;0.821499;0.783320;0.700717;0.715712;0.708214;654.000000;0.880206;0.741454;0.721878;0.726327;0.724103;360.000000;0.762791;0.825187;0.679556;0.705097;0.692326;654.000000;0.880206;0.741454;0.721878;0.726327;360.000000;0.762791;0.825187;0.679556;0.705097;0.000100
10;6325.000000;6325.000000;0.099853;0.099853;0.962588;0.962913;0.962750;1.221681;0.772881;0.701419;0.712077;0.706748;621.000000;1.233118;0.686449;0.686275;0.685961;0.686118;312.000000;1.210245;0.859313;0.716563;0.738194;0.727378;621.000000;1.233118;0.686449;0.686275;0.685961;312.000000;1.210245;0.859313;0.716563;0.738194;0.847930;0.801411;0.740326;0.759467;0.749896;827.000000;0.956143;0.736267;0.723589;0.727558;0.725574;537.000000;0.739716;0.866554;0.757063;0.791375;0.774219;827.000000;0.956143;0.736267;0.723589;0.727558;537.000000;0.739716;0.866554;0.757063;0.791375;0.804054;0.812288;0.746548;0.766397;0.756473;710.000000;0.915670;0.746430;0.737341;0.740036;0.738688;498.000000;0.692437;0.878147;0.755755;0.792759;0.774257;710.000000;0.915670;0.746430;0.737341;0.740036;498.000000;0.692437;0.878147;0.755755;0.792759;0.847584;0.805909;0.748363;0.764442;0.756403;654.000000;0.842017;0.760150;0.754745;0.756887;0.755816;360.000000;0.853151;0.851667;0.741982;0.771997;0.756990;654.000000;0.842017;0.760150;0.754745;0.756887;360.000000;0.853151;0.851667;0.741982;0.771997;0.000100
11;6325.000000;6325.000000;0.105441;0.105441;0.960508;0.960312;0.960410;1.202290;0.748770;0.693986;0.701770;0.697878;621.000000;1.228675;0.685362;0.676377;0.673426;0.674902;312.000000;1.175906;0.812178;0.711594;0.730115;0.720854;621.000000;1.228675;0.685362;0.676377;0.673426;312.000000;1.175906;0.812178;0.711594;0.730115;0.799113;0.788649;0.751457;0.760707;0.756082;827.000000;1.009987;0.711585;0.719488;0.708542;0.714015;537.000000;0.588238;0.865713;0.783425;0.812872;0.798148;827.000000;1.009987;0.711585;0.719488;0.708542;537.000000;0.588238;0.865713;0.783425;0.812872;0.784441;0.794345;0.750524;0.761551;0.756037;710.000000;1.019977;0.713344;0.716495;0.706707;0.711601;498.000000;0.548906;0.875345;0.784553;0.816394;0.800473;710.000000;1.019977;0.713344;0.716495;0.706707;498.000000;0.548906;0.875345;0.784553;0.816394;0.840418;0.783194;0.744452;0.751141;0.747796;654.000000;0.984432;0.722613;0.727960;0.714914;0.721437;360.000000;0.696404;0.843775;0.760943;0.787369;0.774156;654.000000;0.984432;0.722613;0.727960;0.714914;360.000000;0.696404;0.843775;0.760943;0.787369;0.000100
12;6325.000000;6325.000000;0.079169;0.079169;0.969196;0.969196;0.969196;1.280784;0.748680;0.717417;0.726403;0.721910;621.000000;1.391494;0.668777;0.668581;0.668235;0.668408;312.000000;1.170074;0.828583;0.766253;0.784571;0.775412;621.000000;1.391494;0.668777;0.668581;0.668235;312.000000;1.170074;0.828583;0.766253;0.784571;0.820671;0.785320;0.787717;0.785458;0.786588;827.000000;1.045633;0.731579;0.721493;0.724885;0.723189;537.000000;0.595709;0.839062;0.853942;0.846030;0.849986;827.000000;1.045633;0.731579;0.721493;0.724885;537.000000;0.595709;0.839062;0.853942;0.846030;0.777860;0.793204;0.795952;0.793740;0.794846;710.000000;1.006693;0.744315;0.736916;0.739281;0.738098;498.000000;0.549026;0.842094;0.854988;0.848199;0.851593;710.000000;1.006693;0.744315;0.736916;0.739281;498.000000;0.549026;0.842094;0.854988;0.848199;0.840724;0.786299;0.790204;0.787721;0.788962;654.000000;0.983982;0.750509;0.745303;0.747354;0.746328;360.000000;0.697467;0.822090;0.835105;0.828088;0.831596;654.000000;0.983982;0.750509;0.745303;0.747354;360.000000;0.697467;0.822090;0.835105;0.828088;0.000100
13;6325.000000;6325.000000;0.070760;0.070760;0.977262;0.978785;0.978009;1.825250;0.769838;0.671423;0.670155;0.670789;621.000000;1.810658;0.714303;0.697712;0.690251;0.693982;312.000000;1.839842;0.825374;0.645135;0.650059;0.647597;621.000000;1.810658;0.714303;0.697712;0.690251;312.000000;1.839842;0.825374;0.645135;0.650059;1.234403;0.804913;0.713929;0.735539;0.724734;827.000000;1.570757;0.734773;0.699678;0.704935;0.702307;537.000000;0.898048;0.875054;0.728179;0.766143;0.747161;827.000000;1.570757;0.734773;0.699678;0.704935;537.000000;0.898048;0.875054;0.728179;0.766143;1.207558;0.820341;0.722826;0.744967;0.733897;710.000000;1.531644;0.747840;0.717365;0.720895;0.719130;498.000000;0.883472;0.892842;0.728287;0.769040;0.748664;710.000000;1.531644;0.747840;0.717365;0.720895;498.000000;0.883472;0.892842;0.728287;0.769040;1.243053;0.817688;0.728511;0.747910;0.738210;654.000000;1.422196;0.761970;0.732070;0.737665;0.734868;360.000000;1.063910;0.873406;0.724951;0.758154;0.741553;654.000000;1.422196;0.761970;0.732070;0.737665;360.000000;1.063910;0.873406;0.724951;0.758154;0.000100
14;6325.000000;6325.000000;0.058171;0.058171;0.979083;0.979887;0.979481;1.548517;0.762781;0.720853;0.729416;0.725135;621.000000;1.796109;0.678155;0.668207;0.664596;0.666402;312.000000;1.300926;0.847408;0.773499;0.794237;0.783868;621.000000;1.796109;0.678155;0.668207;0.664596;312.000000;1.300926;0.847408;0.773499;0.794237;1.047787;0.789006;0.802478;0.791232;0.796855;827.000000;1.390613;0.734819;0.743496;0.730841;0.737168;537.000000;0.704962;0.843193;0.861461;0.851623;0.856542;827.000000;1.390613;0.734819;0.743496;0.730841;537.000000;0.704962;0.843193;0.861461;0.851623;1.045168;0.787887;0.797029;0.788133;0.792581;710.000000;1.434194;0.731459;0.734973;0.725011;0.729992;498.000000;0.656143;0.844314;0.859086;0.851254;0.855170;710.000000;1.434194;0.731459;0.734973;0.725011;498.000000;0.656143;0.844314;0.859086;0.851254;1.088403;0.784380;0.796078;0.785424;0.790751;654.000000;1.399814;0.734033;0.740270;0.728392;0.734331;360.000000;0.776992;0.834727;0.851887;0.842457;0.847172;654.000000;1.399814;0.734033;0.740270;0.728392;360.000000;0.776992;0.834727;0.851887;0.842457;0.000100

EXPERIMENT: multitask_audio_mamba_2026-08-18_02-35_audio_mamba_segment_model_wsm_audio_ssl-1669-004_fcd0bd08
CONFIG: wsm_audio_ssl-1669-004.yaml
seed: 42
experiment_info:
  params:
    experiment_name: wsm_audio_segment
    run_name: multitask_audio_mamba
data:
  name: wsm_audio_segment_datamodule
  params:
    data_root: /media/maxim/Databases/WSM_NEW
    task: multitask
    feature_cache_root: /media/maxim/Databases/WSM_NEW/features
    test_filters:
    - none
    - soft
    - hard
    feature_model_name: microsoft/wavlm-base-plus
    feature_layer: -1
    temporal_pool: 4
    batch_size: 8
    num_workers: 4
    pin_memory: true
    persistent_workers: true
model:
  name: audio_mamba_segment_model
  params:
    hidden_dim: 192
    num_layers: 3
    num_heads: 4
    ff_mult: 4
    dropout: 0.2
    encoder_type: mamba
    sequence_steps: 128
    mamba_d_state: 16
    mamba_d_conv: 4
    mamba_expand: 2
    mamba_required: true
loss:
  name: wsm_audio_loss
  params:
    label_smoothing: 0.02
    focal_gamma: 1.0
    aux_weight: 0.15
optimizer:
  name: adamw_optimizer
  params:
    lr: 0.0001
    weight_decay: 0.01
train:
  params:
    epochs: 30
    device: cuda
    mixed_precision: true
    grad_clip_norm: 0.5
    log_every_steps: 25
    collect_cache: true
metrics:
- name: prf_macro_metric
callbacks:
- name: wsm_audio_metrics_callback
  params:
    splits:
    - auto
- name: checkpoint_callback
  params:
    log_path: logs
    filename_template: epoch={epoch}_{monitor}={value:.4f}.pt
    monitor: dev/mean_score
    mode: max
    save_top_k: 2
    save_last: true
- name: snapshot_callback
  params:
    log_path: logs
    include:
    - src
    save_code_zip: true
    save_config: true
- name: wsm_summary_callback
  params:
    filename: summary.txt
- name: early_stopping_callback
  params:
    monitor: dev/mean_score
    mode: max
    patience: 6
    min_delta: 0.0005
logging:
- name: console_file_logger
  params:
    log_path: logs
    log_file: train.log
    console_level: INFO
    file_level: INFO
- name: mlflow_logger
  params:
    tracking_uri: sqlite:///logs/mlflow.db
RESULTS:
epoch;train/num_samples;train/train/num_samples;train/loss;train/train/loss;train/macro_precision;train/macro_recall;train/macro_f1;dev/mean_loss;dev/mean_macro_precision;dev/mean_macro_recall;dev/mean_macro_f1;dev/mean_score;dev/depression/num_samples;dev/depression/loss;dev/depression/macro_precision;dev/depression/macro_recall;dev/depression/macro_f1;dev/depression/score;dev/parkinson/num_samples;dev/parkinson/loss;dev/parkinson/macro_precision;dev/parkinson/macro_recall;dev/parkinson/macro_f1;dev/parkinson/score;dev_depression/num_samples;dev_depression/loss;dev_depression/macro_precision;dev_depression/macro_recall;dev_depression/macro_f1;dev_parkinson/num_samples;dev_parkinson/loss;dev_parkinson/macro_precision;dev_parkinson/macro_recall;dev_parkinson/macro_f1;test_none/mean_loss;test_none/mean_macro_precision;test_none/mean_macro_recall;test_none/mean_macro_f1;test_none/mean_score;test_none/depression/num_samples;test_none/depression/loss;test_none/depression/macro_precision;test_none/depression/macro_recall;test_none/depression/macro_f1;test_none/depression/score;test_none/parkinson/num_samples;test_none/parkinson/loss;test_none/parkinson/macro_precision;test_none/parkinson/macro_recall;test_none/parkinson/macro_f1;test_none/parkinson/score;test_none_depression/num_samples;test_none_depression/loss;test_none_depression/macro_precision;test_none_depression/macro_recall;test_none_depression/macro_f1;test_none_parkinson/num_samples;test_none_parkinson/loss;test_none_parkinson/macro_precision;test_none_parkinson/macro_recall;test_none_parkinson/macro_f1;test_soft/mean_loss;test_soft/mean_macro_precision;test_soft/mean_macro_recall;test_soft/mean_macro_f1;test_soft/mean_score;test_soft/depression/num_samples;test_soft/depression/loss;test_soft/depression/macro_precision;test_soft/depression/macro_recall;test_soft/depression/macro_f1;test_soft/depression/score;test_soft/parkinson/num_samples;test_soft/parkinson/loss;test_soft/parkinson/macro_precision;test_soft/parkinson/macro_recall;test_soft/parkinson/macro_f1;test_soft/parkinson/score;test_soft_depression/num_samples;test_soft_depression/loss;test_soft_depression/macro_precision;test_soft_depression/macro_recall;test_soft_depression/macro_f1;test_soft_parkinson/num_samples;test_soft_parkinson/loss;test_soft_parkinson/macro_precision;test_soft_parkinson/macro_recall;test_soft_parkinson/macro_f1;test_hard/mean_loss;test_hard/mean_macro_precision;test_hard/mean_macro_recall;test_hard/mean_macro_f1;test_hard/mean_score;test_hard/depression/num_samples;test_hard/depression/loss;test_hard/depression/macro_precision;test_hard/depression/macro_recall;test_hard/depression/macro_f1;test_hard/depression/score;test_hard/parkinson/num_samples;test_hard/parkinson/loss;test_hard/parkinson/macro_precision;test_hard/parkinson/macro_recall;test_hard/parkinson/macro_f1;test_hard/parkinson/score;test_hard_depression/num_samples;test_hard_depression/loss;test_hard_depression/macro_precision;test_hard_depression/macro_recall;test_hard_depression/macro_f1;test_hard_parkinson/num_samples;test_hard_parkinson/loss;test_hard_parkinson/macro_precision;test_hard_parkinson/macro_recall;test_hard_parkinson/macro_f1;lr/group
1;6325.000000;6325.000000;0.356208;0.356208;0.653921;0.656313;0.654859;0.492759;0.757776;0.611427;0.582054;0.596741;621.000000;0.511366;0.698410;0.618161;0.572206;0.595183;312.000000;0.474153;0.817143;0.604693;0.591903;0.598298;621.000000;0.511366;0.698410;0.618161;0.572206;312.000000;0.474153;0.817143;0.604693;0.591903;0.312731;0.816913;0.711877;0.725927;0.718902;827.000000;0.391635;0.735844;0.639185;0.630270;0.634728;537.000000;0.233827;0.897983;0.784570;0.821583;0.803076;827.000000;0.391635;0.735844;0.639185;0.630270;537.000000;0.233827;0.897983;0.784570;0.821583;0.285192;0.846499;0.728453;0.742273;0.735363;710.000000;0.376730;0.777166;0.663044;0.650961;0.657003;498.000000;0.193654;0.915831;0.793861;0.833584;0.813723;710.000000;0.376730;0.777166;0.663044;0.650961;498.000000;0.193654;0.915831;0.793861;0.833584;0.291551;0.849973;0.744483;0.756825;0.750654;654.000000;0.366108;0.788862;0.669955;0.663204;0.666580;360.000000;0.216993;0.911084;0.819011;0.850446;0.834728;654.000000;0.366108;0.788862;0.669955;0.663204;360.000000;0.216993;0.911084;0.819011;0.850446;0.000100
2;6325.000000;6325.000000;0.264980;0.264980;0.802645;0.804542;0.803546;0.513304;0.793461;0.688335;0.689298;0.688816;621.000000;0.385918;0.736503;0.736228;0.735876;0.736052;312.000000;0.640690;0.850419;0.640442;0.642719;0.641581;621.000000;0.385918;0.736503;0.736228;0.735876;312.000000;0.640690;0.850419;0.640442;0.642719;0.319748;0.816417;0.748681;0.768981;0.758831;827.000000;0.335412;0.730245;0.729114;0.729650;0.729382;537.000000;0.304084;0.902589;0.768248;0.808312;0.788280;827.000000;0.335412;0.730245;0.729114;0.729650;537.000000;0.304084;0.902589;0.768248;0.808312;0.281806;0.839445;0.766660;0.788216;0.777438;710.000000;0.298601;0.764571;0.762720;0.763543;0.763131;498.000000;0.265011;0.914319;0.770601;0.812889;0.791745;710.000000;0.298601;0.764571;0.762720;0.763543;498.000000;0.265011;0.914319;0.770601;0.812889;0.286380;0.843547;0.787290;0.804601;0.795946;654.000000;0.278035;0.778100;0.778392;0.778244;0.778318;360.000000;0.294726;0.908995;0.796189;0.830958;0.813573;654.000000;0.278035;0.778100;0.778392;0.778244;360.000000;0.294726;0.908995;0.796189;0.830958;0.000100
3;6325.000000;6325.000000;0.233663;0.233663;0.839558;0.839414;0.839486;0.595269;0.780963;0.679541;0.681315;0.680428;621.000000;0.540313;0.720460;0.706769;0.703362;0.705066;312.000000;0.650224;0.841465;0.652312;0.659268;0.655790;621.000000;0.540313;0.720460;0.706769;0.703362;312.000000;0.650224;0.841465;0.652312;0.659268;0.381108;0.820552;0.764876;0.771429;0.768153;827.000000;0.430885;0.761916;0.766454;0.743486;0.754970;537.000000;0.331331;0.879188;0.763297;0.799372;0.781335;827.000000;0.430885;0.761916;0.766454;0.743486;537.000000;0.331331;0.879188;0.763297;0.799372;0.363490;0.831740;0.768959;0.778973;0.773966;710.000000;0.413128;0.775636;0.772637;0.754860;0.763748;498.000000;0.313853;0.887844;0.765282;0.803087;0.784184;710.000000;0.413128;0.775636;0.772637;0.754860;498.000000;0.313853;0.887844;0.765282;0.803087;0.375178;0.828344;0.776569;0.782119;0.779344;654.000000;0.400184;0.776197;0.777593;0.756867;0.767230;360.000000;0.350173;0.880490;0.775546;0.807371;0.791458;654.000000;0.400184;0.776197;0.777593;0.756867;360.000000;0.350173;0.880490;0.775546;0.807371;0.000100
4;6325.000000;6325.000000;0.207198;0.207198;0.867178;0.867178;0.867178;0.587464;0.798166;0.725392;0.735880;0.730636;621.000000;0.468622;0.739111;0.738982;0.739016;0.738999;312.000000;0.706307;0.857220;0.711801;0.732744;0.722273;621.000000;0.468622;0.739111;0.738982;0.739016;312.000000;0.706307;0.857220;0.711801;0.732744;0.380665;0.812195;0.780168;0.792944;0.786556;827.000000;0.391978;0.753276;0.749311;0.751020;0.750166;537.000000;0.369353;0.871114;0.811025;0.834868;0.822947;827.000000;0.391978;0.753276;0.749311;0.751020;537.000000;0.369353;0.871114;0.811025;0.834868;0.344194;0.822856;0.791111;0.803740;0.797426;710.000000;0.364476;0.770264;0.768873;0.769510;0.769192;498.000000;0.323912;0.875447;0.813350;0.837970;0.825660;710.000000;0.364476;0.770264;0.768873;0.769510;498.000000;0.323912;0.875447;0.813350;0.837970;0.360332;0.820905;0.797597;0.806572;0.802084;654.000000;0.341710;0.781196;0.783656;0.782269;0.782962;360.000000;0.378954;0.860613;0.811537;0.830875;0.821206;654.000000;0.341710;0.781196;0.783656;0.782269;360.000000;0.378954;0.860613;0.811537;0.830875;0.000100
5;6325.000000;6325.000000;0.189605;0.189605;0.890577;0.885473;0.887831;0.588776;0.741610;0.716456;0.719351;0.717903;621.000000;0.674548;0.680887;0.664519;0.658153;0.661336;312.000000;0.503005;0.802332;0.768392;0.780548;0.774470;621.000000;0.674548;0.680887;0.664519;0.658153;312.000000;0.503005;0.802332;0.768392;0.780548;0.407211;0.767808;0.788034;0.767550;0.777792;827.000000;0.487355;0.726826;0.731935;0.711859;0.721897;537.000000;0.327067;0.808791;0.844134;0.823241;0.833688;827.000000;0.487355;0.726826;0.731935;0.711859;537.000000;0.327067;0.808791;0.844134;0.823241;0.394321;0.779398;0.796899;0.777267;0.787083;710.000000;0.471039;0.747580;0.745133;0.728104;0.736618;498.000000;0.317603;0.811216;0.848666;0.826431;0.837548;710.000000;0.471039;0.747580;0.745133;0.728104;498.000000;0.317603;0.811216;0.848666;0.826431;0.433083;0.767862;0.785805;0.764544;0.775175;654.000000;0.457500;0.754278;0.755563;0.735459;0.745511;360.000000;0.408667;0.781447;0.816048;0.793630;0.804839;654.000000;0.457500;0.754278;0.755563;0.735459;360.000000;0.408667;0.781447;0.816048;0.793630;0.000100
6;6325.000000;6325.000000;0.182744;0.182744;0.901642;0.899905;0.900750;0.568800;0.783908;0.732734;0.743903;0.738318;621.000000;0.595650;0.699620;0.696592;0.694737;0.695665;312.000000;0.541951;0.868196;0.768875;0.793068;0.780972;621.000000;0.595650;0.699620;0.696592;0.694737;312.000000;0.541951;0.868196;0.768875;0.793068;0.316416;0.827136;0.815061;0.820374;0.817718;827.000000;0.330895;0.799533;0.790120;0.793792;0.791956;537.000000;0.301937;0.854738;0.840002;0.846956;0.843479;827.000000;0.330895;0.799533;0.790120;0.793792;537.000000;0.301937;0.854738;0.840002;0.846956;0.303931;0.839348;0.821529;0.828550;0.825039;710.000000;0.318644;0.818360;0.803461;0.807917;0.805689;498.000000;0.289218;0.860335;0.839597;0.849182;0.844390;710.000000;0.318644;0.818360;0.803461;0.807917;498.000000;0.289218;0.860335;0.839597;0.849182;0.318594;0.838251;0.822564;0.828538;0.825551;654.000000;0.307102;0.823672;0.805571;0.811307;0.808439;360.000000;0.330085;0.852830;0.839558;0.845770;0.842664;654.000000;0.307102;0.823672;0.805571;0.811307;360.000000;0.330085;0.852830;0.839558;0.845770;0.000100
7;6325.000000;6325.000000;0.165336;0.165336;0.917526;0.917112;0.917318;0.669929;0.783739;0.736067;0.740900;0.738484;621.000000;0.775237;0.738895;0.705882;0.697229;0.701556;312.000000;0.564620;0.828583;0.766253;0.784571;0.775412;621.000000;0.775237;0.738895;0.705882;0.697229;312.000000;0.564620;0.828583;0.766253;0.784571;0.516532;0.774602;0.786354;0.760561;0.773457;827.000000;0.685422;0.726640;0.718626;0.685168;0.701897;537.000000;0.347642;0.822565;0.854081;0.835954;0.845017;827.000000;0.685422;0.726640;0.718626;0.685168;537.000000;0.347642;0.822565;0.854081;0.835954;0.494756;0.785120;0.790759;0.767934;0.779347;710.000000;0.672172;0.743823;0.724874;0.696424;0.710649;498.000000;0.317341;0.826417;0.856645;0.839445;0.848045;710.000000;0.672172;0.743823;0.724874;0.696424;498.000000;0.317341;0.826417;0.856645;0.839445;0.521134;0.780756;0.789543;0.761794;0.775668;654.000000;0.666867;0.746764;0.729722;0.695742;0.712732;360.000000;0.375400;0.814747;0.849364;0.827846;0.838605;654.000000;0.666867;0.746764;0.729722;0.695742;360.000000;0.375400;0.814747;0.849364;0.827846;0.000100
8;6325.000000;6325.000000;0.156366;0.156366;0.928399;0.927358;0.927871;0.700961;0.751774;0.734546;0.739327;0.736937;621.000000;0.730787;0.691860;0.686415;0.684946;0.685680;312.000000;0.671134;0.811688;0.782678;0.793708;0.788193;621.000000;0.730787;0.691860;0.686415;0.684946;312.000000;0.671134;0.811688;0.782678;0.793708;0.527482;0.769646;0.801415;0.777769;0.789592;827.000000;0.578454;0.725124;0.733524;0.722018;0.727771;537.000000;0.476510;0.814168;0.869305;0.833519;0.851412;827.000000;0.578454;0.725124;0.733524;0.722018;537.000000;0.476510;0.814168;0.869305;0.833519;0.496783;0.783833;0.814894;0.790755;0.802825;710.000000;0.536656;0.748445;0.752216;0.741934;0.747075;498.000000;0.456910;0.819221;0.877572;0.839577;0.858575;710.000000;0.536656;0.748445;0.752216;0.741934;498.000000;0.456910;0.819221;0.877572;0.839577;0.559013;0.774863;0.804569;0.777802;0.791185;654.000000;0.514208;0.755691;0.762050;0.748556;0.755303;360.000000;0.603819;0.794035;0.847089;0.807047;0.827068;654.000000;0.514208;0.755691;0.762050;0.748556;360.000000;0.603819;0.794035;0.847089;0.807047;0.000100
9;6325.000000;6325.000000;0.127129;0.127129;0.948410;0.948600;0.948505;0.968999;0.763798;0.704839;0.716061;0.710450;621.000000;1.042043;0.675377;0.674136;0.673906;0.674021;312.000000;0.895955;0.852219;0.735542;0.758217;0.746879;621.000000;1.042043;0.675377;0.674136;0.673906;312.000000;0.895955;0.852219;0.735542;0.758217;0.641095;0.799710;0.761795;0.775145;0.768470;827.000000;0.797935;0.738323;0.741403;0.739602;0.740502;537.000000;0.484255;0.861098;0.782188;0.810688;0.796438;827.000000;0.797935;0.738323;0.741403;0.739602;537.000000;0.484255;0.861098;0.782188;0.810688;0.616001;0.809437;0.767768;0.782278;0.775023;710.000000;0.765105;0.755877;0.757741;0.756653;0.757197;498.000000;0.466896;0.862997;0.777795;0.807902;0.792848;710.000000;0.765105;0.755877;0.757741;0.756653;498.000000;0.466896;0.862997;0.777795;0.807902;0.659730;0.796855;0.762623;0.773563;0.768093;654.000000;0.734440;0.759653;0.763214;0.761012;0.762113;360.000000;0.585020;0.834056;0.762032;0.786114;0.774073;654.000000;0.734440;0.759653;0.763214;0.761012;360.000000;0.585020;0.834056;0.762032;0.786114;0.000100
10;6325.000000;6325.000000;0.099561;0.099561;0.957378;0.959394;0.958358;1.067831;0.777735;0.725713;0.736928;0.731321;621.000000;1.134374;0.704252;0.704015;0.703666;0.703840;312.000000;1.001288;0.851218;0.747412;0.770190;0.758801;621.000000;1.134374;0.704252;0.704015;0.703666;312.000000;1.001288;0.851218;0.747412;0.770190;0.733028;0.798734;0.775400;0.785179;0.780289;827.000000;0.912876;0.738738;0.730925;0.733815;0.732370;537.000000;0.553180;0.858731;0.819875;0.836544;0.828209;827.000000;0.912876;0.738738;0.730925;0.733815;537.000000;0.553180;0.858731;0.819875;0.836544;0.686938;0.811569;0.785608;0.795975;0.790792;710.000000;0.866218;0.757353;0.746792;0.749841;0.748316;498.000000;0.507658;0.865786;0.824424;0.842110;0.833267;710.000000;0.866218;0.757353;0.746792;0.749841;498.000000;0.507658;0.865786;0.824424;0.842110;0.718084;0.803107;0.782349;0.790711;0.786530;654.000000;0.803791;0.768271;0.757863;0.761393;0.759628;360.000000;0.632377;0.837944;0.806835;0.820029;0.813432;654.000000;0.803791;0.768271;0.757863;0.761393;360.000000;0.632377;0.837944;0.806835;0.820029;0.000100
11;6325.000000;6325.000000;0.101131;0.101131;0.963478;0.962952;0.963213;1.105360;0.758760;0.716231;0.725472;0.720852;621.000000;1.296972;0.675330;0.668487;0.666116;0.667302;312.000000;0.913748;0.842190;0.763975;0.784828;0.774401;621.000000;1.296972;0.675330;0.668487;0.666116;312.000000;0.913748;0.842190;0.763975;0.784828;0.695638;0.797854;0.802250;0.798065;0.800158;827.000000;0.901027;0.750615;0.759407;0.751038;0.755223;537.000000;0.490248;0.845092;0.845092;0.845092;0.845092;827.000000;0.901027;0.750615;0.759407;0.751038;537.000000;0.490248;0.845092;0.845092;0.845092;0.653163;0.809494;0.813917;0.810683;0.812300;710.000000;0.856496;0.766652;0.771625;0.767122;0.769374;498.000000;0.449829;0.852337;0.856209;0.854244;0.855226;710.000000;0.856496;0.766652;0.771625;0.767122;498.000000;0.449829;0.852337;0.856209;0.854244;0.706806;0.792687;0.799519;0.795180;0.797350;654.000000;0.826550;0.765766;0.771905;0.767158;0.769531;360.000000;0.587063;0.819608;0.827134;0.823203;0.825168;654.000000;0.826550;0.765766;0.771905;0.767158;360.000000;0.587063;0.819608;0.827134;0.823203;0.000100
12;6325.000000;6325.000000;0.075664;0.075664;0.974629;0.974696;0.974663;1.284497;0.743393;0.687776;0.698546;0.693161;621.000000;1.392682;0.627660;0.625724;0.623671;0.624697;312.000000;1.176313;0.859127;0.749827;0.773420;0.761624;621.000000;1.392682;0.627660;0.625724;0.623671;312.000000;1.176313;0.859127;0.749827;0.773420;0.871150;0.790440;0.769789;0.778650;0.774219;827.000000;1.030979;0.727754;0.724700;0.726029;0.725364;537.000000;0.711320;0.853127;0.814878;0.831271;0.823074;827.000000;1.030979;0.727754;0.724700;0.726029;537.000000;0.711320;0.853127;0.814878;0.831271;0.830719;0.798991;0.777121;0.786352;0.781736;710.000000;1.015745;0.736282;0.731148;0.732960;0.732054;498.000000;0.645692;0.861700;0.823095;0.839743;0.831419;710.000000;1.015745;0.736282;0.731148;0.732960;498.000000;0.645692;0.861700;0.823095;0.839743;0.867827;0.794647;0.778527;0.785414;0.781971;654.000000;0.962735;0.745768;0.740318;0.742427;0.741373;360.000000;0.772919;0.843526;0.816736;0.828401;0.822569;654.000000;0.962735;0.745768;0.740318;0.742427;360.000000;0.772919;0.843526;0.816736;0.828401;0.000100

EXPERIMENT: multitask_audio_mamba_2026-08-18_03-01_audio_mamba_segment_model_wsm_audio_ssl-1669-005_4bb40a61
CONFIG: wsm_audio_ssl-1669-005.yaml
seed: 42
experiment_info:
  params:
    experiment_name: wsm_audio_segment
    run_name: multitask_audio_mamba
data:
  name: wsm_audio_segment_datamodule
  params:
    data_root: /media/maxim/Databases/WSM_NEW
    task: multitask
    feature_cache_root: /media/maxim/Databases/WSM_NEW/features
    test_filters:
    - none
    - soft
    - hard
    feature_model_name: microsoft/wavlm-base-plus
    feature_layer: 9
    temporal_pool: 8
    batch_size: 8
    num_workers: 4
    pin_memory: true
    persistent_workers: true
model:
  name: audio_mamba_segment_model
  params:
    hidden_dim: 192
    num_layers: 3
    num_heads: 4
    ff_mult: 4
    dropout: 0.2
    encoder_type: mamba
    sequence_steps: 128
    mamba_d_state: 16
    mamba_d_conv: 4
    mamba_expand: 2
    mamba_required: true
loss:
  name: wsm_audio_loss
  params:
    label_smoothing: 0.02
    focal_gamma: 1.0
    aux_weight: 0.15
optimizer:
  name: adamw_optimizer
  params:
    lr: 0.0001
    weight_decay: 0.01
train:
  params:
    epochs: 30
    device: cuda
    mixed_precision: true
    grad_clip_norm: 0.5
    log_every_steps: 25
    collect_cache: true
metrics:
- name: prf_macro_metric
callbacks:
- name: wsm_audio_metrics_callback
  params:
    splits:
    - auto
- name: checkpoint_callback
  params:
    log_path: logs
    filename_template: epoch={epoch}_{monitor}={value:.4f}.pt
    monitor: dev/mean_score
    mode: max
    save_top_k: 2
    save_last: true
- name: snapshot_callback
  params:
    log_path: logs
    include:
    - src
    save_code_zip: true
    save_config: true
- name: wsm_summary_callback
  params:
    filename: summary.txt
- name: early_stopping_callback
  params:
    monitor: dev/mean_score
    mode: max
    patience: 6
    min_delta: 0.0005
logging:
- name: console_file_logger
  params:
    log_path: logs
    log_file: train.log
    console_level: INFO
    file_level: INFO
- name: mlflow_logger
  params:
    tracking_uri: sqlite:///logs/mlflow.db
RESULTS:
epoch;train/num_samples;train/train/num_samples;train/loss;train/train/loss;train/macro_precision;train/macro_recall;train/macro_f1;dev/mean_loss;dev/mean_macro_precision;dev/mean_macro_recall;dev/mean_macro_f1;dev/mean_score;dev/depression/num_samples;dev/depression/loss;dev/depression/macro_precision;dev/depression/macro_recall;dev/depression/macro_f1;dev/depression/score;dev/parkinson/num_samples;dev/parkinson/loss;dev/parkinson/macro_precision;dev/parkinson/macro_recall;dev/parkinson/macro_f1;dev/parkinson/score;dev_depression/num_samples;dev_depression/loss;dev_depression/macro_precision;dev_depression/macro_recall;dev_depression/macro_f1;dev_parkinson/num_samples;dev_parkinson/loss;dev_parkinson/macro_precision;dev_parkinson/macro_recall;dev_parkinson/macro_f1;test_none/mean_loss;test_none/mean_macro_precision;test_none/mean_macro_recall;test_none/mean_macro_f1;test_none/mean_score;test_none/depression/num_samples;test_none/depression/loss;test_none/depression/macro_precision;test_none/depression/macro_recall;test_none/depression/macro_f1;test_none/depression/score;test_none/parkinson/num_samples;test_none/parkinson/loss;test_none/parkinson/macro_precision;test_none/parkinson/macro_recall;test_none/parkinson/macro_f1;test_none/parkinson/score;test_none_depression/num_samples;test_none_depression/loss;test_none_depression/macro_precision;test_none_depression/macro_recall;test_none_depression/macro_f1;test_none_parkinson/num_samples;test_none_parkinson/loss;test_none_parkinson/macro_precision;test_none_parkinson/macro_recall;test_none_parkinson/macro_f1;test_soft/mean_loss;test_soft/mean_macro_precision;test_soft/mean_macro_recall;test_soft/mean_macro_f1;test_soft/mean_score;test_soft/depression/num_samples;test_soft/depression/loss;test_soft/depression/macro_precision;test_soft/depression/macro_recall;test_soft/depression/macro_f1;test_soft/depression/score;test_soft/parkinson/num_samples;test_soft/parkinson/loss;test_soft/parkinson/macro_precision;test_soft/parkinson/macro_recall;test_soft/parkinson/macro_f1;test_soft/parkinson/score;test_soft_depression/num_samples;test_soft_depression/loss;test_soft_depression/macro_precision;test_soft_depression/macro_recall;test_soft_depression/macro_f1;test_soft_parkinson/num_samples;test_soft_parkinson/loss;test_soft_parkinson/macro_precision;test_soft_parkinson/macro_recall;test_soft_parkinson/macro_f1;test_hard/mean_loss;test_hard/mean_macro_precision;test_hard/mean_macro_recall;test_hard/mean_macro_f1;test_hard/mean_score;test_hard/depression/num_samples;test_hard/depression/loss;test_hard/depression/macro_precision;test_hard/depression/macro_recall;test_hard/depression/macro_f1;test_hard/depression/score;test_hard/parkinson/num_samples;test_hard/parkinson/loss;test_hard/parkinson/macro_precision;test_hard/parkinson/macro_recall;test_hard/parkinson/macro_f1;test_hard/parkinson/score;test_hard_depression/num_samples;test_hard_depression/loss;test_hard_depression/macro_precision;test_hard_depression/macro_recall;test_hard_depression/macro_f1;test_hard_parkinson/num_samples;test_hard_parkinson/loss;test_hard_parkinson/macro_precision;test_hard_parkinson/macro_recall;test_hard_parkinson/macro_f1;lr/group
1;6325.000000;6325.000000;0.335904;0.335904;0.682813;0.684268;0.683475;0.385304;0.779286;0.748177;0.756359;0.752268;621.000000;0.326229;0.762739;0.761158;0.761154;0.761156;312.000000;0.444379;0.795833;0.735197;0.751564;0.743380;621.000000;0.326229;0.762739;0.761158;0.761154;312.000000;0.444379;0.795833;0.735197;0.751564;0.270101;0.820990;0.833778;0.821514;0.827646;827.000000;0.255613;0.802918;0.813615;0.796997;0.805306;537.000000;0.284590;0.839062;0.853942;0.846030;0.849986;827.000000;0.255613;0.802918;0.813615;0.796997;537.000000;0.284590;0.839062;0.853942;0.846030;0.233601;0.833826;0.843672;0.833809;0.838741;710.000000;0.236950;0.818132;0.822829;0.811052;0.816941;498.000000;0.230251;0.849519;0.864514;0.856567;0.860541;710.000000;0.236950;0.818132;0.822829;0.811052;498.000000;0.230251;0.849519;0.864514;0.856567;0.266023;0.824178;0.836669;0.824788;0.830728;654.000000;0.226697;0.826720;0.835213;0.820526;0.827870;360.000000;0.305349;0.821636;0.838125;0.829049;0.833587;654.000000;0.226697;0.826720;0.835213;0.820526;360.000000;0.305349;0.821636;0.838125;0.829049;0.000100
2;6325.000000;6325.000000;0.253164;0.253164;0.830425;0.829092;0.829740;0.434477;0.812882;0.725450;0.735429;0.730439;621.000000;0.353148;0.747724;0.734267;0.731786;0.733027;312.000000;0.515806;0.878041;0.716632;0.739072;0.727852;621.000000;0.353148;0.747724;0.734267;0.731786;312.000000;0.515806;0.878041;0.716632;0.739072;0.291219;0.818963;0.784544;0.788700;0.786622;827.000000;0.302691;0.758921;0.765629;0.745614;0.755622;537.000000;0.279746;0.879004;0.803460;0.831785;0.817622;827.000000;0.302691;0.758921;0.765629;0.745614;537.000000;0.279746;0.879004;0.803460;0.831785;0.262415;0.840135;0.802241;0.809068;0.805655;710.000000;0.274509;0.785584;0.785813;0.770422;0.778117;498.000000;0.250320;0.894686;0.818669;0.847715;0.833192;710.000000;0.274509;0.785584;0.785813;0.770422;498.000000;0.250320;0.894686;0.818669;0.847715;0.255628;0.848716;0.827937;0.827735;0.827836;654.000000;0.262078;0.798105;0.801961;0.782775;0.792368;360.000000;0.249178;0.899327;0.853913;0.872695;0.863304;654.000000;0.262078;0.798105;0.801961;0.782775;360.000000;0.249178;0.899327;0.853913;0.872695;0.000100
3;6325.000000;6325.000000;0.216564;0.216564;0.854578;0.857853;0.856101;0.620188;0.791513;0.709379;0.717559;0.713469;621.000000;0.547690;0.730035;0.716480;0.713441;0.714960;312.000000;0.692686;0.852991;0.702277;0.721677;0.711977;621.000000;0.547690;0.730035;0.716480;0.713441;312.000000;0.692686;0.852991;0.702277;0.721677;0.417358;0.825969;0.769492;0.778845;0.774168;827.000000;0.440888;0.758357;0.765693;0.746687;0.756190;537.000000;0.393828;0.893581;0.773292;0.811003;0.792147;827.000000;0.440888;0.758357;0.765693;0.746687;537.000000;0.393828;0.893581;0.773292;0.811003;0.397217;0.839197;0.774185;0.785336;0.779761;710.000000;0.423292;0.774678;0.772232;0.754881;0.763557;498.000000;0.371143;0.903716;0.776138;0.815791;0.795964;710.000000;0.423292;0.774678;0.772232;0.754881;498.000000;0.371143;0.903716;0.776138;0.815791;0.382102;0.846086;0.794305;0.799980;0.797143;654.000000;0.401676;0.788801;0.789402;0.767582;0.778492;360.000000;0.362528;0.903370;0.799209;0.832379;0.815794;654.000000;0.401676;0.788801;0.789402;0.767582;360.000000;0.362528;0.903370;0.799209;0.832379;0.000100
4;6325.000000;6325.000000;0.193269;0.193269;0.884746;0.886182;0.885445;0.697944;0.771250;0.703969;0.713958;0.708964;621.000000;0.643052;0.683921;0.674743;0.671666;0.673205;312.000000;0.752836;0.858578;0.733195;0.756250;0.744723;621.000000;0.643052;0.683921;0.674743;0.671666;312.000000;0.752836;0.858578;0.733195;0.756250;0.457464;0.817321;0.774485;0.786427;0.780456;827.000000;0.490762;0.747883;0.756835;0.747717;0.752276;537.000000;0.424166;0.886759;0.792135;0.825137;0.808636;827.000000;0.490762;0.747883;0.756835;0.747717;537.000000;0.424166;0.886759;0.792135;0.825137;0.440710;0.832689;0.779921;0.793440;0.786680;710.000000;0.499178;0.760293;0.764542;0.754548;0.759545;498.000000;0.382242;0.905084;0.795300;0.832332;0.813816;710.000000;0.499178;0.760293;0.764542;0.754548;498.000000;0.382242;0.905084;0.795300;0.832332;0.427280;0.842475;0.803584;0.810896;0.807240;654.000000;0.482638;0.778701;0.785138;0.770159;0.777648;360.000000;0.371921;0.906250;0.822031;0.851634;0.836832;654.000000;0.482638;0.778701;0.785138;0.770159;360.000000;0.371921;0.906250;0.822031;0.851634;0.000100
5;6325.000000;6325.000000;0.162985;0.162985;0.907499;0.907728;0.907613;0.641841;0.797380;0.726705;0.734789;0.730747;621.000000;0.552689;0.733989;0.715453;0.708152;0.711802;312.000000;0.730994;0.860770;0.737957;0.761426;0.749692;621.000000;0.552689;0.733989;0.715453;0.708152;312.000000;0.730994;0.860770;0.737957;0.761426;0.373363;0.832490;0.772259;0.791741;0.782000;827.000000;0.327352;0.789749;0.758618;0.766206;0.762412;537.000000;0.419374;0.875232;0.785900;0.817275;0.801588;827.000000;0.327352;0.789749;0.758618;0.766206;537.000000;0.419374;0.875232;0.785900;0.817275;0.368925;0.840480;0.778533;0.798270;0.788402;710.000000;0.326167;0.796468;0.773953;0.779061;0.776507;498.000000;0.411683;0.884492;0.783114;0.817479;0.800297;710.000000;0.326167;0.796468;0.773953;0.779061;498.000000;0.411683;0.884492;0.783114;0.817479;0.343159;0.846560;0.801481;0.817317;0.809399;654.000000;0.296604;0.808364;0.791673;0.796940;0.794307;360.000000;0.389714;0.884757;0.811289;0.837693;0.824491;654.000000;0.296604;0.808364;0.791673;0.796940;360.000000;0.389714;0.884757;0.811289;0.837693;0.000100
6;6325.000000;6325.000000;0.154361;0.154361;0.923182;0.921163;0.922144;0.546528;0.776173;0.734730;0.745117;0.739923;621.000000;0.720640;0.686704;0.681606;0.680169;0.680887;312.000000;0.372416;0.865642;0.787854;0.810065;0.798959;621.000000;0.720640;0.686704;0.681606;0.680169;312.000000;0.372416;0.865642;0.787854;0.810065;0.378334;0.806370;0.801949;0.800592;0.801270;827.000000;0.424743;0.797856;0.808916;0.797131;0.803024;537.000000;0.331925;0.814884;0.794983;0.804052;0.799517;827.000000;0.424743;0.797856;0.808916;0.797131;537.000000;0.331925;0.814884;0.794983;0.804052;0.372601;0.812434;0.805045;0.804565;0.804805;710.000000;0.424458;0.807177;0.812589;0.802416;0.807502;498.000000;0.320745;0.817690;0.797502;0.806715;0.802108;710.000000;0.424458;0.807177;0.812589;0.802416;498.000000;0.320745;0.817690;0.797502;0.806715;0.380166;0.813563;0.814852;0.809721;0.812286;654.000000;0.411052;0.808112;0.816581;0.803471;0.810026;360.000000;0.349281;0.819014;0.813124;0.815970;0.814547;654.000000;0.411052;0.808112;0.816581;0.803471;360.000000;0.349281;0.819014;0.813124;0.815970;0.000100
7;6325.000000;6325.000000;0.126600;0.126600;0.944496;0.942704;0.943579;0.866284;0.776949;0.735402;0.744986;0.740194;621.000000;0.935880;0.723739;0.718768;0.717904;0.718336;312.000000;0.796688;0.830159;0.752036;0.772067;0.762052;621.000000;0.935880;0.723739;0.718768;0.717904;312.000000;0.796688;0.830159;0.752036;0.772067;0.512693;0.823602;0.790100;0.799046;0.794573;827.000000;0.580387;0.792500;0.803009;0.792972;0.797991;537.000000;0.444999;0.854704;0.777191;0.805120;0.791155;827.000000;0.580387;0.792500;0.803009;0.792972;537.000000;0.444999;0.854704;0.777191;0.805120;0.486790;0.835388;0.797863;0.808060;0.802961;710.000000;0.557936;0.803882;0.809735;0.800807;0.805271;498.000000;0.415644;0.866893;0.785991;0.815312;0.800652;710.000000;0.557936;0.803882;0.809735;0.800807;498.000000;0.415644;0.866893;0.785991;0.815312;0.508555;0.828322;0.801171;0.806219;0.803695;654.000000;0.531625;0.811732;0.820507;0.807959;0.814233;360.000000;0.485484;0.844912;0.781834;0.804479;0.793156;654.000000;0.531625;0.811732;0.820507;0.807959;360.000000;0.485484;0.844912;0.781834;0.804479;0.000100

EXPERIMENT: multitask_audio_mamba_2026-08-18_03-22_audio_mamba_segment_model_wsm_audio_ssl-1669-006_34ea8980
CONFIG: wsm_audio_ssl-1669-006.yaml
seed: 42
experiment_info:
  params:
    experiment_name: wsm_audio_segment
    run_name: multitask_audio_mamba
data:
  name: wsm_audio_segment_datamodule
  params:
    data_root: /media/maxim/Databases/WSM_NEW
    task: multitask
    feature_cache_root: /media/maxim/Databases/WSM_NEW/features
    test_filters:
    - none
    - soft
    - hard
    feature_model_name: microsoft/wavlm-base-plus
    feature_layer: 12
    temporal_pool: 8
    batch_size: 8
    num_workers: 4
    pin_memory: true
    persistent_workers: true
model:
  name: audio_mamba_segment_model
  params:
    hidden_dim: 192
    num_layers: 3
    num_heads: 4
    ff_mult: 4
    dropout: 0.2
    encoder_type: mamba
    sequence_steps: 128
    mamba_d_state: 16
    mamba_d_conv: 4
    mamba_expand: 2
    mamba_required: true
loss:
  name: wsm_audio_loss
  params:
    label_smoothing: 0.02
    focal_gamma: 1.0
    aux_weight: 0.15
optimizer:
  name: adamw_optimizer
  params:
    lr: 0.0001
    weight_decay: 0.01
train:
  params:
    epochs: 30
    device: cuda
    mixed_precision: true
    grad_clip_norm: 0.5
    log_every_steps: 25
    collect_cache: true
metrics:
- name: prf_macro_metric
callbacks:
- name: wsm_audio_metrics_callback
  params:
    splits:
    - auto
- name: checkpoint_callback
  params:
    log_path: logs
    filename_template: epoch={epoch}_{monitor}={value:.4f}.pt
    monitor: dev/mean_score
    mode: max
    save_top_k: 2
    save_last: true
- name: snapshot_callback
  params:
    log_path: logs
    include:
    - src
    save_code_zip: true
    save_config: true
- name: wsm_summary_callback
  params:
    filename: summary.txt
- name: early_stopping_callback
  params:
    monitor: dev/mean_score
    mode: max
    patience: 6
    min_delta: 0.0005
logging:
- name: console_file_logger
  params:
    log_path: logs
    log_file: train.log
    console_level: INFO
    file_level: INFO
- name: mlflow_logger
  params:
    tracking_uri: sqlite:///logs/mlflow.db
RESULTS:
epoch;train/num_samples;train/train/num_samples;train/loss;train/train/loss;train/macro_precision;train/macro_recall;train/macro_f1;dev/mean_loss;dev/mean_macro_precision;dev/mean_macro_recall;dev/mean_macro_f1;dev/mean_score;dev/depression/num_samples;dev/depression/loss;dev/depression/macro_precision;dev/depression/macro_recall;dev/depression/macro_f1;dev/depression/score;dev/parkinson/num_samples;dev/parkinson/loss;dev/parkinson/macro_precision;dev/parkinson/macro_recall;dev/parkinson/macro_f1;dev/parkinson/score;dev_depression/num_samples;dev_depression/loss;dev_depression/macro_precision;dev_depression/macro_recall;dev_depression/macro_f1;dev_parkinson/num_samples;dev_parkinson/loss;dev_parkinson/macro_precision;dev_parkinson/macro_recall;dev_parkinson/macro_f1;test_none/mean_loss;test_none/mean_macro_precision;test_none/mean_macro_recall;test_none/mean_macro_f1;test_none/mean_score;test_none/depression/num_samples;test_none/depression/loss;test_none/depression/macro_precision;test_none/depression/macro_recall;test_none/depression/macro_f1;test_none/depression/score;test_none/parkinson/num_samples;test_none/parkinson/loss;test_none/parkinson/macro_precision;test_none/parkinson/macro_recall;test_none/parkinson/macro_f1;test_none/parkinson/score;test_none_depression/num_samples;test_none_depression/loss;test_none_depression/macro_precision;test_none_depression/macro_recall;test_none_depression/macro_f1;test_none_parkinson/num_samples;test_none_parkinson/loss;test_none_parkinson/macro_precision;test_none_parkinson/macro_recall;test_none_parkinson/macro_f1;test_soft/mean_loss;test_soft/mean_macro_precision;test_soft/mean_macro_recall;test_soft/mean_macro_f1;test_soft/mean_score;test_soft/depression/num_samples;test_soft/depression/loss;test_soft/depression/macro_precision;test_soft/depression/macro_recall;test_soft/depression/macro_f1;test_soft/depression/score;test_soft/parkinson/num_samples;test_soft/parkinson/loss;test_soft/parkinson/macro_precision;test_soft/parkinson/macro_recall;test_soft/parkinson/macro_f1;test_soft/parkinson/score;test_soft_depression/num_samples;test_soft_depression/loss;test_soft_depression/macro_precision;test_soft_depression/macro_recall;test_soft_depression/macro_f1;test_soft_parkinson/num_samples;test_soft_parkinson/loss;test_soft_parkinson/macro_precision;test_soft_parkinson/macro_recall;test_soft_parkinson/macro_f1;test_hard/mean_loss;test_hard/mean_macro_precision;test_hard/mean_macro_recall;test_hard/mean_macro_f1;test_hard/mean_score;test_hard/depression/num_samples;test_hard/depression/loss;test_hard/depression/macro_precision;test_hard/depression/macro_recall;test_hard/depression/macro_f1;test_hard/depression/score;test_hard/parkinson/num_samples;test_hard/parkinson/loss;test_hard/parkinson/macro_precision;test_hard/parkinson/macro_recall;test_hard/parkinson/macro_f1;test_hard/parkinson/score;test_hard_depression/num_samples;test_hard_depression/loss;test_hard_depression/macro_precision;test_hard_depression/macro_recall;test_hard_depression/macro_f1;test_hard_parkinson/num_samples;test_hard_parkinson/loss;test_hard_parkinson/macro_precision;test_hard_parkinson/macro_recall;test_hard_parkinson/macro_f1;lr/group
1;6325.000000;6325.000000;0.353575;0.353575;0.650534;0.654166;0.651647;0.360302;0.765301;0.744782;0.749865;0.747324;621.000000;0.377542;0.754304;0.749813;0.747897;0.748855;312.000000;0.343062;0.776299;0.739752;0.751832;0.745792;621.000000;0.377542;0.754304;0.749813;0.747897;312.000000;0.343062;0.776299;0.739752;0.751832;0.267551;0.780474;0.800094;0.788365;0.794229;827.000000;0.285490;0.765508;0.768523;0.766811;0.767667;537.000000;0.249611;0.795441;0.831665;0.809918;0.820791;827.000000;0.285490;0.765508;0.768523;0.766811;537.000000;0.249611;0.795441;0.831665;0.809918;0.237928;0.804699;0.824993;0.812526;0.818759;710.000000;0.257716;0.807674;0.806638;0.807129;0.806884;498.000000;0.218139;0.801724;0.843347;0.817923;0.830635;710.000000;0.257716;0.807674;0.806638;0.807129;498.000000;0.218139;0.801724;0.843347;0.817923;0.265436;0.790374;0.807366;0.796145;0.801756;654.000000;0.249210;0.808160;0.807495;0.807819;0.807657;360.000000;0.281661;0.772589;0.807237;0.784472;0.795854;654.000000;0.249210;0.808160;0.807495;0.807819;360.000000;0.281661;0.772589;0.807237;0.784472;0.000100
2;6325.000000;6325.000000;0.265407;0.265407;0.808013;0.808230;0.808121;0.442765;0.805112;0.728420;0.739116;0.733768;621.000000;0.388590;0.742800;0.742624;0.742334;0.742479;312.000000;0.496941;0.867424;0.714217;0.735898;0.725057;621.000000;0.388590;0.742800;0.742624;0.742334;312.000000;0.496941;0.867424;0.714217;0.735898;0.293062;0.801845;0.784733;0.790510;0.787622;827.000000;0.324198;0.754432;0.762107;0.756025;0.759066;537.000000;0.261926;0.849258;0.807359;0.824995;0.816177;827.000000;0.324198;0.754432;0.762107;0.756025;537.000000;0.261926;0.849258;0.807359;0.824995;0.250974;0.828812;0.807304;0.816104;0.811704;710.000000;0.270173;0.795852;0.798381;0.796880;0.797630;498.000000;0.231774;0.861773;0.816228;0.835328;0.825778;710.000000;0.270173;0.795852;0.798381;0.796880;498.000000;0.231774;0.861773;0.816228;0.835328;0.258693;0.830525;0.821051;0.824986;0.823018;654.000000;0.253902;0.804642;0.808583;0.806222;0.807403;360.000000;0.263484;0.856408;0.833518;0.843750;0.838634;654.000000;0.253902;0.804642;0.808583;0.806222;360.000000;0.263484;0.856408;0.833518;0.843750;0.000100
3;6325.000000;6325.000000;0.237152;0.237152;0.839327;0.836587;0.837885;0.646467;0.778954;0.713902;0.722846;0.718374;621.000000;0.649049;0.726481;0.718487;0.716893;0.717690;312.000000;0.643885;0.831427;0.709317;0.728799;0.719058;621.000000;0.649049;0.726481;0.718487;0.716893;312.000000;0.643885;0.831427;0.709317;0.728799;0.386288;0.811781;0.787654;0.789025;0.788340;827.000000;0.444428;0.776298;0.784271;0.764839;0.774555;537.000000;0.328148;0.847264;0.791037;0.813212;0.802124;827.000000;0.444428;0.776298;0.784271;0.764839;537.000000;0.328148;0.847264;0.791037;0.813212;0.338954;0.829409;0.802146;0.807927;0.805036;710.000000;0.387095;0.802883;0.807225;0.795560;0.801393;498.000000;0.290812;0.855936;0.797066;0.820294;0.808680;710.000000;0.387095;0.802883;0.807225;0.795560;498.000000;0.290812;0.855936;0.797066;0.820294;0.359417;0.821339;0.803720;0.805997;0.804859;654.000000;0.373287;0.803189;0.811595;0.798825;0.805210;360.000000;0.345546;0.839489;0.795845;0.813170;0.804507;654.000000;0.373287;0.803189;0.811595;0.798825;360.000000;0.345546;0.839489;0.795845;0.813170;0.000100
4;6325.000000;6325.000000;0.214137;0.214137;0.871473;0.870517;0.870987;0.648462;0.761380;0.693074;0.702040;0.697557;621.000000;0.568189;0.689749;0.688702;0.688578;0.688640;312.000000;0.728734;0.833010;0.697447;0.715502;0.706474;621.000000;0.568189;0.689749;0.688702;0.688578;312.000000;0.728734;0.833010;0.697447;0.715502;0.372959;0.803377;0.781079;0.790628;0.785854;827.000000;0.409548;0.736816;0.732290;0.734167;0.733228;537.000000;0.336370;0.869939;0.829869;0.847090;0.838479;827.000000;0.409548;0.736816;0.732290;0.734167;537.000000;0.336370;0.869939;0.829869;0.847090;0.347206;0.817596;0.798538;0.806904;0.802721;710.000000;0.377854;0.757473;0.754928;0.756008;0.755468;498.000000;0.316559;0.877719;0.842148;0.857799;0.849973;710.000000;0.377854;0.757473;0.754928;0.756008;498.000000;0.316559;0.877719;0.842148;0.857799;0.358963;0.814890;0.802199;0.807800;0.804999;654.000000;0.343787;0.768668;0.768950;0.768807;0.768879;360.000000;0.374139;0.861111;0.835449;0.846792;0.841120;654.000000;0.343787;0.768668;0.768950;0.768807;360.000000;0.374139;0.861111;0.835449;0.846792;0.000100
5;6325.000000;6325.000000;0.194408;0.194408;0.888035;0.884604;0.886228;0.461118;0.756411;0.739996;0.744399;0.742198;621.000000;0.506967;0.679338;0.673436;0.671549;0.672493;312.000000;0.415269;0.833483;0.806556;0.817249;0.811903;621.000000;0.506967;0.679338;0.673436;0.671549;312.000000;0.415269;0.833483;0.806556;0.817249;0.392513;0.745987;0.776067;0.751745;0.763906;827.000000;0.356223;0.732911;0.741463;0.728515;0.734989;537.000000;0.428803;0.759063;0.810671;0.774975;0.792823;827.000000;0.356223;0.732911;0.741463;0.728515;537.000000;0.428803;0.759063;0.810671;0.774975;0.380088;0.754292;0.784314;0.758505;0.771410;710.000000;0.338149;0.743538;0.746448;0.735041;0.740745;498.000000;0.422028;0.765047;0.822179;0.781970;0.802075;710.000000;0.338149;0.743538;0.746448;0.735041;498.000000;0.422028;0.765047;0.822179;0.781970;0.438313;0.744408;0.770084;0.742968;0.756526;654.000000;0.324854;0.754506;0.759711;0.744275;0.751993;360.000000;0.551771;0.734311;0.780458;0.741662;0.761060;654.000000;0.324854;0.754506;0.759711;0.744275;360.000000;0.551771;0.734311;0.780458;0.741662;0.000100
6;6325.000000;6325.000000;0.170328;0.170328;0.909188;0.908489;0.908835;0.623201;0.744513;0.718089;0.725102;0.721595;621.000000;0.668499;0.674924;0.672409;0.670567;0.671488;312.000000;0.577903;0.814103;0.763768;0.779636;0.771702;621.000000;0.668499;0.674924;0.672409;0.670567;312.000000;0.577903;0.814103;0.763768;0.779636;0.360843;0.808892;0.813935;0.807423;0.810679;827.000000;0.353239;0.806729;0.782499;0.789627;0.786063;537.000000;0.368446;0.811054;0.845371;0.825220;0.835296;827.000000;0.353239;0.806729;0.782499;0.789627;537.000000;0.368446;0.811054;0.845371;0.825220;0.333776;0.822725;0.822516;0.816759;0.819637;710.000000;0.325309;0.834087;0.801902;0.808754;0.805328;498.000000;0.342243;0.811363;0.843129;0.824764;0.833946;710.000000;0.325309;0.834087;0.801902;0.808754;498.000000;0.342243;0.811363;0.843129;0.824764;0.360613;0.824352;0.823376;0.816472;0.819924;654.000000;0.308957;0.846010;0.808131;0.817185;0.812658;360.000000;0.412268;0.802693;0.838622;0.815758;0.827190;654.000000;0.308957;0.846010;0.808131;0.817185;360.000000;0.412268;0.802693;0.838622;0.815758;0.000100
7;6325.000000;6325.000000;0.154143;0.154143;0.920418;0.921471;0.920936;0.810119;0.783713;0.703006;0.711373;0.707190;621.000000;0.780972;0.714435;0.703735;0.701069;0.702402;312.000000;0.839267;0.852991;0.702277;0.721677;0.711977;621.000000;0.780972;0.714435;0.703735;0.701069;312.000000;0.839267;0.852991;0.702277;0.721677;0.534097;0.813184;0.771761;0.779166;0.775463;827.000000;0.690467;0.728417;0.735111;0.717530;0.726321;537.000000;0.377727;0.897952;0.808410;0.840801;0.824606;827.000000;0.690467;0.728417;0.735111;0.717530;537.000000;0.377727;0.897952;0.808410;0.840801;0.512956;0.822284;0.773852;0.782792;0.778322;710.000000;0.682347;0.739012;0.737341;0.721091;0.729216;498.000000;0.343565;0.905555;0.810364;0.844492;0.827428;710.000000;0.682347;0.739012;0.737341;0.721091;498.000000;0.343565;0.905555;0.810364;0.844492;0.523425;0.822752;0.786724;0.789478;0.788101;654.000000;0.665285;0.750065;0.750327;0.729357;0.739842;360.000000;0.381566;0.895439;0.823120;0.849599;0.836360;654.000000;0.665285;0.750065;0.750327;0.729357;360.000000;0.381566;0.895439;0.823120;0.849599;0.000100

EXPERIMENT: multitask_audio_mamba_2026-08-18_03-42_audio_mamba_segment_model_wsm_audio_ssl-1669-007_1847c60d
CONFIG: wsm_audio_ssl-1669-007.yaml
seed: 42
experiment_info:
  params:
    experiment_name: wsm_audio_segment
    run_name: multitask_audio_mamba
data:
  name: wsm_audio_segment_datamodule
  params:
    data_root: /media/maxim/Databases/WSM_NEW
    task: multitask
    feature_cache_root: /media/maxim/Databases/WSM_NEW/features
    test_filters:
    - none
    - soft
    - hard
    feature_model_name: microsoft/wavlm-large
    feature_layer: 10
    temporal_pool: 4
    batch_size: 8
    num_workers: 4
    pin_memory: true
    persistent_workers: true
model:
  name: audio_mamba_segment_model
  params:
    hidden_dim: 192
    num_layers: 3
    num_heads: 4
    ff_mult: 4
    dropout: 0.2
    encoder_type: mamba
    sequence_steps: 128
    mamba_d_state: 16
    mamba_d_conv: 4
    mamba_expand: 2
    mamba_required: true
loss:
  name: wsm_audio_loss
  params:
    label_smoothing: 0.02
    focal_gamma: 1.0
    aux_weight: 0.15
optimizer:
  name: adamw_optimizer
  params:
    lr: 0.0001
    weight_decay: 0.01
train:
  params:
    epochs: 30
    device: cuda
    mixed_precision: true
    grad_clip_norm: 0.5
    log_every_steps: 25
    collect_cache: true
metrics:
- name: prf_macro_metric
callbacks:
- name: wsm_audio_metrics_callback
  params:
    splits:
    - auto
- name: checkpoint_callback
  params:
    log_path: logs
    filename_template: epoch={epoch}_{monitor}={value:.4f}.pt
    monitor: dev/mean_score
    mode: max
    save_top_k: 2
    save_last: true
- name: snapshot_callback
  params:
    log_path: logs
    include:
    - src
    save_code_zip: true
    save_config: true
- name: wsm_summary_callback
  params:
    filename: summary.txt
- name: early_stopping_callback
  params:
    monitor: dev/mean_score
    mode: max
    patience: 6
    min_delta: 0.0005
logging:
- name: console_file_logger
  params:
    log_path: logs
    log_file: train.log
    console_level: INFO
    file_level: INFO
- name: mlflow_logger
  params:
    tracking_uri: sqlite:///logs/mlflow.db
RESULTS:
epoch;train/num_samples;train/train/num_samples;train/loss;train/train/loss;train/macro_precision;train/macro_recall;train/macro_f1;dev/mean_loss;dev/mean_macro_precision;dev/mean_macro_recall;dev/mean_macro_f1;dev/mean_score;dev/depression/num_samples;dev/depression/loss;dev/depression/macro_precision;dev/depression/macro_recall;dev/depression/macro_f1;dev/depression/score;dev/parkinson/num_samples;dev/parkinson/loss;dev/parkinson/macro_precision;dev/parkinson/macro_recall;dev/parkinson/macro_f1;dev/parkinson/score;dev_depression/num_samples;dev_depression/loss;dev_depression/macro_precision;dev_depression/macro_recall;dev_depression/macro_f1;dev_parkinson/num_samples;dev_parkinson/loss;dev_parkinson/macro_precision;dev_parkinson/macro_recall;dev_parkinson/macro_f1;test_none/mean_loss;test_none/mean_macro_precision;test_none/mean_macro_recall;test_none/mean_macro_f1;test_none/mean_score;test_none/depression/num_samples;test_none/depression/loss;test_none/depression/macro_precision;test_none/depression/macro_recall;test_none/depression/macro_f1;test_none/depression/score;test_none/parkinson/num_samples;test_none/parkinson/loss;test_none/parkinson/macro_precision;test_none/parkinson/macro_recall;test_none/parkinson/macro_f1;test_none/parkinson/score;test_none_depression/num_samples;test_none_depression/loss;test_none_depression/macro_precision;test_none_depression/macro_recall;test_none_depression/macro_f1;test_none_parkinson/num_samples;test_none_parkinson/loss;test_none_parkinson/macro_precision;test_none_parkinson/macro_recall;test_none_parkinson/macro_f1;test_soft/mean_loss;test_soft/mean_macro_precision;test_soft/mean_macro_recall;test_soft/mean_macro_f1;test_soft/mean_score;test_soft/depression/num_samples;test_soft/depression/loss;test_soft/depression/macro_precision;test_soft/depression/macro_recall;test_soft/depression/macro_f1;test_soft/depression/score;test_soft/parkinson/num_samples;test_soft/parkinson/loss;test_soft/parkinson/macro_precision;test_soft/parkinson/macro_recall;test_soft/parkinson/macro_f1;test_soft/parkinson/score;test_soft_depression/num_samples;test_soft_depression/loss;test_soft_depression/macro_precision;test_soft_depression/macro_recall;test_soft_depression/macro_f1;test_soft_parkinson/num_samples;test_soft_parkinson/loss;test_soft_parkinson/macro_precision;test_soft_parkinson/macro_recall;test_soft_parkinson/macro_f1;test_hard/mean_loss;test_hard/mean_macro_precision;test_hard/mean_macro_recall;test_hard/mean_macro_f1;test_hard/mean_score;test_hard/depression/num_samples;test_hard/depression/loss;test_hard/depression/macro_precision;test_hard/depression/macro_recall;test_hard/depression/macro_f1;test_hard/depression/score;test_hard/parkinson/num_samples;test_hard/parkinson/loss;test_hard/parkinson/macro_precision;test_hard/parkinson/macro_recall;test_hard/parkinson/macro_f1;test_hard/parkinson/score;test_hard_depression/num_samples;test_hard_depression/loss;test_hard_depression/macro_precision;test_hard_depression/macro_recall;test_hard_depression/macro_f1;test_hard_parkinson/num_samples;test_hard_parkinson/loss;test_hard_parkinson/macro_precision;test_hard_parkinson/macro_recall;test_hard_parkinson/macro_f1;lr/group
1;6325.000000;6325.000000;0.303600;0.303600;0.729924;0.730342;0.730130;0.552900;0.709216;0.683748;0.686511;0.685130;621.000000;0.482227;0.706010;0.692204;0.688200;0.690202;312.000000;0.623574;0.712422;0.675293;0.684821;0.680057;621.000000;0.482227;0.706010;0.692204;0.688200;312.000000;0.623574;0.712422;0.675293;0.684821;0.391046;0.748760;0.748750;0.724345;0.736548;827.000000;0.457884;0.718402;0.702239;0.662241;0.682240;537.000000;0.324208;0.779117;0.795262;0.786450;0.790856;827.000000;0.457884;0.718402;0.702239;0.662241;537.000000;0.324208;0.779117;0.795262;0.786450;0.331985;0.767178;0.763591;0.741885;0.752738;710.000000;0.383883;0.750181;0.723598;0.690917;0.707258;498.000000;0.280088;0.784175;0.803584;0.792853;0.798218;710.000000;0.383883;0.750181;0.723598;0.690917;498.000000;0.280088;0.784175;0.803584;0.792853;0.367827;0.755840;0.752351;0.729163;0.740757;654.000000;0.372906;0.755200;0.732368;0.695012;0.713690;360.000000;0.362747;0.756480;0.772335;0.763314;0.767824;654.000000;0.372906;0.755200;0.732368;0.695012;360.000000;0.362747;0.756480;0.772335;0.763314;0.000100
2;6325.000000;6325.000000;0.216735;0.216735;0.872393;0.873172;0.872777;0.923140;0.681430;0.641461;0.645173;0.643317;621.000000;0.840395;0.640853;0.640616;0.640600;0.640608;312.000000;1.005885;0.722007;0.642305;0.649746;0.646026;621.000000;0.840395;0.640853;0.640616;0.640600;312.000000;1.005885;0.722007;0.642305;0.649746;0.472578;0.823791;0.768355;0.784820;0.776588;827.000000;0.495725;0.768395;0.773413;0.770268;0.771841;537.000000;0.449432;0.879188;0.763297;0.799372;0.781335;827.000000;0.495725;0.768395;0.773413;0.770268;537.000000;0.449432;0.879188;0.763297;0.799372;0.397083;0.856672;0.794007;0.813436;0.803721;710.000000;0.392890;0.817564;0.817304;0.817432;0.817368;498.000000;0.401276;0.895780;0.770710;0.809439;0.790074;710.000000;0.392890;0.817564;0.817304;0.817432;498.000000;0.401276;0.895780;0.770710;0.809439;0.426717;0.849730;0.797425;0.813253;0.805339;654.000000;0.384277;0.818970;0.819304;0.819135;0.819220;360.000000;0.469156;0.880490;0.775546;0.807371;0.791458;654.000000;0.384277;0.818970;0.819304;0.819135;360.000000;0.469156;0.880490;0.775546;0.807371;0.000100
3;6325.000000;6325.000000;0.167081;0.167081;0.917408;0.914164;0.915712;1.054981;0.673345;0.626182;0.626312;0.626247;621.000000;1.031531;0.631474;0.629038;0.626621;0.627830;312.000000;1.078430;0.715215;0.623326;0.626004;0.624665;621.000000;1.031531;0.631474;0.629038;0.626621;312.000000;1.078430;0.715215;0.623326;0.626004;0.574084;0.799049;0.723909;0.743195;0.733552;827.000000;0.595958;0.762005;0.740866;0.746600;0.743733;537.000000;0.552210;0.836094;0.706953;0.739790;0.723372;827.000000;0.595958;0.762005;0.740866;0.746600;537.000000;0.552210;0.836094;0.706953;0.739790;0.549550;0.815591;0.735480;0.755015;0.745248;710.000000;0.568172;0.782892;0.765715;0.770017;0.767866;498.000000;0.530928;0.848291;0.705245;0.740014;0.722629;710.000000;0.568172;0.782892;0.765715;0.770017;498.000000;0.530928;0.848291;0.705245;0.740014;0.592774;0.807097;0.734454;0.750474;0.742464;654.000000;0.544151;0.786477;0.771481;0.776153;0.773817;360.000000;0.641396;0.827717;0.697427;0.724796;0.711112;654.000000;0.544151;0.786477;0.771481;0.776153;360.000000;0.641396;0.827717;0.697427;0.724796;0.000100
4;6325.000000;6325.000000;0.144814;0.144814;0.936820;0.932621;0.934607;1.219691;0.677039;0.649725;0.655699;0.652712;621.000000;1.222827;0.610572;0.609664;0.609202;0.609433;312.000000;1.216554;0.743506;0.689786;0.702195;0.695991;621.000000;1.222827;0.610572;0.609664;0.609202;312.000000;1.216554;0.743506;0.689786;0.702195;0.759938;0.741875;0.750530;0.745361;0.747945;827.000000;0.790911;0.711705;0.717076;0.713122;0.715099;537.000000;0.728964;0.772045;0.783983;0.777599;0.780791;827.000000;0.790911;0.711705;0.717076;0.713122;537.000000;0.728964;0.772045;0.783983;0.777599;0.691026;0.761905;0.768560;0.764805;0.766682;710.000000;0.679525;0.754949;0.758126;0.755979;0.757052;498.000000;0.702526;0.768860;0.778994;0.773630;0.776312;710.000000;0.679525;0.754949;0.758126;0.755979;498.000000;0.702526;0.768860;0.778994;0.773630;0.770769;0.755085;0.764756;0.758892;0.761824;654.000000;0.650404;0.763617;0.769008;0.765146;0.767077;360.000000;0.891135;0.746554;0.760503;0.752637;0.756570;654.000000;0.650404;0.763617;0.769008;0.765146;360.000000;0.891135;0.746554;0.760503;0.752637;0.000100
5;6325.000000;6325.000000;0.120746;0.120746;0.951659;0.948764;0.950159;1.479676;0.682376;0.652514;0.658256;0.655385;621.000000;1.602203;0.599396;0.596125;0.593501;0.594813;312.000000;1.357148;0.765356;0.708903;0.723011;0.715957;621.000000;1.602203;0.599396;0.596125;0.593501;312.000000;1.357148;0.765356;0.708903;0.723011;0.835820;0.765561;0.775066;0.766843;0.770954;827.000000;0.898438;0.749357;0.758676;0.747333;0.753005;537.000000;0.773202;0.781765;0.791456;0.786352;0.788904;827.000000;0.898438;0.749357;0.758676;0.747333;537.000000;0.773202;0.781765;0.791456;0.786352;0.822668;0.767030;0.773373;0.767830;0.770601;710.000000;0.906378;0.754563;0.759664;0.752527;0.756096;498.000000;0.738959;0.779496;0.787081;0.783133;0.785107;710.000000;0.906378;0.754563;0.759664;0.752527;498.000000;0.738959;0.779496;0.787081;0.783133;0.907224;0.759804;0.770277;0.761931;0.766104;654.000000;0.902822;0.756881;0.764359;0.755149;0.759754;360.000000;0.911627;0.762727;0.776196;0.768713;0.772454;654.000000;0.902822;0.756881;0.764359;0.755149;360.000000;0.911627;0.762727;0.776196;0.768713;0.000100
6;6325.000000;6325.000000;0.098273;0.098273;0.962853;0.960851;0.961827;1.582031;0.693613;0.622918;0.623363;0.623141;621.000000;1.673422;0.593636;0.586555;0.577350;0.581953;312.000000;1.490640;0.793589;0.659282;0.669375;0.664329;621.000000;1.673422;0.593636;0.586555;0.577350;312.000000;1.490640;0.793589;0.659282;0.669375;0.840150;0.837959;0.746609;0.771051;0.758830;827.000000;0.912886;0.765568;0.737532;0.744066;0.740799;537.000000;0.767415;0.910349;0.755686;0.798035;0.776860;827.000000;0.912886;0.765568;0.737532;0.744066;537.000000;0.767415;0.910349;0.755686;0.798035;0.837499;0.843250;0.742454;0.766958;0.754706;710.000000;0.952934;0.763402;0.732139;0.736389;0.734264;498.000000;0.722064;0.923098;0.752769;0.797527;0.775148;710.000000;0.952934;0.763402;0.732139;0.736389;498.000000;0.722064;0.923098;0.752769;0.797527;0.876076;0.840437;0.748221;0.770245;0.759233;654.000000;0.931128;0.768564;0.735997;0.741918;0.738957;360.000000;0.821025;0.912309;0.760446;0.798573;0.779509;654.000000;0.931128;0.768564;0.735997;0.741918;360.000000;0.821025;0.912309;0.760446;0.798573;0.000100
7;6325.000000;6325.000000;0.069037;0.069037;0.974687;0.974284;0.974485;1.844474;0.671903;0.608832;0.603867;0.606349;621.000000;2.048799;0.559216;0.548926;0.526718;0.537822;312.000000;1.640149;0.784589;0.668737;0.681017;0.674877;621.000000;2.048799;0.559216;0.548926;0.526718;312.000000;1.640149;0.784589;0.668737;0.681017;0.863579;0.839819;0.748859;0.772517;0.760688;827.000000;0.947612;0.767002;0.716955;0.723651;0.720303;537.000000;0.779546;0.912637;0.780764;0.821384;0.801074;827.000000;0.947612;0.767002;0.716955;0.723651;537.000000;0.779546;0.912637;0.780764;0.821384;0.852765;0.847911;0.755334;0.778990;0.767162;710.000000;0.984360;0.771968;0.730540;0.734713;0.732627;498.000000;0.721170;0.923855;0.780127;0.823266;0.801697;710.000000;0.984360;0.771968;0.730540;0.734713;498.000000;0.721170;0.923855;0.780127;0.823266;0.887067;0.850538;0.763977;0.786119;0.775048;654.000000;0.958271;0.779409;0.737806;0.744241;0.741023;360.000000;0.815863;0.921667;0.790149;0.827998;0.809073;654.000000;0.958271;0.779409;0.737806;0.744241;360.000000;0.815863;0.921667;0.790149;0.827998;0.000100

EXPERIMENT: multitask_audio_mamba_2026-08-18_04-16_audio_mamba_segment_model_wsm_audio_ssl-1669-008_deb03d37
CONFIG: wsm_audio_ssl-1669-008.yaml
seed: 42
experiment_info:
  params:
    experiment_name: wsm_audio_segment
    run_name: multitask_audio_mamba
data:
  name: wsm_audio_segment_datamodule
  params:
    data_root: /media/maxim/Databases/WSM_NEW
    task: multitask
    feature_cache_root: /media/maxim/Databases/WSM_NEW/features
    test_filters:
    - none
    - soft
    - hard
    feature_model_name: microsoft/wavlm-large
    feature_layer: 12
    temporal_pool: 4
    batch_size: 8
    num_workers: 4
    pin_memory: true
    persistent_workers: true
model:
  name: audio_mamba_segment_model
  params:
    hidden_dim: 192
    num_layers: 3
    num_heads: 4
    ff_mult: 4
    dropout: 0.2
    encoder_type: mamba
    sequence_steps: 128
    mamba_d_state: 16
    mamba_d_conv: 4
    mamba_expand: 2
    mamba_required: true
loss:
  name: wsm_audio_loss
  params:
    label_smoothing: 0.02
    focal_gamma: 1.0
    aux_weight: 0.15
optimizer:
  name: adamw_optimizer
  params:
    lr: 0.0001
    weight_decay: 0.01
train:
  params:
    epochs: 30
    device: cuda
    mixed_precision: true
    grad_clip_norm: 0.5
    log_every_steps: 25
    collect_cache: true
metrics:
- name: prf_macro_metric
callbacks:
- name: wsm_audio_metrics_callback
  params:
    splits:
    - auto
- name: checkpoint_callback
  params:
    log_path: logs
    filename_template: epoch={epoch}_{monitor}={value:.4f}.pt
    monitor: dev/mean_score
    mode: max
    save_top_k: 2
    save_last: true
- name: snapshot_callback
  params:
    log_path: logs
    include:
    - src
    save_code_zip: true
    save_config: true
- name: wsm_summary_callback
  params:
    filename: summary.txt
- name: early_stopping_callback
  params:
    monitor: dev/mean_score
    mode: max
    patience: 6
    min_delta: 0.0005
logging:
- name: console_file_logger
  params:
    log_path: logs
    log_file: train.log
    console_level: INFO
    file_level: INFO
- name: mlflow_logger
  params:
    tracking_uri: sqlite:///logs/mlflow.db
RESULTS:
epoch;train/num_samples;train/train/num_samples;train/loss;train/train/loss;train/macro_precision;train/macro_recall;train/macro_f1;dev/mean_loss;dev/mean_macro_precision;dev/mean_macro_recall;dev/mean_macro_f1;dev/mean_score;dev/depression/num_samples;dev/depression/loss;dev/depression/macro_precision;dev/depression/macro_recall;dev/depression/macro_f1;dev/depression/score;dev/parkinson/num_samples;dev/parkinson/loss;dev/parkinson/macro_precision;dev/parkinson/macro_recall;dev/parkinson/macro_f1;dev/parkinson/score;dev_depression/num_samples;dev_depression/loss;dev_depression/macro_precision;dev_depression/macro_recall;dev_depression/macro_f1;dev_parkinson/num_samples;dev_parkinson/loss;dev_parkinson/macro_precision;dev_parkinson/macro_recall;dev_parkinson/macro_f1;test_none/mean_loss;test_none/mean_macro_precision;test_none/mean_macro_recall;test_none/mean_macro_f1;test_none/mean_score;test_none/depression/num_samples;test_none/depression/loss;test_none/depression/macro_precision;test_none/depression/macro_recall;test_none/depression/macro_f1;test_none/depression/score;test_none/parkinson/num_samples;test_none/parkinson/loss;test_none/parkinson/macro_precision;test_none/parkinson/macro_recall;test_none/parkinson/macro_f1;test_none/parkinson/score;test_none_depression/num_samples;test_none_depression/loss;test_none_depression/macro_precision;test_none_depression/macro_recall;test_none_depression/macro_f1;test_none_parkinson/num_samples;test_none_parkinson/loss;test_none_parkinson/macro_precision;test_none_parkinson/macro_recall;test_none_parkinson/macro_f1;test_soft/mean_loss;test_soft/mean_macro_precision;test_soft/mean_macro_recall;test_soft/mean_macro_f1;test_soft/mean_score;test_soft/depression/num_samples;test_soft/depression/loss;test_soft/depression/macro_precision;test_soft/depression/macro_recall;test_soft/depression/macro_f1;test_soft/depression/score;test_soft/parkinson/num_samples;test_soft/parkinson/loss;test_soft/parkinson/macro_precision;test_soft/parkinson/macro_recall;test_soft/parkinson/macro_f1;test_soft/parkinson/score;test_soft_depression/num_samples;test_soft_depression/loss;test_soft_depression/macro_precision;test_soft_depression/macro_recall;test_soft_depression/macro_f1;test_soft_parkinson/num_samples;test_soft_parkinson/loss;test_soft_parkinson/macro_precision;test_soft_parkinson/macro_recall;test_soft_parkinson/macro_f1;test_hard/mean_loss;test_hard/mean_macro_precision;test_hard/mean_macro_recall;test_hard/mean_macro_f1;test_hard/mean_score;test_hard/depression/num_samples;test_hard/depression/loss;test_hard/depression/macro_precision;test_hard/depression/macro_recall;test_hard/depression/macro_f1;test_hard/depression/score;test_hard/parkinson/num_samples;test_hard/parkinson/loss;test_hard/parkinson/macro_precision;test_hard/parkinson/macro_recall;test_hard/parkinson/macro_f1;test_hard/parkinson/score;test_hard_depression/num_samples;test_hard_depression/loss;test_hard_depression/macro_precision;test_hard_depression/macro_recall;test_hard_depression/macro_f1;test_hard_parkinson/num_samples;test_hard_parkinson/loss;test_hard_parkinson/macro_precision;test_hard_parkinson/macro_recall;test_hard_parkinson/macro_f1;lr/group
1;6325.000000;6325.000000;0.313447;0.313447;0.718779;0.718717;0.718748;0.416686;0.751149;0.717564;0.724393;0.720978;621.000000;0.333504;0.737955;0.733333;0.732703;0.733018;312.000000;0.499868;0.764344;0.701794;0.716084;0.708939;621.000000;0.333504;0.737955;0.733333;0.732703;312.000000;0.499868;0.764344;0.701794;0.716084;0.311646;0.768753;0.774435;0.758019;0.766227;827.000000;0.314203;0.753416;0.753656;0.726723;0.740189;537.000000;0.309090;0.784091;0.795215;0.789316;0.792265;827.000000;0.314203;0.753416;0.753656;0.726723;537.000000;0.309090;0.784091;0.795215;0.789316;0.273788;0.790103;0.794214;0.781569;0.787892;710.000000;0.262734;0.793144;0.789051;0.770320;0.779685;498.000000;0.284841;0.787061;0.799377;0.792819;0.796098;710.000000;0.262734;0.793144;0.789051;0.770320;498.000000;0.284841;0.787061;0.799377;0.792819;0.275974;0.797201;0.812490;0.791455;0.801973;654.000000;0.253621;0.801533;0.801211;0.778287;0.789749;360.000000;0.298326;0.792870;0.823770;0.804624;0.814197;654.000000;0.253621;0.801533;0.801211;0.778287;360.000000;0.298326;0.792870;0.823770;0.804624;0.000100
2;6325.000000;6325.000000;0.230940;0.230940;0.854381;0.854531;0.854456;0.683941;0.731791;0.714981;0.718452;0.716716;621.000000;0.654729;0.710785;0.702288;0.700214;0.701251;312.000000;0.713153;0.752797;0.727674;0.736690;0.732182;621.000000;0.654729;0.710785;0.702288;0.700214;312.000000;0.713153;0.752797;0.727674;0.736690;0.550336;0.729218;0.756477;0.726337;0.741407;827.000000;0.387346;0.761176;0.767058;0.745758;0.756408;537.000000;0.713326;0.697260;0.745896;0.706916;0.726406;827.000000;0.387346;0.761176;0.767058;0.745758;537.000000;0.713326;0.697260;0.745896;0.706916;0.519116;0.733321;0.755061;0.727012;0.741037;710.000000;0.359540;0.775657;0.771807;0.753411;0.762609;498.000000;0.678692;0.690985;0.738315;0.700613;0.719464;710.000000;0.359540;0.775657;0.771807;0.753411;498.000000;0.678692;0.690985;0.738315;0.700613;0.596571;0.725340;0.744354;0.711903;0.728129;654.000000;0.351352;0.777468;0.776563;0.753817;0.765190;360.000000;0.841790;0.673211;0.712145;0.669989;0.691067;654.000000;0.351352;0.777468;0.776563;0.753817;360.000000;0.841790;0.673211;0.712145;0.669989;0.000100
3;6325.000000;6325.000000;0.185830;0.185830;0.902454;0.900356;0.901371;0.971583;0.721850;0.651410;0.645871;0.648640;621.000000;1.017317;0.691825;0.643744;0.622268;0.633006;312.000000;0.925849;0.751876;0.659075;0.669474;0.664274;621.000000;1.017317;0.691825;0.643744;0.622268;312.000000;0.925849;0.751876;0.659075;0.669474;0.697725;0.753905;0.716827;0.714734;0.715780;827.000000;0.917631;0.693680;0.690204;0.661284;0.675744;537.000000;0.477819;0.814130;0.743449;0.768184;0.755817;827.000000;0.917631;0.693680;0.690204;0.661284;537.000000;0.477819;0.814130;0.743449;0.768184;0.688253;0.756741;0.710429;0.710272;0.710351;710.000000;0.927828;0.697819;0.683829;0.657021;0.670425;498.000000;0.448677;0.815663;0.737029;0.763523;0.750276;710.000000;0.927828;0.697819;0.683829;0.657021;498.000000;0.448677;0.815663;0.737029;0.763523;0.712325;0.750965;0.717447;0.710579;0.714013;654.000000;0.957549;0.696055;0.682515;0.649643;0.666079;360.000000;0.467102;0.805875;0.752380;0.771514;0.761947;654.000000;0.957549;0.696055;0.682515;0.649643;360.000000;0.467102;0.805875;0.752380;0.771514;0.000100
4;6325.000000;6325.000000;0.174306;0.174306;0.921531;0.917998;0.919679;0.951892;0.698471;0.688634;0.692097;0.690365;621.000000;0.845512;0.676481;0.675957;0.675922;0.675939;312.000000;1.058272;0.720462;0.701311;0.708271;0.704791;621.000000;0.845512;0.676481;0.675957;0.675922;312.000000;1.058272;0.720462;0.701311;0.708271;0.842368;0.704121;0.732225;0.706517;0.719371;827.000000;0.575925;0.731123;0.739686;0.729848;0.734767;537.000000;1.108812;0.677118;0.724764;0.683186;0.703975;827.000000;0.575925;0.731123;0.739686;0.729848;537.000000;1.108812;0.677118;0.724764;0.683186;0.839729;0.706132;0.733464;0.708182;0.720823;710.000000;0.563648;0.734415;0.739142;0.732631;0.735887;498.000000;1.115810;0.677849;0.727786;0.683733;0.705759;710.000000;0.563648;0.734415;0.739142;0.732631;498.000000;1.115810;0.677849;0.727786;0.683733;0.961551;0.698921;0.721896;0.691361;0.706629;654.000000;0.565523;0.733193;0.739962;0.731836;0.735899;360.000000;1.357579;0.664649;0.703830;0.650887;0.677359;654.000000;0.565523;0.733193;0.739962;0.731836;360.000000;1.357579;0.664649;0.703830;0.650887;0.000100
5;6325.000000;6325.000000;0.143454;0.143454;0.943460;0.940684;0.942022;1.312998;0.681545;0.638420;0.641391;0.639905;621.000000;1.317530;0.633943;0.632120;0.630258;0.631189;312.000000;1.308466;0.729147;0.644720;0.652523;0.648622;621.000000;1.317530;0.633943;0.632120;0.630258;312.000000;1.308466;0.729147;0.644720;0.652523;0.713372;0.782694;0.773336;0.777458;0.775397;827.000000;0.792448;0.739816;0.732893;0.735539;0.734216;537.000000;0.634297;0.825571;0.813779;0.819376;0.816578;827.000000;0.792448;0.739816;0.732893;0.735539;537.000000;0.634297;0.825571;0.813779;0.819376;0.716769;0.777848;0.764020;0.769613;0.766817;710.000000;0.865700;0.724158;0.715584;0.717973;0.716778;498.000000;0.567839;0.831537;0.812456;0.821253;0.816855;710.000000;0.865700;0.724158;0.715584;0.717973;498.000000;0.567839;0.831537;0.812456;0.821253;0.773615;0.764521;0.755101;0.758788;0.756944;654.000000;0.876994;0.716069;0.706980;0.709750;0.708365;360.000000;0.670236;0.812973;0.803223;0.807825;0.805524;654.000000;0.876994;0.716069;0.706980;0.709750;360.000000;0.670236;0.812973;0.803223;0.807825;0.000100
6;6325.000000;6325.000000;0.108437;0.108437;0.959019;0.958103;0.958555;1.484849;0.711259;0.657753;0.660069;0.658911;621.000000;1.666612;0.655722;0.644491;0.636632;0.640561;312.000000;1.303085;0.766796;0.671014;0.683506;0.677260;621.000000;1.666612;0.655722;0.644491;0.636632;312.000000;1.303085;0.766796;0.671014;0.683506;0.794193;0.799314;0.782797;0.787861;0.785329;827.000000;0.900637;0.787182;0.760524;0.767559;0.764041;537.000000;0.687748;0.811446;0.805070;0.808164;0.806617;827.000000;0.900637;0.787182;0.760524;0.767559;537.000000;0.687748;0.811446;0.805070;0.808164;0.789292;0.797633;0.780039;0.785019;0.782529;710.000000;0.943722;0.782934;0.758369;0.763271;0.760820;498.000000;0.634863;0.812331;0.801709;0.806767;0.804238;710.000000;0.943722;0.782934;0.758369;0.763271;498.000000;0.634863;0.812331;0.801709;0.806767;0.828090;0.796638;0.784768;0.787824;0.786296;654.000000;0.898012;0.792826;0.769085;0.775197;0.772141;360.000000;0.758167;0.800451;0.800451;0.800451;0.800451;654.000000;0.898012;0.792826;0.769085;0.775197;360.000000;0.758167;0.800451;0.800451;0.800451;0.000100
7;6325.000000;6325.000000;0.093459;0.093459;0.967726;0.967328;0.967526;1.377958;0.737509;0.636193;0.634714;0.635454;621.000000;1.221646;0.640196;0.634360;0.629506;0.631933;312.000000;1.534270;0.834821;0.638026;0.639923;0.638974;621.000000;1.221646;0.640196;0.634360;0.629506;312.000000;1.534270;0.834821;0.638026;0.639923;0.835272;0.819101;0.712390;0.734007;0.723198;827.000000;0.803757;0.756624;0.730482;0.736578;0.733530;537.000000;0.866787;0.881579;0.694298;0.731436;0.712867;827.000000;0.803757;0.756624;0.730482;0.736578;537.000000;0.866787;0.881579;0.694298;0.731436;0.856197;0.818901;0.701802;0.721992;0.711897;710.000000;0.871777;0.744445;0.721838;0.725475;0.723656;498.000000;0.840617;0.893358;0.681767;0.718509;0.700138;710.000000;0.871777;0.744445;0.721838;0.725475;498.000000;0.840617;0.893358;0.681767;0.718509;0.906278;0.810036;0.703830;0.721192;0.712511;654.000000;0.881229;0.741640;0.718452;0.723100;0.720776;360.000000;0.931326;0.878431;0.689208;0.719285;0.704246;654.000000;0.881229;0.741640;0.718452;0.723100;360.000000;0.931326;0.878431;0.689208;0.719285;0.000100

EXPERIMENT: multitask_audio_mamba_2026-08-18_04-51_audio_mamba_segment_model_wsm_audio_ssl-1669-009_3eb82832
CONFIG: wsm_audio_ssl-1669-009.yaml
seed: 42
experiment_info:
  params:
    experiment_name: wsm_audio_segment
    run_name: multitask_audio_mamba
data:
  name: wsm_audio_segment_datamodule
  params:
    data_root: /media/maxim/Databases/WSM_NEW
    task: multitask
    feature_cache_root: /media/maxim/Databases/WSM_NEW/features
    test_filters:
    - none
    - soft
    - hard
    feature_model_name: microsoft/wavlm-large
    feature_layer: 14
    temporal_pool: 4
    batch_size: 8
    num_workers: 4
    pin_memory: true
    persistent_workers: true
model:
  name: audio_mamba_segment_model
  params:
    hidden_dim: 192
    num_layers: 3
    num_heads: 4
    ff_mult: 4
    dropout: 0.2
    encoder_type: mamba
    sequence_steps: 128
    mamba_d_state: 16
    mamba_d_conv: 4
    mamba_expand: 2
    mamba_required: true
loss:
  name: wsm_audio_loss
  params:
    label_smoothing: 0.02
    focal_gamma: 1.0
    aux_weight: 0.15
optimizer:
  name: adamw_optimizer
  params:
    lr: 0.0001
    weight_decay: 0.01
train:
  params:
    epochs: 30
    device: cuda
    mixed_precision: true
    grad_clip_norm: 0.5
    log_every_steps: 25
    collect_cache: true
metrics:
- name: prf_macro_metric
callbacks:
- name: wsm_audio_metrics_callback
  params:
    splits:
    - auto
- name: checkpoint_callback
  params:
    log_path: logs
    filename_template: epoch={epoch}_{monitor}={value:.4f}.pt
    monitor: dev/mean_score
    mode: max
    save_top_k: 2
    save_last: true
- name: snapshot_callback
  params:
    log_path: logs
    include:
    - src
    save_code_zip: true
    save_config: true
- name: wsm_summary_callback
  params:
    filename: summary.txt
- name: early_stopping_callback
  params:
    monitor: dev/mean_score
    mode: max
    patience: 6
    min_delta: 0.0005
logging:
- name: console_file_logger
  params:
    log_path: logs
    log_file: train.log
    console_level: INFO
    file_level: INFO
- name: mlflow_logger
  params:
    tracking_uri: sqlite:///logs/mlflow.db
RESULTS:
epoch;train/num_samples;train/train/num_samples;train/loss;train/train/loss;train/macro_precision;train/macro_recall;train/macro_f1;dev/mean_loss;dev/mean_macro_precision;dev/mean_macro_recall;dev/mean_macro_f1;dev/mean_score;dev/depression/num_samples;dev/depression/loss;dev/depression/macro_precision;dev/depression/macro_recall;dev/depression/macro_f1;dev/depression/score;dev/parkinson/num_samples;dev/parkinson/loss;dev/parkinson/macro_precision;dev/parkinson/macro_recall;dev/parkinson/macro_f1;dev/parkinson/score;dev_depression/num_samples;dev_depression/loss;dev_depression/macro_precision;dev_depression/macro_recall;dev_depression/macro_f1;dev_parkinson/num_samples;dev_parkinson/loss;dev_parkinson/macro_precision;dev_parkinson/macro_recall;dev_parkinson/macro_f1;test_none/mean_loss;test_none/mean_macro_precision;test_none/mean_macro_recall;test_none/mean_macro_f1;test_none/mean_score;test_none/depression/num_samples;test_none/depression/loss;test_none/depression/macro_precision;test_none/depression/macro_recall;test_none/depression/macro_f1;test_none/depression/score;test_none/parkinson/num_samples;test_none/parkinson/loss;test_none/parkinson/macro_precision;test_none/parkinson/macro_recall;test_none/parkinson/macro_f1;test_none/parkinson/score;test_none_depression/num_samples;test_none_depression/loss;test_none_depression/macro_precision;test_none_depression/macro_recall;test_none_depression/macro_f1;test_none_parkinson/num_samples;test_none_parkinson/loss;test_none_parkinson/macro_precision;test_none_parkinson/macro_recall;test_none_parkinson/macro_f1;test_soft/mean_loss;test_soft/mean_macro_precision;test_soft/mean_macro_recall;test_soft/mean_macro_f1;test_soft/mean_score;test_soft/depression/num_samples;test_soft/depression/loss;test_soft/depression/macro_precision;test_soft/depression/macro_recall;test_soft/depression/macro_f1;test_soft/depression/score;test_soft/parkinson/num_samples;test_soft/parkinson/loss;test_soft/parkinson/macro_precision;test_soft/parkinson/macro_recall;test_soft/parkinson/macro_f1;test_soft/parkinson/score;test_soft_depression/num_samples;test_soft_depression/loss;test_soft_depression/macro_precision;test_soft_depression/macro_recall;test_soft_depression/macro_f1;test_soft_parkinson/num_samples;test_soft_parkinson/loss;test_soft_parkinson/macro_precision;test_soft_parkinson/macro_recall;test_soft_parkinson/macro_f1;test_hard/mean_loss;test_hard/mean_macro_precision;test_hard/mean_macro_recall;test_hard/mean_macro_f1;test_hard/mean_score;test_hard/depression/num_samples;test_hard/depression/loss;test_hard/depression/macro_precision;test_hard/depression/macro_recall;test_hard/depression/macro_f1;test_hard/depression/score;test_hard/parkinson/num_samples;test_hard/parkinson/loss;test_hard/parkinson/macro_precision;test_hard/parkinson/macro_recall;test_hard/parkinson/macro_f1;test_hard/parkinson/score;test_hard_depression/num_samples;test_hard_depression/loss;test_hard_depression/macro_precision;test_hard_depression/macro_recall;test_hard_depression/macro_f1;test_hard_parkinson/num_samples;test_hard_parkinson/loss;test_hard_parkinson/macro_precision;test_hard_parkinson/macro_recall;test_hard_parkinson/macro_f1;lr/group
1;6325.000000;6325.000000;0.332498;0.332498;0.692142;0.693965;0.692958;0.468230;0.725297;0.700429;0.674822;0.687625;621.000000;0.498812;0.727066;0.652894;0.624776;0.638835;312.000000;0.437648;0.723529;0.747964;0.724868;0.736416;621.000000;0.498812;0.727066;0.652894;0.624776;312.000000;0.437648;0.723529;0.747964;0.724868;0.538590;0.697761;0.685034;0.603698;0.644366;827.000000;0.591804;0.739233;0.660697;0.581483;0.621090;537.000000;0.485375;0.656289;0.709372;0.625913;0.667643;827.000000;0.591804;0.739233;0.660697;0.581483;537.000000;0.485375;0.656289;0.709372;0.625913;0.498119;0.708419;0.691878;0.616917;0.654397;710.000000;0.538450;0.761768;0.674499;0.610020;0.642259;498.000000;0.457788;0.655070;0.709256;0.623814;0.666535;710.000000;0.538450;0.761768;0.674499;0.610020;498.000000;0.457788;0.655070;0.709256;0.623814;0.559025;0.697871;0.669653;0.589639;0.629646;654.000000;0.541940;0.755503;0.676952;0.607879;0.642416;360.000000;0.576111;0.640239;0.662353;0.571399;0.616876;654.000000;0.541940;0.755503;0.676952;0.607879;360.000000;0.576111;0.640239;0.662353;0.571399;0.000100
2;6325.000000;6325.000000;0.251124;0.251124;0.826669;0.829769;0.828103;0.635075;0.726482;0.724692;0.712108;0.718400;621.000000;0.584594;0.722045;0.696452;0.689118;0.692785;312.000000;0.685557;0.730919;0.752933;0.735098;0.744016;621.000000;0.584594;0.722045;0.696452;0.689118;312.000000;0.685557;0.730919;0.752933;0.735098;0.766135;0.674296;0.683818;0.621802;0.652810;827.000000;0.595237;0.696249;0.663494;0.609178;0.636336;537.000000;0.937033;0.652343;0.704143;0.634426;0.669284;827.000000;0.595237;0.696249;0.663494;0.609178;537.000000;0.937033;0.652343;0.704143;0.634426;0.747290;0.687181;0.688182;0.628064;0.658123;710.000000;0.544626;0.726797;0.677069;0.628467;0.652768;498.000000;0.949954;0.647566;0.699294;0.627660;0.663477;710.000000;0.544626;0.726797;0.677069;0.628467;498.000000;0.949954;0.647566;0.699294;0.627660;0.887323;0.676717;0.660084;0.590633;0.625358;654.000000;0.533404;0.737591;0.684497;0.627648;0.656072;360.000000;1.241243;0.615844;0.635670;0.553618;0.594644;654.000000;0.533404;0.737591;0.684497;0.627648;360.000000;1.241243;0.615844;0.635670;0.553618;0.000100
3;6325.000000;6325.000000;0.213274;0.213274;0.880258;0.874310;0.877015;0.712375;0.709465;0.682423;0.685800;0.684111;621.000000;0.672233;0.680415;0.668021;0.663432;0.665726;312.000000;0.752517;0.738515;0.696825;0.708168;0.702496;621.000000;0.672233;0.680415;0.668021;0.663432;312.000000;0.752517;0.738515;0.696825;0.708168;0.588917;0.703284;0.707206;0.684388;0.695797;827.000000;0.668579;0.685250;0.675309;0.639851;0.657580;537.000000;0.509256;0.721318;0.739103;0.728925;0.734014;827.000000;0.668579;0.685250;0.675309;0.639851;537.000000;0.509256;0.721318;0.739103;0.728925;0.527366;0.717108;0.717658;0.699591;0.708624;710.000000;0.601502;0.713283;0.698199;0.671194;0.684696;498.000000;0.453230;0.720934;0.737116;0.727989;0.732553;710.000000;0.601502;0.713283;0.698199;0.671194;498.000000;0.453230;0.720934;0.737116;0.727989;0.562555;0.708964;0.712331;0.689645;0.700988;654.000000;0.598187;0.715844;0.702177;0.669826;0.686002;360.000000;0.526922;0.702083;0.722486;0.709464;0.715975;654.000000;0.598187;0.715844;0.702177;0.669826;360.000000;0.526922;0.702083;0.722486;0.709464;0.000100
4;6325.000000;6325.000000;0.197311;0.197311;0.903982;0.898380;0.900961;0.936086;0.725924;0.667252;0.674904;0.671078;621.000000;0.927028;0.649054;0.649066;0.648952;0.649009;312.000000;0.945145;0.802795;0.685438;0.700855;0.693146;621.000000;0.927028;0.649054;0.649066;0.648952;312.000000;0.945145;0.802795;0.685438;0.700855;0.596268;0.776879;0.726281;0.736778;0.731529;827.000000;0.566978;0.738198;0.746800;0.737919;0.742359;537.000000;0.625558;0.815561;0.705762;0.735636;0.720699;827.000000;0.566978;0.738198;0.746800;0.737919;537.000000;0.625558;0.815561;0.705762;0.735636;0.584376;0.778816;0.721348;0.733334;0.727341;710.000000;0.555455;0.747310;0.752297;0.746475;0.749386;498.000000;0.613296;0.810322;0.690399;0.720193;0.705296;710.000000;0.555455;0.747310;0.752297;0.746475;498.000000;0.613296;0.810322;0.690399;0.720193;0.626597;0.775692;0.723402;0.731732;0.727567;654.000000;0.555333;0.748008;0.755168;0.747107;0.751138;360.000000;0.697861;0.803377;0.691636;0.716357;0.703997;654.000000;0.555333;0.748008;0.755168;0.747107;360.000000;0.697861;0.803377;0.691636;0.716357;0.000100
5;6325.000000;6325.000000;0.153192;0.153192;0.932444;0.929412;0.930866;0.949184;0.728067;0.681639;0.681884;0.681762;621.000000;1.006457;0.702289;0.675770;0.662912;0.669341;312.000000;0.891910;0.753846;0.687509;0.700855;0.694182;621.000000;1.006457;0.702289;0.675770;0.662912;312.000000;0.891910;0.753846;0.687509;0.700855;0.823673;0.716319;0.721708;0.713552;0.717630;827.000000;0.666918;0.729106;0.707839;0.712713;0.710276;537.000000;0.980428;0.703531;0.735577;0.714391;0.724984;827.000000;0.666918;0.729106;0.707839;0.712713;537.000000;0.980428;0.703531;0.735577;0.714391;0.802750;0.712312;0.718616;0.709284;0.713950;710.000000;0.688718;0.724951;0.704999;0.707981;0.706490;498.000000;0.916782;0.699674;0.732233;0.710587;0.721410;710.000000;0.688718;0.724951;0.704999;0.707981;498.000000;0.916782;0.699674;0.732233;0.710587;0.892870;0.709025;0.718035;0.704997;0.711516;654.000000;0.676667;0.727321;0.709819;0.713754;0.711786;360.000000;1.109072;0.690729;0.726251;0.696239;0.711245;654.000000;0.676667;0.727321;0.709819;0.713754;360.000000;1.109072;0.690729;0.726251;0.696239;0.000100
6;6325.000000;6325.000000;0.127679;0.127679;0.948520;0.944898;0.946627;1.178494;0.687712;0.685065;0.684888;0.684976;621.000000;1.184399;0.666600;0.664332;0.662550;0.663441;312.000000;1.172589;0.708824;0.705797;0.707226;0.706511;621.000000;1.184399;0.666600;0.664332;0.662550;312.000000;1.172589;0.708824;0.705797;0.707226;1.006433;0.725253;0.755189;0.725477;0.740333;827.000000;0.679208;0.762897;0.764109;0.763473;0.763791;537.000000;1.333659;0.687610;0.746269;0.687481;0.716875;827.000000;0.679208;0.762897;0.764109;0.763473;537.000000;1.333659;0.687610;0.746269;0.687481;1.005647;0.725010;0.753418;0.723783;0.738600;710.000000;0.695127;0.766181;0.763550;0.764671;0.764110;498.000000;1.316168;0.683840;0.743286;0.682896;0.713091;710.000000;0.695127;0.766181;0.763550;0.764671;498.000000;1.316168;0.683840;0.743286;0.682896;1.198165;0.712511;0.730568;0.701054;0.715811;654.000000;0.686960;0.770312;0.769730;0.770013;0.769872;360.000000;1.709370;0.654709;0.691406;0.632094;0.661750;654.000000;0.686960;0.770312;0.769730;0.770013;360.000000;1.709370;0.654709;0.691406;0.632094;0.000100
7;6325.000000;6325.000000;0.112049;0.112049;0.961833;0.961637;0.961735;1.342912;0.709979;0.593517;0.575706;0.584612;621.000000;1.408831;0.571377;0.551354;0.515330;0.533342;312.000000;1.276992;0.848582;0.635680;0.636083;0.635881;621.000000;1.408831;0.571377;0.551354;0.515330;312.000000;1.276992;0.848582;0.635680;0.636083;0.787897;0.797046;0.679851;0.698213;0.689032;827.000000;0.825125;0.730367;0.671639;0.673438;0.672539;537.000000;0.750669;0.863725;0.688063;0.722987;0.705525;827.000000;0.825125;0.730367;0.671639;0.673438;537.000000;0.750669;0.863725;0.688063;0.722987;0.808271;0.795067;0.673219;0.688561;0.680890;710.000000;0.894288;0.724165;0.664562;0.660436;0.662499;498.000000;0.722254;0.865969;0.681876;0.716686;0.699281;710.000000;0.894288;0.724165;0.664562;0.660436;498.000000;0.722254;0.865969;0.681876;0.716686;0.825154;0.796149;0.678517;0.692938;0.685728;654.000000;0.890113;0.723396;0.664806;0.663655;0.664230;360.000000;0.760194;0.868902;0.692228;0.722222;0.707225;654.000000;0.890113;0.723396;0.664806;0.663655;360.000000;0.760194;0.868902;0.692228;0.722222;0.000100
8;6325.000000;6325.000000;0.093666;0.093666;0.964804;0.964276;0.964539;1.355111;0.737711;0.649155;0.652277;0.650716;621.000000;1.296673;0.642633;0.638889;0.635682;0.637286;312.000000;1.413550;0.832789;0.659420;0.668872;0.664146;621.000000;1.296673;0.642633;0.638889;0.635682;312.000000;1.413550;0.832789;0.659420;0.668872;0.850553;0.808880;0.740842;0.761547;0.751194;827.000000;0.960095;0.728292;0.705870;0.710787;0.708328;537.000000;0.741010;0.889467;0.775813;0.812307;0.794060;827.000000;0.960095;0.728292;0.705870;0.710787;537.000000;0.741010;0.889467;0.775813;0.812307;0.829537;0.817916;0.749330;0.770137;0.759733;710.000000;0.966815;0.736917;0.719753;0.723079;0.721416;498.000000;0.692259;0.898915;0.778907;0.817195;0.798051;710.000000;0.966815;0.736917;0.719753;0.723079;498.000000;0.692259;0.898915;0.778907;0.817195;0.808602;0.826490;0.766491;0.785422;0.775956;654.000000;0.931050;0.740333;0.726892;0.730668;0.728780;360.000000;0.686154;0.912647;0.806090;0.840175;0.823132;654.000000;0.931050;0.740333;0.726892;0.730668;360.000000;0.686154;0.912647;0.806090;0.840175;0.000100

EXPERIMENT: multitask_audio_mamba_2026-08-18_05-26_audio_mamba_segment_model_wsm_audio_ssl-1669-010_ab39738f
CONFIG: wsm_audio_ssl-1669-010.yaml
seed: 42
experiment_info:
  params:
    experiment_name: wsm_audio_segment
    run_name: multitask_audio_mamba
data:
  name: wsm_audio_segment_datamodule
  params:
    data_root: /media/maxim/Databases/WSM_NEW
    task: multitask
    feature_cache_root: /media/maxim/Databases/WSM_NEW/features
    test_filters:
    - none
    - soft
    - hard
    feature_model_name: microsoft/wavlm-large
    feature_layer: 16
    temporal_pool: 4
    batch_size: 8
    num_workers: 4
    pin_memory: true
    persistent_workers: true
model:
  name: audio_mamba_segment_model
  params:
    hidden_dim: 192
    num_layers: 3
    num_heads: 4
    ff_mult: 4
    dropout: 0.2
    encoder_type: mamba
    sequence_steps: 128
    mamba_d_state: 16
    mamba_d_conv: 4
    mamba_expand: 2
    mamba_required: true
loss:
  name: wsm_audio_loss
  params:
    label_smoothing: 0.02
    focal_gamma: 1.0
    aux_weight: 0.15
optimizer:
  name: adamw_optimizer
  params:
    lr: 0.0001
    weight_decay: 0.01
train:
  params:
    epochs: 30
    device: cuda
    mixed_precision: true
    grad_clip_norm: 0.5
    log_every_steps: 25
    collect_cache: true
metrics:
- name: prf_macro_metric
callbacks:
- name: wsm_audio_metrics_callback
  params:
    splits:
    - auto
- name: checkpoint_callback
  params:
    log_path: logs
    filename_template: epoch={epoch}_{monitor}={value:.4f}.pt
    monitor: dev/mean_score
    mode: max
    save_top_k: 2
    save_last: true
- name: snapshot_callback
  params:
    log_path: logs
    include:
    - src
    save_code_zip: true
    save_config: true
- name: wsm_summary_callback
  params:
    filename: summary.txt
- name: early_stopping_callback
  params:
    monitor: dev/mean_score
    mode: max
    patience: 6
    min_delta: 0.0005
logging:
- name: console_file_logger
  params:
    log_path: logs
    log_file: train.log
    console_level: INFO
    file_level: INFO
- name: mlflow_logger
  params:
    tracking_uri: sqlite:///logs/mlflow.db
RESULTS:
epoch;train/num_samples;train/train/num_samples;train/loss;train/train/loss;train/macro_precision;train/macro_recall;train/macro_f1;dev/mean_loss;dev/mean_macro_precision;dev/mean_macro_recall;dev/mean_macro_f1;dev/mean_score;dev/depression/num_samples;dev/depression/loss;dev/depression/macro_precision;dev/depression/macro_recall;dev/depression/macro_f1;dev/depression/score;dev/parkinson/num_samples;dev/parkinson/loss;dev/parkinson/macro_precision;dev/parkinson/macro_recall;dev/parkinson/macro_f1;dev/parkinson/score;dev_depression/num_samples;dev_depression/loss;dev_depression/macro_precision;dev_depression/macro_recall;dev_depression/macro_f1;dev_parkinson/num_samples;dev_parkinson/loss;dev_parkinson/macro_precision;dev_parkinson/macro_recall;dev_parkinson/macro_f1;test_none/mean_loss;test_none/mean_macro_precision;test_none/mean_macro_recall;test_none/mean_macro_f1;test_none/mean_score;test_none/depression/num_samples;test_none/depression/loss;test_none/depression/macro_precision;test_none/depression/macro_recall;test_none/depression/macro_f1;test_none/depression/score;test_none/parkinson/num_samples;test_none/parkinson/loss;test_none/parkinson/macro_precision;test_none/parkinson/macro_recall;test_none/parkinson/macro_f1;test_none/parkinson/score;test_none_depression/num_samples;test_none_depression/loss;test_none_depression/macro_precision;test_none_depression/macro_recall;test_none_depression/macro_f1;test_none_parkinson/num_samples;test_none_parkinson/loss;test_none_parkinson/macro_precision;test_none_parkinson/macro_recall;test_none_parkinson/macro_f1;test_soft/mean_loss;test_soft/mean_macro_precision;test_soft/mean_macro_recall;test_soft/mean_macro_f1;test_soft/mean_score;test_soft/depression/num_samples;test_soft/depression/loss;test_soft/depression/macro_precision;test_soft/depression/macro_recall;test_soft/depression/macro_f1;test_soft/depression/score;test_soft/parkinson/num_samples;test_soft/parkinson/loss;test_soft/parkinson/macro_precision;test_soft/parkinson/macro_recall;test_soft/parkinson/macro_f1;test_soft/parkinson/score;test_soft_depression/num_samples;test_soft_depression/loss;test_soft_depression/macro_precision;test_soft_depression/macro_recall;test_soft_depression/macro_f1;test_soft_parkinson/num_samples;test_soft_parkinson/loss;test_soft_parkinson/macro_precision;test_soft_parkinson/macro_recall;test_soft_parkinson/macro_f1;test_hard/mean_loss;test_hard/mean_macro_precision;test_hard/mean_macro_recall;test_hard/mean_macro_f1;test_hard/mean_score;test_hard/depression/num_samples;test_hard/depression/loss;test_hard/depression/macro_precision;test_hard/depression/macro_recall;test_hard/depression/macro_f1;test_hard/depression/score;test_hard/parkinson/num_samples;test_hard/parkinson/loss;test_hard/parkinson/macro_precision;test_hard/parkinson/macro_recall;test_hard/parkinson/macro_f1;test_hard/parkinson/score;test_hard_depression/num_samples;test_hard_depression/loss;test_hard_depression/macro_precision;test_hard_depression/macro_recall;test_hard_depression/macro_f1;test_hard_parkinson/num_samples;test_hard_parkinson/loss;test_hard_parkinson/macro_precision;test_hard_parkinson/macro_recall;test_hard_parkinson/macro_f1;lr/group
1;6325.000000;6325.000000;0.338151;0.338151;0.679699;0.681449;0.680475;0.382533;0.749028;0.678573;0.681519;0.680046;621.000000;0.350799;0.714286;0.700280;0.696541;0.698411;312.000000;0.414268;0.783770;0.656867;0.666498;0.661682;621.000000;0.350799;0.714286;0.700280;0.696541;312.000000;0.414268;0.783770;0.656867;0.666498;0.282656;0.798994;0.772816;0.759113;0.765964;827.000000;0.311332;0.781918;0.761974;0.720651;0.741312;537.000000;0.253981;0.816069;0.783658;0.797576;0.790617;827.000000;0.311332;0.781918;0.761974;0.720651;537.000000;0.253981;0.816069;0.783658;0.797576;0.246794;0.817476;0.788430;0.779700;0.784065;710.000000;0.274871;0.811165;0.783566;0.752793;0.768180;498.000000;0.218717;0.823787;0.793294;0.806606;0.799950;710.000000;0.274871;0.811165;0.783566;0.752793;498.000000;0.218717;0.823787;0.793294;0.806606;0.251122;0.814678;0.803266;0.787169;0.795218;654.000000;0.272433;0.807342;0.788459;0.754339;0.771399;360.000000;0.229811;0.822013;0.818074;0.820000;0.819037;654.000000;0.272433;0.807342;0.788459;0.754339;360.000000;0.229811;0.822013;0.818074;0.820000;0.000100
2;6325.000000;6325.000000;0.255006;0.255006;0.819524;0.823388;0.821264;0.504874;0.734106;0.723293;0.721786;0.722539;621.000000;0.517479;0.722973;0.704902;0.700201;0.702551;312.000000;0.492268;0.745238;0.741684;0.743371;0.742527;621.000000;0.517479;0.722973;0.704902;0.700201;312.000000;0.492268;0.745238;0.741684;0.743371;0.427867;0.740671;0.767594;0.736391;0.751993;827.000000;0.429061;0.738971;0.740699;0.715814;0.728256;537.000000;0.426673;0.742372;0.794489;0.756968;0.775729;827.000000;0.429061;0.738971;0.740699;0.715814;537.000000;0.426673;0.742372;0.794489;0.756968;0.386180;0.757808;0.782556;0.754624;0.768590;710.000000;0.361574;0.774669;0.771403;0.753438;0.762421;498.000000;0.410785;0.740946;0.793709;0.755810;0.774759;710.000000;0.361574;0.774669;0.771403;0.753438;498.000000;0.410785;0.740946;0.793709;0.755810;0.436877;0.756463;0.780909;0.747657;0.764283;654.000000;0.355554;0.779479;0.779181;0.756880;0.768030;360.000000;0.518199;0.733447;0.782637;0.738434;0.760535;654.000000;0.355554;0.779479;0.779181;0.756880;360.000000;0.518199;0.733447;0.782637;0.738434;0.000100
3;6325.000000;6325.000000;0.220317;0.220317;0.863549;0.862980;0.863262;0.521677;0.753302;0.695194;0.697672;0.696433;621.000000;0.508941;0.707208;0.671755;0.659081;0.665418;312.000000;0.534413;0.799395;0.718634;0.736264;0.727449;621.000000;0.508941;0.707208;0.671755;0.659081;312.000000;0.534413;0.799395;0.718634;0.736264;0.370944;0.796463;0.768747;0.758818;0.763782;827.000000;0.474067;0.724806;0.711385;0.673628;0.692507;537.000000;0.267821;0.868120;0.826109;0.844007;0.835058;827.000000;0.474067;0.724806;0.711385;0.673628;537.000000;0.267821;0.868120;0.826109;0.844007;0.343269;0.815404;0.782701;0.777479;0.780090;710.000000;0.426218;0.760859;0.739648;0.710468;0.725058;498.000000;0.260320;0.869949;0.825754;0.844490;0.835122;710.000000;0.426218;0.760859;0.739648;0.710468;498.000000;0.260320;0.869949;0.825754;0.844490;0.347889;0.815958;0.798268;0.785855;0.792062;654.000000;0.420821;0.762882;0.746237;0.712826;0.729531;360.000000;0.274957;0.869035;0.850300;0.858884;0.854592;654.000000;0.420821;0.762882;0.746237;0.712826;360.000000;0.274957;0.869035;0.850300;0.858884;0.000100
4;6325.000000;6325.000000;0.202920;0.202920;0.885658;0.881531;0.883463;0.716731;0.793163;0.708888;0.714900;0.711894;621.000000;0.598354;0.731213;0.710738;0.702562;0.706650;312.000000;0.835108;0.855114;0.707039;0.727239;0.717139;621.000000;0.598354;0.731213;0.710738;0.702562;312.000000;0.835108;0.855114;0.707039;0.727239;0.396404;0.844639;0.780974;0.801555;0.791265;827.000000;0.319575;0.814140;0.786088;0.793967;0.790028;537.000000;0.473234;0.875139;0.775860;0.809143;0.792501;827.000000;0.319575;0.814140;0.786088;0.793967;537.000000;0.473234;0.875139;0.775860;0.809143;0.388956;0.852663;0.782460;0.803436;0.792948;710.000000;0.312363;0.827900;0.798199;0.804687;0.801443;498.000000;0.465548;0.877425;0.766720;0.802185;0.784453;710.000000;0.312363;0.827900;0.798199;0.804687;498.000000;0.465548;0.877425;0.766720;0.802185;0.405759;0.853701;0.796056;0.814204;0.805130;654.000000;0.299521;0.836430;0.810527;0.817844;0.814185;360.000000;0.511997;0.870971;0.781586;0.810565;0.796075;654.000000;0.299521;0.836430;0.810527;0.817844;360.000000;0.511997;0.870971;0.781586;0.810565;0.000100
5;6325.000000;6325.000000;0.177147;0.177147;0.907502;0.904086;0.905710;0.797832;0.743108;0.724247;0.727116;0.725682;621.000000;0.882349;0.695013;0.682586;0.678639;0.680613;312.000000;0.713315;0.791203;0.765908;0.775593;0.770750;621.000000;0.882349;0.695013;0.682586;0.678639;312.000000;0.713315;0.791203;0.765908;0.775593;0.653269;0.755098;0.784824;0.754993;0.769908;827.000000;0.561741;0.771055;0.777633;0.756588;0.767111;537.000000;0.744798;0.739141;0.792014;0.753398;0.772706;827.000000;0.561741;0.771055;0.777633;0.756588;537.000000;0.744798;0.739141;0.792014;0.753398;0.636253;0.761166;0.788383;0.760934;0.774659;710.000000;0.545836;0.786592;0.787047;0.771829;0.779438;498.000000;0.726670;0.735739;0.789719;0.750039;0.769879;710.000000;0.545836;0.786592;0.787047;0.771829;498.000000;0.726670;0.735739;0.789719;0.750039;0.697698;0.758094;0.784775;0.753184;0.768980;654.000000;0.540118;0.784722;0.788844;0.770505;0.779674;360.000000;0.855278;0.731465;0.780706;0.735863;0.758285;654.000000;0.540118;0.784722;0.788844;0.770505;360.000000;0.855278;0.731465;0.780706;0.735863;0.000100
6;6325.000000;6325.000000;0.148660;0.148660;0.926978;0.927754;0.927362;0.920294;0.745962;0.700615;0.710020;0.705317;621.000000;0.884152;0.663043;0.661064;0.659431;0.660248;312.000000;0.956436;0.828881;0.740166;0.760609;0.750387;621.000000;0.884152;0.663043;0.661064;0.659431;312.000000;0.956436;0.828881;0.740166;0.760609;0.473579;0.834679;0.812434;0.821953;0.817194;827.000000;0.455062;0.784316;0.783767;0.784036;0.783902;537.000000;0.492097;0.885042;0.841100;0.859871;0.850485;827.000000;0.455062;0.784316;0.783767;0.784036;537.000000;0.492097;0.885042;0.841100;0.859871;0.453309;0.844739;0.816572;0.828201;0.822387;710.000000;0.446193;0.802865;0.795203;0.797963;0.796583;498.000000;0.460425;0.886612;0.837940;0.858440;0.848190;710.000000;0.446193;0.802865;0.795203;0.797963;498.000000;0.460425;0.886612;0.837940;0.858440;0.468488;0.846509;0.822980;0.832759;0.827869;654.000000;0.447459;0.804416;0.795908;0.799158;0.797533;360.000000;0.489517;0.888601;0.850052;0.866360;0.858206;654.000000;0.447459;0.804416;0.795908;0.799158;360.000000;0.489517;0.888601;0.850052;0.866360;0.000100
7;6325.000000;6325.000000;0.132101;0.132101;0.942866;0.940293;0.941536;1.150303;0.741085;0.647421;0.649926;0.648674;621.000000;0.966518;0.632353;0.623483;0.615824;0.619653;312.000000;1.334089;0.849817;0.671360;0.684028;0.677694;621.000000;0.966518;0.632353;0.623483;0.615824;312.000000;1.334089;0.849817;0.671360;0.684028;0.677157;0.824865;0.754224;0.775435;0.764829;827.000000;0.616591;0.757217;0.725115;0.731547;0.728331;537.000000;0.737724;0.892513;0.783332;0.819322;0.801327;827.000000;0.616591;0.757217;0.725115;0.731547;537.000000;0.737724;0.892513;0.783332;0.819322;0.671495;0.826161;0.752436;0.773538;0.762987;710.000000;0.653238;0.753407;0.725966;0.729881;0.727923;498.000000;0.689751;0.898915;0.778907;0.817195;0.798051;710.000000;0.653238;0.753407;0.725966;0.729881;498.000000;0.689751;0.898915;0.778907;0.817195;0.664614;0.829976;0.766788;0.785575;0.776182;654.000000;0.650280;0.752720;0.724467;0.729657;0.727062;360.000000;0.678948;0.907232;0.809110;0.841493;0.825301;654.000000;0.650280;0.752720;0.724467;0.729657;360.000000;0.678948;0.907232;0.809110;0.841493;0.000100
8;6325.000000;6325.000000;0.112808;0.112808;0.954556;0.953254;0.953894;1.068862;0.784867;0.717117;0.726432;0.721775;621.000000;0.902395;0.734238;0.732026;0.731837;0.731932;312.000000;1.235329;0.835496;0.702208;0.721026;0.711617;621.000000;0.902395;0.734238;0.732026;0.731837;312.000000;1.235329;0.835496;0.702208;0.721026;0.862779;0.766795;0.715698;0.731308;0.723503;827.000000;1.025971;0.672348;0.675570;0.673409;0.674490;537.000000;0.699587;0.861243;0.755825;0.789207;0.772516;827.000000;1.025971;0.672348;0.675570;0.673409;537.000000;0.699587;0.861243;0.755825;0.789207;0.828642;0.775778;0.719682;0.736050;0.727866;710.000000;0.991392;0.687520;0.690366;0.688069;0.689217;498.000000;0.665892;0.864036;0.748997;0.784031;0.766514;710.000000;0.991392;0.687520;0.690366;0.688069;498.000000;0.665892;0.864036;0.748997;0.784031;0.835785;0.783350;0.734622;0.747856;0.741239;654.000000;0.969583;0.695712;0.700579;0.696203;0.698391;360.000000;0.701987;0.870988;0.768665;0.799509;0.784087;654.000000;0.969583;0.695712;0.700579;0.696203;360.000000;0.701987;0.870988;0.768665;0.799509;0.000100
9;6325.000000;6325.000000;0.093429;0.093429;0.959046;0.958787;0.958916;1.084355;0.750009;0.651033;0.653947;0.652490;621.000000;1.095292;0.637263;0.628291;0.620879;0.624585;312.000000;1.073417;0.862755;0.673775;0.687016;0.680395;621.000000;1.095292;0.637263;0.628291;0.620879;312.000000;1.073417;0.862755;0.673775;0.687016;0.673463;0.803925;0.707999;0.730095;0.719047;827.000000;0.744420;0.720696;0.689103;0.693668;0.691386;537.000000;0.602507;0.887155;0.726895;0.766522;0.746708;827.000000;0.744420;0.720696;0.689103;0.693668;537.000000;0.602507;0.887155;0.726895;0.766522;0.680039;0.809321;0.709904;0.731317;0.720610;710.000000;0.764673;0.728850;0.699717;0.702325;0.701021;498.000000;0.595405;0.889792;0.720091;0.760309;0.740200;710.000000;0.764673;0.728850;0.699717;0.702325;498.000000;0.595405;0.889792;0.720091;0.760309;0.704751;0.807555;0.717897;0.737405;0.727651;654.000000;0.770026;0.728373;0.699011;0.703049;0.701030;360.000000;0.639476;0.886738;0.736783;0.771761;0.754272;654.000000;0.770026;0.728373;0.699011;0.703049;360.000000;0.639476;0.886738;0.736783;0.771761;0.000100
10;6325.000000;6325.000000;0.091939;0.091939;0.966778;0.964896;0.965815;1.478064;0.745639;0.670496;0.676513;0.673504;621.000000;1.680392;0.646164;0.636368;0.628902;0.632635;312.000000;1.275737;0.845115;0.704624;0.724123;0.714373;621.000000;1.680392;0.646164;0.636368;0.628902;312.000000;1.275737;0.845115;0.704624;0.724123;0.887730;0.808995;0.765598;0.777896;0.771747;827.000000;1.105678;0.757375;0.713842;0.720190;0.717016;537.000000;0.669781;0.860614;0.817353;0.835601;0.826477;827.000000;1.105678;0.757375;0.713842;0.720190;537.000000;0.669781;0.860614;0.817353;0.835601;0.887872;0.810341;0.762818;0.775158;0.768988;710.000000;1.157840;0.752315;0.710848;0.713672;0.712260;498.000000;0.617904;0.868367;0.814789;0.836645;0.825717;710.000000;1.157840;0.752315;0.710848;0.713672;498.000000;0.617904;0.868367;0.814789;0.836645;0.918035;0.812052;0.772199;0.781647;0.776923;654.000000;1.175162;0.748268;0.703159;0.707271;0.705215;360.000000;0.660907;0.875837;0.841240;0.856023;0.848632;654.000000;1.175162;0.748268;0.703159;0.707271;360.000000;0.660907;0.875837;0.841240;0.856023;0.000100
11;6325.000000;6325.000000;0.070703;0.070703;0.977538;0.976722;0.977126;1.388854;0.744147;0.704105;0.710995;0.707550;621.000000;1.537631;0.661908;0.653828;0.648321;0.651075;312.000000;1.240078;0.826387;0.754382;0.773668;0.764025;621.000000;1.537631;0.661908;0.653828;0.648321;312.000000;1.240078;0.826387;0.754382;0.773668;0.919465;0.794081;0.776148;0.779418;0.777783;827.000000;1.077702;0.758061;0.722194;0.728734;0.725464;537.000000;0.761227;0.830101;0.830101;0.830101;0.830101;827.000000;1.077702;0.758061;0.722194;0.728734;537.000000;0.761227;0.830101;0.830101;0.830101;0.923832;0.793538;0.773129;0.775902;0.774516;710.000000;1.129494;0.759893;0.722728;0.726477;0.724602;498.000000;0.718169;0.827183;0.823531;0.825328;0.824429;710.000000;1.129494;0.759893;0.722728;0.726477;498.000000;0.718169;0.827183;0.823531;0.825328;0.948939;0.796130;0.777527;0.779535;0.778531;654.000000;1.139286;0.754480;0.715247;0.720289;0.717768;360.000000;0.758593;0.837779;0.839807;0.838782;0.839294;654.000000;1.139286;0.754480;0.715247;0.720289;360.000000;0.758593;0.837779;0.839807;0.838782;0.000100

EXPERIMENT: multitask_audio_mamba_2026-08-18_06-04_audio_mamba_segment_model_wsm_audio_ssl-1669-011_ef8d0455
CONFIG: wsm_audio_ssl-1669-011.yaml
seed: 42
experiment_info:
  params:
    experiment_name: wsm_audio_segment
    run_name: multitask_audio_mamba
data:
  name: wsm_audio_segment_datamodule
  params:
    data_root: /media/maxim/Databases/WSM_NEW
    task: multitask
    feature_cache_root: /media/maxim/Databases/WSM_NEW/features
    test_filters:
    - none
    - soft
    - hard
    feature_model_name: facebook/hubert-large-ls960-ft
    feature_layer: 10
    temporal_pool: 4
    batch_size: 8
    num_workers: 4
    pin_memory: true
    persistent_workers: true
model:
  name: audio_mamba_segment_model
  params:
    hidden_dim: 192
    num_layers: 3
    num_heads: 4
    ff_mult: 4
    dropout: 0.2
    encoder_type: mamba
    sequence_steps: 128
    mamba_d_state: 16
    mamba_d_conv: 4
    mamba_expand: 2
    mamba_required: true
loss:
  name: wsm_audio_loss
  params:
    label_smoothing: 0.02
    focal_gamma: 1.0
    aux_weight: 0.15
optimizer:
  name: adamw_optimizer
  params:
    lr: 0.0001
    weight_decay: 0.01
train:
  params:
    epochs: 30
    device: cuda
    mixed_precision: true
    grad_clip_norm: 0.5
    log_every_steps: 25
    collect_cache: true
metrics:
- name: prf_macro_metric
callbacks:
- name: wsm_audio_metrics_callback
  params:
    splits:
    - auto
- name: checkpoint_callback
  params:
    log_path: logs
    filename_template: epoch={epoch}_{monitor}={value:.4f}.pt
    monitor: dev/mean_score
    mode: max
    save_top_k: 2
    save_last: true
- name: snapshot_callback
  params:
    log_path: logs
    include:
    - src
    save_code_zip: true
    save_config: true
- name: wsm_summary_callback
  params:
    filename: summary.txt
- name: early_stopping_callback
  params:
    monitor: dev/mean_score
    mode: max
    patience: 6
    min_delta: 0.0005
logging:
- name: console_file_logger
  params:
    log_path: logs
    log_file: train.log
    console_level: INFO
    file_level: INFO
- name: mlflow_logger
  params:
    tracking_uri: sqlite:///logs/mlflow.db
RESULTS:
epoch;train/num_samples;train/train/num_samples;train/loss;train/train/loss;train/macro_precision;train/macro_recall;train/macro_f1;dev/mean_loss;dev/mean_macro_precision;dev/mean_macro_recall;dev/mean_macro_f1;dev/mean_score;dev/depression/num_samples;dev/depression/loss;dev/depression/macro_precision;dev/depression/macro_recall;dev/depression/macro_f1;dev/depression/score;dev/parkinson/num_samples;dev/parkinson/loss;dev/parkinson/macro_precision;dev/parkinson/macro_recall;dev/parkinson/macro_f1;dev/parkinson/score;dev_depression/num_samples;dev_depression/loss;dev_depression/macro_precision;dev_depression/macro_recall;dev_depression/macro_f1;dev_parkinson/num_samples;dev_parkinson/loss;dev_parkinson/macro_precision;dev_parkinson/macro_recall;dev_parkinson/macro_f1;test_none/mean_loss;test_none/mean_macro_precision;test_none/mean_macro_recall;test_none/mean_macro_f1;test_none/mean_score;test_none/depression/num_samples;test_none/depression/loss;test_none/depression/macro_precision;test_none/depression/macro_recall;test_none/depression/macro_f1;test_none/depression/score;test_none/parkinson/num_samples;test_none/parkinson/loss;test_none/parkinson/macro_precision;test_none/parkinson/macro_recall;test_none/parkinson/macro_f1;test_none/parkinson/score;test_none_depression/num_samples;test_none_depression/loss;test_none_depression/macro_precision;test_none_depression/macro_recall;test_none_depression/macro_f1;test_none_parkinson/num_samples;test_none_parkinson/loss;test_none_parkinson/macro_precision;test_none_parkinson/macro_recall;test_none_parkinson/macro_f1;test_soft/mean_loss;test_soft/mean_macro_precision;test_soft/mean_macro_recall;test_soft/mean_macro_f1;test_soft/mean_score;test_soft/depression/num_samples;test_soft/depression/loss;test_soft/depression/macro_precision;test_soft/depression/macro_recall;test_soft/depression/macro_f1;test_soft/depression/score;test_soft/parkinson/num_samples;test_soft/parkinson/loss;test_soft/parkinson/macro_precision;test_soft/parkinson/macro_recall;test_soft/parkinson/macro_f1;test_soft/parkinson/score;test_soft_depression/num_samples;test_soft_depression/loss;test_soft_depression/macro_precision;test_soft_depression/macro_recall;test_soft_depression/macro_f1;test_soft_parkinson/num_samples;test_soft_parkinson/loss;test_soft_parkinson/macro_precision;test_soft_parkinson/macro_recall;test_soft_parkinson/macro_f1;test_hard/mean_loss;test_hard/mean_macro_precision;test_hard/mean_macro_recall;test_hard/mean_macro_f1;test_hard/mean_score;test_hard/depression/num_samples;test_hard/depression/loss;test_hard/depression/macro_precision;test_hard/depression/macro_recall;test_hard/depression/macro_f1;test_hard/depression/score;test_hard/parkinson/num_samples;test_hard/parkinson/loss;test_hard/parkinson/macro_precision;test_hard/parkinson/macro_recall;test_hard/parkinson/macro_f1;test_hard/parkinson/score;test_hard_depression/num_samples;test_hard_depression/loss;test_hard_depression/macro_precision;test_hard_depression/macro_recall;test_hard_depression/macro_f1;test_hard_parkinson/num_samples;test_hard_parkinson/loss;test_hard_parkinson/macro_precision;test_hard_parkinson/macro_recall;test_hard_parkinson/macro_f1;lr/group
1;6325.000000;6325.000000;0.334115;0.334115;0.694017;0.699055;0.695633;0.452332;0.666709;0.657964;0.649130;0.653547;621.000000;0.369414;0.697779;0.670448;0.660428;0.665438;312.000000;0.535251;0.635638;0.645480;0.637831;0.641655;621.000000;0.369414;0.697779;0.670448;0.660428;312.000000;0.535251;0.635638;0.645480;0.637831;0.391989;0.727197;0.733883;0.681235;0.707559;827.000000;0.364987;0.724010;0.679371;0.619695;0.649533;537.000000;0.418990;0.730383;0.788394;0.742774;0.765584;827.000000;0.364987;0.724010;0.679371;0.619695;537.000000;0.418990;0.730383;0.788394;0.742774;0.348832;0.746152;0.754855;0.707509;0.731182;710.000000;0.321299;0.750162;0.703380;0.659431;0.681405;498.000000;0.376365;0.742142;0.806331;0.755587;0.780959;710.000000;0.321299;0.750162;0.703380;0.659431;498.000000;0.376365;0.742142;0.806331;0.755587;0.392252;0.727916;0.731647;0.686540;0.709093;654.000000;0.319817;0.743323;0.705161;0.657966;0.681563;360.000000;0.464687;0.712510;0.758133;0.715113;0.736623;654.000000;0.319817;0.743323;0.705161;0.657966;360.000000;0.464687;0.712510;0.758133;0.715113;0.000100
2;6325.000000;6325.000000;0.258674;0.258674;0.817501;0.820353;0.818825;0.622804;0.660719;0.656807;0.652375;0.654591;621.000000;0.531646;0.681667;0.667927;0.662805;0.665366;312.000000;0.713961;0.639770;0.645687;0.641944;0.643815;621.000000;0.531646;0.681667;0.667927;0.662805;312.000000;0.713961;0.639770;0.645687;0.641944;0.499826;0.700677;0.726110;0.684788;0.705449;827.000000;0.497212;0.704524;0.698620;0.667144;0.682882;537.000000;0.502440;0.696829;0.753601;0.702432;0.728017;827.000000;0.497212;0.704524;0.698620;0.667144;537.000000;0.502440;0.696829;0.753601;0.702432;0.431999;0.722413;0.749076;0.710385;0.729730;710.000000;0.411917;0.742793;0.734811;0.713538;0.724175;498.000000;0.452081;0.702034;0.763341;0.707231;0.735286;710.000000;0.411917;0.742793;0.734811;0.713538;498.000000;0.452081;0.702034;0.763341;0.707231;0.488588;0.706518;0.724425;0.685019;0.704722;654.000000;0.412351;0.741221;0.736208;0.710814;0.723511;360.000000;0.564825;0.671815;0.712642;0.659224;0.685933;654.000000;0.412351;0.741221;0.736208;0.710814;360.000000;0.564825;0.671815;0.712642;0.659224;0.000100
3;6325.000000;6325.000000;0.212349;0.212349;0.882524;0.882685;0.882604;0.884961;0.693047;0.642096;0.644318;0.643207;621.000000;0.807967;0.645864;0.639402;0.636280;0.637841;312.000000;0.961955;0.740229;0.644790;0.652356;0.648573;621.000000;0.807967;0.645864;0.639402;0.636280;312.000000;0.961955;0.740229;0.644790;0.652356;0.449619;0.800143;0.767588;0.778188;0.772888;827.000000;0.515029;0.725787;0.732954;0.726814;0.729884;537.000000;0.384209;0.874498;0.802222;0.829562;0.815892;827.000000;0.515029;0.725787;0.732954;0.726814;537.000000;0.384209;0.874498;0.802222;0.829562;0.355386;0.832695;0.796322;0.809650;0.802986;710.000000;0.383973;0.785978;0.788929;0.787089;0.788009;498.000000;0.326799;0.879412;0.803715;0.832210;0.817962;710.000000;0.383973;0.785978;0.788929;0.787089;498.000000;0.326799;0.879412;0.803715;0.832210;0.386585;0.828513;0.795705;0.806340;0.801023;654.000000;0.356354;0.800313;0.805715;0.802146;0.803931;360.000000;0.416816;0.856713;0.785695;0.810534;0.798115;654.000000;0.356354;0.800313;0.805715;0.802146;360.000000;0.416816;0.856713;0.785695;0.810534;0.000100
4;6325.000000;6325.000000;0.202618;0.202618;0.902398;0.898092;0.900111;1.002559;0.685678;0.632309;0.633688;0.632998;621.000000;0.842674;0.635249;0.631699;0.629948;0.630823;312.000000;1.162444;0.736107;0.632919;0.637428;0.635173;621.000000;0.842674;0.635249;0.631699;0.629948;312.000000;1.162444;0.736107;0.632919;0.637428;0.474024;0.785041;0.757643;0.766677;0.762160;827.000000;0.505386;0.728724;0.735527;0.730058;0.732792;537.000000;0.442662;0.841357;0.779759;0.803297;0.791528;827.000000;0.505386;0.728724;0.735527;0.730058;537.000000;0.442662;0.841357;0.779759;0.803297;0.408025;0.812575;0.784093;0.795020;0.789556;710.000000;0.383778;0.784381;0.786076;0.785125;0.785600;498.000000;0.432272;0.840768;0.782111;0.804915;0.793513;710.000000;0.383778;0.784381;0.786076;0.785125;498.000000;0.432272;0.840768;0.782111;0.804915;0.460119;0.804435;0.780464;0.788776;0.784620;654.000000;0.363179;0.799957;0.803598;0.801442;0.802520;360.000000;0.557059;0.808912;0.757330;0.776110;0.766720;654.000000;0.363179;0.799957;0.803598;0.801442;360.000000;0.557059;0.808912;0.757330;0.776110;0.000100
5;6325.000000;6325.000000;0.176626;0.176626;0.917158;0.918089;0.917617;1.145379;0.697086;0.636166;0.640043;0.638105;621.000000;1.153571;0.623385;0.622642;0.622365;0.622504;312.000000;1.137188;0.770787;0.649689;0.657722;0.653705;621.000000;1.153571;0.623385;0.622642;0.622365;312.000000;1.137188;0.770787;0.649689;0.657722;0.491039;0.819236;0.794589;0.802500;0.798544;827.000000;0.510789;0.779282;0.788148;0.780959;0.784553;537.000000;0.471289;0.859189;0.801031;0.824040;0.812536;827.000000;0.510789;0.779282;0.788148;0.780959;537.000000;0.471289;0.859189;0.801031;0.824040;0.467075;0.831533;0.803084;0.813188;0.808136;710.000000;0.482477;0.802627;0.807772;0.803726;0.805749;498.000000;0.451673;0.860438;0.798396;0.822650;0.810523;710.000000;0.482477;0.802627;0.807772;0.803726;498.000000;0.451673;0.860438;0.798396;0.822650;0.531499;0.821171;0.792719;0.801437;0.797078;654.000000;0.472115;0.808616;0.815435;0.810476;0.812956;360.000000;0.590883;0.833727;0.770003;0.792398;0.781201;654.000000;0.472115;0.808616;0.815435;0.810476;360.000000;0.590883;0.833727;0.770003;0.792398;0.000100
6;6325.000000;6325.000000;0.151600;0.151600;0.927309;0.928085;0.927693;1.017646;0.637995;0.597186;0.594625;0.595905;621.000000;0.941491;0.578671;0.573529;0.565318;0.569424;312.000000;1.093801;0.697318;0.620842;0.623932;0.622387;621.000000;0.941491;0.578671;0.573529;0.565318;312.000000;1.093801;0.697318;0.620842;0.623932;0.409562;0.815238;0.791589;0.800259;0.795924;827.000000;0.414004;0.790938;0.766970;0.773734;0.770352;537.000000;0.405120;0.839538;0.816208;0.826785;0.821497;827.000000;0.414004;0.790938;0.766970;0.773734;537.000000;0.405120;0.839538;0.816208;0.826785;0.388833;0.821502;0.799905;0.808033;0.803969;710.000000;0.391424;0.800655;0.783364;0.787970;0.785667;498.000000;0.386242;0.842350;0.816446;0.828096;0.822271;710.000000;0.391424;0.800655;0.783364;0.787970;498.000000;0.386242;0.842350;0.816446;0.828096;0.434731;0.812092;0.792546;0.800269;0.796407;654.000000;0.367603;0.810510;0.795879;0.800737;0.798308;360.000000;0.501858;0.813674;0.789212;0.799801;0.794507;654.000000;0.367603;0.810510;0.795879;0.800737;360.000000;0.501858;0.813674;0.789212;0.799801;0.000100
7;6325.000000;6325.000000;0.128186;0.128186;0.947912;0.946629;0.947260;1.395024;0.719678;0.608042;0.597882;0.602962;621.000000;1.366489;0.622214;0.611391;0.603861;0.607626;312.000000;1.423559;0.817143;0.604693;0.591903;0.598298;621.000000;1.366489;0.622214;0.611391;0.603861;312.000000;1.423559;0.817143;0.604693;0.591903;0.839024;0.809371;0.700147;0.710239;0.705193;827.000000;0.855039;0.732428;0.741115;0.730245;0.735680;537.000000;0.823009;0.886314;0.659179;0.690234;0.674706;827.000000;0.855039;0.732428;0.741115;0.730245;537.000000;0.823009;0.886314;0.659179;0.690234;0.821817;0.834317;0.705662;0.716003;0.710833;710.000000;0.818057;0.762586;0.767881;0.760924;0.764403;498.000000;0.825576;0.906048;0.643443;0.671082;0.657263;710.000000;0.818057;0.762586;0.767881;0.760924;498.000000;0.825576;0.906048;0.643443;0.671082;0.952665;0.820158;0.682994;0.677889;0.680441;654.000000;0.813795;0.759434;0.766977;0.758101;0.762539;360.000000;1.091535;0.880882;0.599010;0.597677;0.598343;654.000000;0.813795;0.759434;0.766977;0.758101;360.000000;1.091535;0.880882;0.599010;0.597677;0.000100
8;6325.000000;6325.000000;0.115781;0.115781;0.957793;0.954927;0.956309;1.076238;0.703900;0.692071;0.695987;0.694029;621.000000;1.022548;0.667337;0.666060;0.665779;0.665919;312.000000;1.129927;0.740463;0.718081;0.726194;0.722138;621.000000;1.022548;0.667337;0.666060;0.665779;312.000000;1.129927;0.740463;0.718081;0.726194;0.914940;0.695776;0.714423;0.689544;0.701984;827.000000;1.033446;0.661397;0.660766;0.636025;0.648396;537.000000;0.796434;0.730155;0.768080;0.743062;0.755571;827.000000;1.033446;0.661397;0.660766;0.636025;537.000000;0.796434;0.730155;0.768080;0.743062;0.941964;0.692886;0.708047;0.681851;0.694949;710.000000;1.088581;0.654571;0.644424;0.619004;0.631714;498.000000;0.795347;0.731202;0.771669;0.744698;0.758183;710.000000;1.088581;0.654571;0.644424;0.619004;498.000000;0.795347;0.731202;0.771669;0.744698;1.062200;0.680253;0.689552;0.662210;0.675881;654.000000;1.086758;0.665629;0.654190;0.621983;0.638087;360.000000;1.037642;0.694876;0.724913;0.702437;0.713675;654.000000;1.086758;0.665629;0.654190;0.621983;360.000000;1.037642;0.694876;0.724913;0.702437;0.000100
9;6325.000000;6325.000000;0.099340;0.099340;0.961468;0.960280;0.960865;1.444397;0.672613;0.628021;0.626918;0.627470;621.000000;1.387769;0.634417;0.620915;0.612529;0.616722;312.000000;1.501026;0.710810;0.635128;0.641307;0.638217;621.000000;1.387769;0.634417;0.620915;0.612529;312.000000;1.501026;0.710810;0.635128;0.641307;0.877622;0.758177;0.743992;0.741153;0.742573;827.000000;0.830246;0.751585;0.758103;0.738346;0.748225;537.000000;0.924997;0.764769;0.729882;0.743961;0.736921;827.000000;0.830246;0.751585;0.758103;0.738346;537.000000;0.924997;0.764769;0.729882;0.743961;0.775921;0.768821;0.752148;0.754470;0.753309;710.000000;0.707377;0.777260;0.781785;0.771476;0.776630;498.000000;0.844465;0.760383;0.722510;0.737465;0.729988;710.000000;0.707377;0.777260;0.781785;0.771476;498.000000;0.844465;0.760383;0.722510;0.737465;0.905670;0.744360;0.731225;0.731267;0.731246;654.000000;0.703688;0.775000;0.782742;0.771087;0.776915;360.000000;1.107653;0.713721;0.679709;0.691447;0.685578;654.000000;0.703688;0.775000;0.782742;0.771087;360.000000;1.107653;0.713721;0.679709;0.691447;0.000100
10;6325.000000;6325.000000;0.099999;0.099999;0.968443;0.969358;0.968895;1.747677;0.693586;0.633015;0.636385;0.634700;621.000000;1.833855;0.605922;0.602054;0.597487;0.599770;312.000000;1.661500;0.781250;0.663975;0.675284;0.669630;621.000000;1.833855;0.605922;0.602054;0.597487;312.000000;1.661500;0.781250;0.663975;0.675284;0.836638;0.816504;0.768270;0.781219;0.774745;827.000000;1.015569;0.762835;0.712954;0.719337;0.716145;537.000000;0.657707;0.870172;0.823587;0.843101;0.833344;827.000000;1.015569;0.762835;0.712954;0.719337;537.000000;0.657707;0.870172;0.823587;0.843101;0.813281;0.822702;0.777583;0.789977;0.783780;710.000000;1.000299;0.773143;0.732180;0.736459;0.734319;498.000000;0.626263;0.872261;0.822986;0.843495;0.833240;710.000000;1.000299;0.773143;0.732180;0.736459;498.000000;0.626263;0.872261;0.822986;0.843495;0.881969;0.812161;0.768974;0.781409;0.775192;654.000000;0.951135;0.779639;0.740174;0.746649;0.743411;360.000000;0.812804;0.844683;0.797775;0.816169;0.806972;654.000000;0.951135;0.779639;0.740174;0.746649;360.000000;0.812804;0.844683;0.797775;0.816169;0.000100
11;6325.000000;6325.000000;0.076979;0.076979;0.972565;0.972096;0.972329;1.807669;0.680108;0.618589;0.620824;0.619706;621.000000;2.052701;0.585862;0.582726;0.578010;0.580368;312.000000;1.562636;0.774354;0.654451;0.663638;0.659045;621.000000;2.052701;0.585862;0.582726;0.578010;312.000000;1.562636;0.774354;0.654451;0.663638;0.744292;0.827959;0.787982;0.802062;0.795022;827.000000;0.828619;0.814535;0.783643;0.791923;0.787783;537.000000;0.659965;0.841382;0.792321;0.812200;0.802261;827.000000;0.828619;0.814535;0.783643;0.791923;537.000000;0.659965;0.841382;0.792321;0.812200;0.733281;0.839549;0.796515;0.810555;0.803535;710.000000;0.814763;0.831898;0.798624;0.805486;0.802055;498.000000;0.651799;0.847199;0.794406;0.815624;0.805015;710.000000;0.814763;0.831898;0.798624;0.805486;498.000000;0.651799;0.847199;0.794406;0.815624;0.823502;0.827218;0.782448;0.796205;0.789326;654.000000;0.797669;0.842516;0.802616;0.811742;0.807179;360.000000;0.849335;0.811920;0.762281;0.780667;0.771474;654.000000;0.797669;0.842516;0.802616;0.811742;360.000000;0.849335;0.811920;0.762281;0.780667;0.000100
12;6325.000000;6325.000000;0.056496;0.056496;0.981212;0.982417;0.981805;2.001644;0.694803;0.616657;0.614083;0.615370;621.000000;2.039504;0.616331;0.614472;0.612295;0.613384;312.000000;1.963784;0.773275;0.618841;0.615872;0.617356;621.000000;2.039504;0.616331;0.614472;0.612295;312.000000;1.963784;0.773275;0.618841;0.615872;0.918304;0.829601;0.760956;0.782120;0.771538;827.000000;1.025892;0.768597;0.756140;0.760425;0.758282;537.000000;0.810715;0.890604;0.765773;0.803815;0.784794;827.000000;1.025892;0.768597;0.756140;0.760425;537.000000;0.810715;0.890604;0.765773;0.803815;0.927979;0.834833;0.760655;0.782359;0.771507;710.000000;1.055571;0.771970;0.761566;0.764734;0.763150;498.000000;0.800388;0.897697;0.759745;0.799984;0.779864;710.000000;1.055571;0.771970;0.761566;0.764734;498.000000;0.800388;0.897697;0.759745;0.799984;1.036360;0.827166;0.750052;0.768410;0.759231;654.000000;1.033408;0.778832;0.770201;0.773360;0.771781;360.000000;1.039311;0.875500;0.729902;0.763461;0.746681;654.000000;1.033408;0.778832;0.770201;0.773360;360.000000;1.039311;0.875500;0.729902;0.763461;0.000100
13;6325.000000;6325.000000;0.051795;0.051795;0.982193;0.983069;0.982626;1.871420;0.716560;0.648438;0.649893;0.649165;621.000000;1.957901;0.663522;0.659057;0.657440;0.658248;312.000000;1.784939;0.769598;0.637819;0.642345;0.640082;621.000000;1.957901;0.663522;0.659057;0.657440;312.000000;1.784939;0.769598;0.637819;0.642345;1.327002;0.748497;0.705680;0.713696;0.709688;827.000000;1.622742;0.687442;0.694273;0.682378;0.688326;537.000000;1.031263;0.809551;0.717087;0.745014;0.731050;827.000000;1.622742;0.687442;0.694273;0.682378;537.000000;1.031263;0.809551;0.717087;0.745014;1.358778;0.749669;0.696796;0.706416;0.701606;710.000000;1.703236;0.682255;0.684032;0.673112;0.678572;498.000000;1.014320;0.817083;0.709561;0.739720;0.724640;710.000000;1.703236;0.682255;0.684032;0.673112;498.000000;1.014320;0.817083;0.709561;0.739720;1.504577;0.729121;0.677525;0.680620;0.679073;654.000000;1.690760;0.683891;0.687077;0.672477;0.679777;360.000000;1.318394;0.774351;0.667973;0.688764;0.678369;654.000000;1.690760;0.683891;0.687077;0.672477;360.000000;1.318394;0.774351;0.667973;0.688764;0.000100
14;6325.000000;6325.000000;0.056701;0.056701;0.982320;0.982928;0.982622;2.335118;0.652059;0.609568;0.612276;0.610922;621.000000;2.909892;0.566941;0.564893;0.560760;0.562826;312.000000;1.760344;0.737177;0.654244;0.663793;0.659019;621.000000;2.909892;0.566941;0.564893;0.560760;312.000000;1.760344;0.737177;0.654244;0.663793;1.074486;0.772261;0.777057;0.773401;0.775229;827.000000;1.285291;0.767755;0.757569;0.761281;0.759425;537.000000;0.863680;0.776766;0.796546;0.785521;0.791033;827.000000;1.285291;0.767755;0.757569;0.761281;537.000000;0.863680;0.776766;0.796546;0.785521;1.080593;0.773895;0.779281;0.775599;0.777440;710.000000;1.348283;0.766135;0.759077;0.761503;0.760290;498.000000;0.812903;0.781655;0.799486;0.789696;0.794591;710.000000;1.348283;0.766135;0.759077;0.761503;498.000000;0.812903;0.781655;0.799486;0.789696;1.162401;0.760474;0.765395;0.762292;0.763844;654.000000;1.286985;0.767882;0.763407;0.765262;0.764334;360.000000;1.037818;0.753066;0.767384;0.759323;0.763353;654.000000;1.286985;0.767882;0.763407;0.765262;360.000000;1.037818;0.753066;0.767384;0.759323;0.000100

EXPERIMENT: multitask_audio_mamba_2026-08-18_06-29_audio_mamba_segment_model_wsm_audio_ssl-1669-012_e27122c9
CONFIG: wsm_audio_ssl-1669-012.yaml
seed: 42
experiment_info:
  params:
    experiment_name: wsm_audio_segment
    run_name: multitask_audio_mamba
data:
  name: wsm_audio_segment_datamodule
  params:
    data_root: /media/maxim/Databases/WSM_NEW
    task: multitask
    feature_cache_root: /media/maxim/Databases/WSM_NEW/features
    test_filters:
    - none
    - soft
    - hard
    feature_model_name: facebook/hubert-large-ls960-ft
    feature_layer: 12
    temporal_pool: 4
    batch_size: 8
    num_workers: 4
    pin_memory: true
    persistent_workers: true
model:
  name: audio_mamba_segment_model
  params:
    hidden_dim: 192
    num_layers: 3
    num_heads: 4
    ff_mult: 4
    dropout: 0.2
    encoder_type: mamba
    sequence_steps: 128
    mamba_d_state: 16
    mamba_d_conv: 4
    mamba_expand: 2
    mamba_required: true
loss:
  name: wsm_audio_loss
  params:
    label_smoothing: 0.02
    focal_gamma: 1.0
    aux_weight: 0.15
optimizer:
  name: adamw_optimizer
  params:
    lr: 0.0001
    weight_decay: 0.01
train:
  params:
    epochs: 30
    device: cuda
    mixed_precision: true
    grad_clip_norm: 0.5
    log_every_steps: 25
    collect_cache: true
metrics:
- name: prf_macro_metric
callbacks:
- name: wsm_audio_metrics_callback
  params:
    splits:
    - auto
- name: checkpoint_callback
  params:
    log_path: logs
    filename_template: epoch={epoch}_{monitor}={value:.4f}.pt
    monitor: dev/mean_score
    mode: max
    save_top_k: 2
    save_last: true
- name: snapshot_callback
  params:
    log_path: logs
    include:
    - src
    save_code_zip: true
    save_config: true
- name: wsm_summary_callback
  params:
    filename: summary.txt
- name: early_stopping_callback
  params:
    monitor: dev/mean_score
    mode: max
    patience: 6
    min_delta: 0.0005
logging:
- name: console_file_logger
  params:
    log_path: logs
    log_file: train.log
    console_level: INFO
    file_level: INFO
- name: mlflow_logger
  params:
    tracking_uri: sqlite:///logs/mlflow.db
RESULTS:
epoch;train/num_samples;train/train/num_samples;train/loss;train/train/loss;train/macro_precision;train/macro_recall;train/macro_f1;dev/mean_loss;dev/mean_macro_precision;dev/mean_macro_recall;dev/mean_macro_f1;dev/mean_score;dev/depression/num_samples;dev/depression/loss;dev/depression/macro_precision;dev/depression/macro_recall;dev/depression/macro_f1;dev/depression/score;dev/parkinson/num_samples;dev/parkinson/loss;dev/parkinson/macro_precision;dev/parkinson/macro_recall;dev/parkinson/macro_f1;dev/parkinson/score;dev_depression/num_samples;dev_depression/loss;dev_depression/macro_precision;dev_depression/macro_recall;dev_depression/macro_f1;dev_parkinson/num_samples;dev_parkinson/loss;dev_parkinson/macro_precision;dev_parkinson/macro_recall;dev_parkinson/macro_f1;test_none/mean_loss;test_none/mean_macro_precision;test_none/mean_macro_recall;test_none/mean_macro_f1;test_none/mean_score;test_none/depression/num_samples;test_none/depression/loss;test_none/depression/macro_precision;test_none/depression/macro_recall;test_none/depression/macro_f1;test_none/depression/score;test_none/parkinson/num_samples;test_none/parkinson/loss;test_none/parkinson/macro_precision;test_none/parkinson/macro_recall;test_none/parkinson/macro_f1;test_none/parkinson/score;test_none_depression/num_samples;test_none_depression/loss;test_none_depression/macro_precision;test_none_depression/macro_recall;test_none_depression/macro_f1;test_none_parkinson/num_samples;test_none_parkinson/loss;test_none_parkinson/macro_precision;test_none_parkinson/macro_recall;test_none_parkinson/macro_f1;test_soft/mean_loss;test_soft/mean_macro_precision;test_soft/mean_macro_recall;test_soft/mean_macro_f1;test_soft/mean_score;test_soft/depression/num_samples;test_soft/depression/loss;test_soft/depression/macro_precision;test_soft/depression/macro_recall;test_soft/depression/macro_f1;test_soft/depression/score;test_soft/parkinson/num_samples;test_soft/parkinson/loss;test_soft/parkinson/macro_precision;test_soft/parkinson/macro_recall;test_soft/parkinson/macro_f1;test_soft/parkinson/score;test_soft_depression/num_samples;test_soft_depression/loss;test_soft_depression/macro_precision;test_soft_depression/macro_recall;test_soft_depression/macro_f1;test_soft_parkinson/num_samples;test_soft_parkinson/loss;test_soft_parkinson/macro_precision;test_soft_parkinson/macro_recall;test_soft_parkinson/macro_f1;test_hard/mean_loss;test_hard/mean_macro_precision;test_hard/mean_macro_recall;test_hard/mean_macro_f1;test_hard/mean_score;test_hard/depression/num_samples;test_hard/depression/loss;test_hard/depression/macro_precision;test_hard/depression/macro_recall;test_hard/depression/macro_f1;test_hard/depression/score;test_hard/parkinson/num_samples;test_hard/parkinson/loss;test_hard/parkinson/macro_precision;test_hard/parkinson/macro_recall;test_hard/parkinson/macro_f1;test_hard/parkinson/score;test_hard_depression/num_samples;test_hard_depression/loss;test_hard_depression/macro_precision;test_hard_depression/macro_recall;test_hard_depression/macro_f1;test_hard_parkinson/num_samples;test_hard_parkinson/loss;test_hard_parkinson/macro_precision;test_hard_parkinson/macro_recall;test_hard_parkinson/macro_f1;lr/group
1;6325.000000;6325.000000;0.331977;0.331977;0.689523;0.694114;0.691062;0.437002;0.713229;0.699653;0.680661;0.690157;621.000000;0.355161;0.712422;0.663212;0.644824;0.654018;312.000000;0.518844;0.714035;0.736094;0.716499;0.726296;621.000000;0.355161;0.712422;0.663212;0.644824;312.000000;0.518844;0.714035;0.736094;0.716499;0.459727;0.706165;0.700668;0.629071;0.664870;827.000000;0.338300;0.754511;0.689628;0.621401;0.655514;537.000000;0.581153;0.657818;0.711708;0.636741;0.674225;827.000000;0.338300;0.754511;0.689628;0.621401;537.000000;0.581153;0.657818;0.711708;0.636741;0.422982;0.717045;0.710891;0.648526;0.679708;710.000000;0.304212;0.777463;0.710302;0.658990;0.684646;498.000000;0.541751;0.656627;0.711480;0.638061;0.674770;710.000000;0.304212;0.777463;0.710302;0.658990;498.000000;0.541751;0.656627;0.711480;0.638061;0.479128;0.710561;0.697615;0.632546;0.665080;654.000000;0.302872;0.772433;0.714910;0.659756;0.687333;360.000000;0.655384;0.648689;0.680320;0.605335;0.642828;654.000000;0.302872;0.772433;0.714910;0.659756;360.000000;0.655384;0.648689;0.680320;0.605335;0.000100
2;6325.000000;6325.000000;0.252086;0.252086;0.817209;0.818693;0.817925;0.501132;0.713335;0.678161;0.684206;0.681184;621.000000;0.468804;0.672823;0.668814;0.667556;0.668185;312.000000;0.533461;0.753846;0.687509;0.700855;0.694182;621.000000;0.468804;0.672823;0.668814;0.667556;312.000000;0.533461;0.753846;0.687509;0.700855;0.330809;0.776504;0.767444;0.766998;0.767221;827.000000;0.310162;0.775914;0.786209;0.773226;0.779717;537.000000;0.351457;0.777093;0.748679;0.760771;0.754725;827.000000;0.310162;0.775914;0.786209;0.773226;537.000000;0.351457;0.777093;0.748679;0.760771;0.274879;0.804456;0.794447;0.796942;0.795694;710.000000;0.237025;0.827072;0.833596;0.827093;0.830345;498.000000;0.312733;0.781840;0.755297;0.766790;0.761044;710.000000;0.237025;0.827072;0.833596;0.827093;498.000000;0.312733;0.781840;0.755297;0.766790;0.281143;0.808691;0.813275;0.809127;0.811201;654.000000;0.229422;0.830693;0.839862;0.831566;0.835714;360.000000;0.332863;0.786689;0.786689;0.786689;0.786689;654.000000;0.229422;0.830693;0.839862;0.831566;360.000000;0.332863;0.786689;0.786689;0.786689;0.000100
3;6325.000000;6325.000000;0.221174;0.221174;0.873140;0.871691;0.872397;0.717518;0.736440;0.696193;0.702122;0.699158;621.000000;0.662339;0.692984;0.680999;0.677140;0.679070;312.000000;0.772698;0.779896;0.711387;0.727104;0.719246;621.000000;0.662339;0.692984;0.680999;0.677140;312.000000;0.772698;0.779896;0.711387;0.727104;0.446589;0.793466;0.779879;0.779403;0.779641;827.000000;0.447719;0.756221;0.764868;0.748626;0.756747;537.000000;0.445458;0.830710;0.794889;0.810180;0.802535;827.000000;0.447719;0.756221;0.764868;0.748626;537.000000;0.445458;0.830710;0.794889;0.810180;0.369973;0.817846;0.798426;0.802716;0.800571;710.000000;0.351801;0.800968;0.806436;0.796717;0.801576;498.000000;0.388146;0.834724;0.790417;0.808716;0.799566;710.000000;0.351801;0.800968;0.806436;0.796717;498.000000;0.388146;0.834724;0.790417;0.808716;0.389198;0.814498;0.801479;0.802298;0.801888;654.000000;0.333827;0.804397;0.812904;0.800319;0.806612;360.000000;0.444569;0.824599;0.790053;0.804277;0.797165;654.000000;0.333827;0.804397;0.812904;0.800319;360.000000;0.444569;0.824599;0.790053;0.804277;0.000100
4;6325.000000;6325.000000;0.196458;0.196458;0.895276;0.893682;0.894459;0.842085;0.756941;0.654681;0.652728;0.653704;621.000000;0.689485;0.686173;0.685621;0.685596;0.685608;312.000000;0.994685;0.827708;0.623741;0.619860;0.621800;621.000000;0.689485;0.686173;0.685621;0.685596;312.000000;0.994685;0.827708;0.623741;0.619860;0.519759;0.835998;0.700155;0.700531;0.700343;827.000000;0.384188;0.795416;0.803804;0.797643;0.800723;537.000000;0.655331;0.876580;0.596507;0.603419;0.599963;827.000000;0.384188;0.795416;0.803804;0.797643;537.000000;0.655331;0.876580;0.596507;0.603419;0.501869;0.844697;0.705908;0.707371;0.706640;710.000000;0.344544;0.814657;0.818883;0.816032;0.817458;498.000000;0.659194;0.874736;0.592933;0.598711;0.595822;710.000000;0.344544;0.814657;0.818883;0.816032;498.000000;0.659194;0.874736;0.592933;0.598711;0.524389;0.839114;0.714108;0.712086;0.713097;654.000000;0.338165;0.819299;0.826186;0.821280;0.823733;360.000000;0.710613;0.858930;0.602030;0.602893;0.602461;654.000000;0.338165;0.819299;0.826186;0.821280;360.000000;0.710613;0.858930;0.602030;0.602893;0.000100
5;6325.000000;6325.000000;0.176069;0.176069;0.908620;0.908098;0.908357;0.751981;0.683587;0.671191;0.674766;0.672979;621.000000;0.609655;0.650000;0.648179;0.647563;0.647871;312.000000;0.894308;0.717174;0.694203;0.701970;0.698086;621.000000;0.609655;0.650000;0.648179;0.647563;312.000000;0.894308;0.717174;0.694203;0.701970;0.402170;0.760983;0.760283;0.752855;0.756569;827.000000;0.329650;0.768983;0.776744;0.757566;0.767155;537.000000;0.474690;0.752983;0.743821;0.748144;0.745983;827.000000;0.329650;0.768983;0.776744;0.757566;537.000000;0.474690;0.752983;0.743821;0.748144;0.396313;0.765943;0.761270;0.757812;0.759541;710.000000;0.307888;0.789684;0.792835;0.780170;0.786503;498.000000;0.484738;0.742202;0.729704;0.735454;0.732579;710.000000;0.307888;0.789684;0.792835;0.780170;498.000000;0.484738;0.742202;0.729704;0.735454;0.452766;0.751638;0.749145;0.743559;0.746352;654.000000;0.309104;0.786470;0.792491;0.776405;0.784448;360.000000;0.596428;0.716806;0.705799;0.710713;0.708256;654.000000;0.309104;0.786470;0.792491;0.776405;360.000000;0.596428;0.716806;0.705799;0.710713;0.000100
6;6325.000000;6325.000000;0.156033;0.156033;0.928070;0.925518;0.926749;0.904163;0.702255;0.630044;0.627099;0.628571;621.000000;0.868718;0.631230;0.617507;0.605714;0.611611;312.000000;0.939608;0.773280;0.642581;0.648483;0.645532;621.000000;0.868718;0.631230;0.617507;0.605714;312.000000;0.939608;0.773280;0.642581;0.648483;0.444906;0.839688;0.765977;0.787365;0.776671;827.000000;0.403052;0.816337;0.772370;0.781923;0.777147;537.000000;0.486761;0.863040;0.759585;0.792806;0.776195;827.000000;0.403052;0.816337;0.772370;0.781923;537.000000;0.486761;0.863040;0.759585;0.792806;0.417652;0.850550;0.774230;0.795345;0.784788;710.000000;0.372677;0.835143;0.795365;0.802669;0.799017;498.000000;0.462627;0.865957;0.753096;0.788022;0.770559;710.000000;0.372677;0.835143;0.795365;0.802669;498.000000;0.462627;0.865957;0.753096;0.788022;0.427745;0.850430;0.787087;0.805636;0.796362;654.000000;0.354309;0.838954;0.799469;0.808440;0.803954;360.000000;0.501180;0.861906;0.774705;0.802833;0.788769;654.000000;0.354309;0.838954;0.799469;0.808440;360.000000;0.501180;0.861906;0.774705;0.802833;0.000100
7;6325.000000;6325.000000;0.137069;0.137069;0.948721;0.945370;0.946975;1.117677;0.712719;0.681243;0.688007;0.684625;621.000000;1.115677;0.654305;0.651167;0.649995;0.650581;312.000000;1.119677;0.771133;0.711318;0.726020;0.718669;621.000000;1.115677;0.654305;0.651167;0.649995;312.000000;1.119677;0.771133;0.711318;0.726020;0.580845;0.803243;0.783953;0.791547;0.787750;827.000000;0.568781;0.784164;0.788054;0.785793;0.786923;537.000000;0.592909;0.822323;0.779852;0.797302;0.788577;827.000000;0.568781;0.784164;0.788054;0.785793;537.000000;0.592909;0.822323;0.779852;0.797302;0.558097;0.813275;0.789438;0.798524;0.793981;710.000000;0.524309;0.807286;0.810281;0.808457;0.809369;498.000000;0.591885;0.819263;0.768595;0.788590;0.778593;710.000000;0.524309;0.807286;0.810281;0.808457;498.000000;0.591885;0.819263;0.768595;0.788590;0.598179;0.808935;0.788408;0.795375;0.791891;654.000000;0.506321;0.811076;0.816465;0.812972;0.814719;360.000000;0.690036;0.806793;0.760350;0.777778;0.769064;654.000000;0.506321;0.811076;0.816465;0.812972;360.000000;0.690036;0.806793;0.760350;0.777778;0.000100
8;6325.000000;6325.000000;0.109084;0.109084;0.959413;0.958363;0.958881;1.062385;0.731235;0.693860;0.694829;0.694344;621.000000;1.162406;0.685847;0.657423;0.645637;0.651530;312.000000;0.962363;0.776623;0.730297;0.744021;0.737159;621.000000;1.162406;0.685847;0.657423;0.645637;312.000000;0.962363;0.776623;0.730297;0.744021;0.717665;0.759258;0.738114;0.728607;0.733361;827.000000;0.907869;0.718086;0.710084;0.676662;0.693373;537.000000;0.527462;0.800431;0.766145;0.780552;0.773348;827.000000;0.907869;0.718086;0.710084;0.676662;537.000000;0.527462;0.800431;0.766145;0.780552;0.699123;0.764207;0.735888;0.732009;0.733948;710.000000;0.877286;0.729920;0.716697;0.691548;0.704122;498.000000;0.520959;0.798495;0.755079;0.772470;0.763774;710.000000;0.877286;0.729920;0.716697;0.691548;498.000000;0.520959;0.798495;0.755079;0.772470;0.754832;0.752080;0.728950;0.720892;0.724921;654.000000;0.883432;0.727840;0.717104;0.687228;0.702166;360.000000;0.626231;0.776320;0.740797;0.754556;0.747676;654.000000;0.883432;0.727840;0.717104;0.687228;360.000000;0.626231;0.776320;0.740797;0.754556;0.000100
9;6325.000000;6325.000000;0.101078;0.101078;0.961773;0.961708;0.961740;1.329712;0.732628;0.689061;0.695758;0.692410;621.000000;1.316254;0.675689;0.666667;0.663367;0.665017;312.000000;1.343171;0.789567;0.711456;0.728149;0.719802;621.000000;1.316254;0.675689;0.666667;0.663367;312.000000;1.343171;0.789567;0.711456;0.728149;0.899262;0.793802;0.752712;0.755345;0.754029;827.000000;1.030662;0.740539;0.743271;0.719399;0.731335;537.000000;0.767862;0.847065;0.762153;0.791292;0.776722;827.000000;1.030662;0.740539;0.743271;0.719399;537.000000;0.767862;0.847065;0.762153;0.791292;0.829226;0.795506;0.750505;0.756882;0.753693;710.000000;0.973961;0.748581;0.746367;0.729524;0.737945;498.000000;0.684491;0.842431;0.754643;0.784239;0.769441;710.000000;0.973961;0.748581;0.746367;0.729524;498.000000;0.684491;0.842431;0.754643;0.784239;0.916558;0.782887;0.741965;0.744253;0.743109;654.000000;0.984724;0.745891;0.746651;0.726294;0.736472;360.000000;0.848391;0.819882;0.737280;0.762212;0.749746;654.000000;0.984724;0.745891;0.746651;0.726294;360.000000;0.848391;0.819882;0.737280;0.762212;0.000100

EXPERIMENT: multitask_audio_mamba_2026-08-18_06-51_audio_mamba_segment_model_wsm_audio_ssl-1669-013_c156f407
CONFIG: wsm_audio_ssl-1669-013.yaml
seed: 42
experiment_info:
  params:
    experiment_name: wsm_audio_segment
    run_name: multitask_audio_mamba
data:
  name: wsm_audio_segment_datamodule
  params:
    data_root: /media/maxim/Databases/WSM_NEW
    task: multitask
    feature_cache_root: /media/maxim/Databases/WSM_NEW/features
    test_filters:
    - none
    - soft
    - hard
    feature_model_name: facebook/hubert-large-ls960-ft
    feature_layer: 14
    temporal_pool: 4
    batch_size: 8
    num_workers: 4
    pin_memory: true
    persistent_workers: true
model:
  name: audio_mamba_segment_model
  params:
    hidden_dim: 192
    num_layers: 3
    num_heads: 4
    ff_mult: 4
    dropout: 0.2
    encoder_type: mamba
    sequence_steps: 128
    mamba_d_state: 16
    mamba_d_conv: 4
    mamba_expand: 2
    mamba_required: true
loss:
  name: wsm_audio_loss
  params:
    label_smoothing: 0.02
    focal_gamma: 1.0
    aux_weight: 0.15
optimizer:
  name: adamw_optimizer
  params:
    lr: 0.0001
    weight_decay: 0.01
train:
  params:
    epochs: 30
    device: cuda
    mixed_precision: true
    grad_clip_norm: 0.5
    log_every_steps: 25
    collect_cache: true
metrics:
- name: prf_macro_metric
callbacks:
- name: wsm_audio_metrics_callback
  params:
    splits:
    - auto
- name: checkpoint_callback
  params:
    log_path: logs
    filename_template: epoch={epoch}_{monitor}={value:.4f}.pt
    monitor: dev/mean_score
    mode: max
    save_top_k: 2
    save_last: true
- name: snapshot_callback
  params:
    log_path: logs
    include:
    - src
    save_code_zip: true
    save_config: true
- name: wsm_summary_callback
  params:
    filename: summary.txt
- name: early_stopping_callback
  params:
    monitor: dev/mean_score
    mode: max
    patience: 6
    min_delta: 0.0005
logging:
- name: console_file_logger
  params:
    log_path: logs
    log_file: train.log
    console_level: INFO
    file_level: INFO
- name: mlflow_logger
  params:
    tracking_uri: sqlite:///logs/mlflow.db
RESULTS:
epoch;train/num_samples;train/train/num_samples;train/loss;train/train/loss;train/macro_precision;train/macro_recall;train/macro_f1;dev/mean_loss;dev/mean_macro_precision;dev/mean_macro_recall;dev/mean_macro_f1;dev/mean_score;dev/depression/num_samples;dev/depression/loss;dev/depression/macro_precision;dev/depression/macro_recall;dev/depression/macro_f1;dev/depression/score;dev/parkinson/num_samples;dev/parkinson/loss;dev/parkinson/macro_precision;dev/parkinson/macro_recall;dev/parkinson/macro_f1;dev/parkinson/score;dev_depression/num_samples;dev_depression/loss;dev_depression/macro_precision;dev_depression/macro_recall;dev_depression/macro_f1;dev_parkinson/num_samples;dev_parkinson/loss;dev_parkinson/macro_precision;dev_parkinson/macro_recall;dev_parkinson/macro_f1;test_none/mean_loss;test_none/mean_macro_precision;test_none/mean_macro_recall;test_none/mean_macro_f1;test_none/mean_score;test_none/depression/num_samples;test_none/depression/loss;test_none/depression/macro_precision;test_none/depression/macro_recall;test_none/depression/macro_f1;test_none/depression/score;test_none/parkinson/num_samples;test_none/parkinson/loss;test_none/parkinson/macro_precision;test_none/parkinson/macro_recall;test_none/parkinson/macro_f1;test_none/parkinson/score;test_none_depression/num_samples;test_none_depression/loss;test_none_depression/macro_precision;test_none_depression/macro_recall;test_none_depression/macro_f1;test_none_parkinson/num_samples;test_none_parkinson/loss;test_none_parkinson/macro_precision;test_none_parkinson/macro_recall;test_none_parkinson/macro_f1;test_soft/mean_loss;test_soft/mean_macro_precision;test_soft/mean_macro_recall;test_soft/mean_macro_f1;test_soft/mean_score;test_soft/depression/num_samples;test_soft/depression/loss;test_soft/depression/macro_precision;test_soft/depression/macro_recall;test_soft/depression/macro_f1;test_soft/depression/score;test_soft/parkinson/num_samples;test_soft/parkinson/loss;test_soft/parkinson/macro_precision;test_soft/parkinson/macro_recall;test_soft/parkinson/macro_f1;test_soft/parkinson/score;test_soft_depression/num_samples;test_soft_depression/loss;test_soft_depression/macro_precision;test_soft_depression/macro_recall;test_soft_depression/macro_f1;test_soft_parkinson/num_samples;test_soft_parkinson/loss;test_soft_parkinson/macro_precision;test_soft_parkinson/macro_recall;test_soft_parkinson/macro_f1;test_hard/mean_loss;test_hard/mean_macro_precision;test_hard/mean_macro_recall;test_hard/mean_macro_f1;test_hard/mean_score;test_hard/depression/num_samples;test_hard/depression/loss;test_hard/depression/macro_precision;test_hard/depression/macro_recall;test_hard/depression/macro_f1;test_hard/depression/score;test_hard/parkinson/num_samples;test_hard/parkinson/loss;test_hard/parkinson/macro_precision;test_hard/parkinson/macro_recall;test_hard/parkinson/macro_f1;test_hard/parkinson/score;test_hard_depression/num_samples;test_hard_depression/loss;test_hard_depression/macro_precision;test_hard_depression/macro_recall;test_hard_depression/macro_f1;test_hard_parkinson/num_samples;test_hard_parkinson/loss;test_hard_parkinson/macro_precision;test_hard_parkinson/macro_recall;test_hard_parkinson/macro_f1;lr/group
1;6325.000000;6325.000000;0.346928;0.346928;0.666642;0.670890;0.667941;0.407959;0.735076;0.722823;0.698869;0.710846;621.000000;0.346368;0.746832;0.695612;0.681254;0.688433;312.000000;0.469551;0.723320;0.750035;0.716484;0.733259;621.000000;0.346368;0.746832;0.695612;0.681254;312.000000;0.469551;0.723320;0.750035;0.716484;0.470186;0.704357;0.704740;0.630902;0.667821;827.000000;0.407829;0.722607;0.660411;0.588644;0.624528;537.000000;0.532542;0.686108;0.749069;0.673161;0.711115;827.000000;0.407829;0.722607;0.660411;0.588644;537.000000;0.532542;0.686108;0.749069;0.673161;0.433423;0.713431;0.706966;0.639335;0.673150;710.000000;0.377086;0.744629;0.668772;0.607356;0.638064;498.000000;0.489760;0.682234;0.745160;0.671313;0.708237;710.000000;0.377086;0.744629;0.668772;0.607356;498.000000;0.489760;0.682234;0.745160;0.671313;0.481010;0.714673;0.697207;0.623600;0.660404;654.000000;0.380376;0.747024;0.671966;0.603352;0.637659;360.000000;0.581644;0.682322;0.722447;0.643849;0.683148;654.000000;0.380376;0.747024;0.671966;0.603352;360.000000;0.581644;0.682322;0.722447;0.643849;0.000100
2;6325.000000;6325.000000;0.265840;0.265840;0.808225;0.806618;0.807392;0.386920;0.748323;0.711810;0.715129;0.713470;621.000000;0.344166;0.723342;0.698086;0.690962;0.694524;312.000000;0.429674;0.773305;0.725535;0.739296;0.732416;621.000000;0.344166;0.723342;0.698086;0.690962;312.000000;0.429674;0.773305;0.725535;0.739296;0.331361;0.786550;0.784716;0.758543;0.771630;827.000000;0.303046;0.782240;0.760417;0.718033;0.739225;537.000000;0.359677;0.790859;0.809015;0.799053;0.804034;827.000000;0.303046;0.782240;0.760417;0.718033;537.000000;0.359677;0.790859;0.809015;0.799053;0.309094;0.796142;0.791631;0.772792;0.782212;710.000000;0.276365;0.805398;0.781117;0.751688;0.766403;498.000000;0.341822;0.786885;0.802145;0.793896;0.798021;710.000000;0.276365;0.805398;0.781117;0.751688;498.000000;0.341822;0.786885;0.802145;0.793896;0.320616;0.793799;0.801179;0.774944;0.788061;654.000000;0.274052;0.803846;0.787400;0.754523;0.770961;360.000000;0.367180;0.783751;0.814959;0.795364;0.805161;654.000000;0.274052;0.803846;0.787400;0.754523;360.000000;0.367180;0.783751;0.814959;0.795364;0.000100
3;6325.000000;6325.000000;0.236209;0.236209;0.843728;0.842342;0.843016;0.666616;0.759851;0.690239;0.694617;0.692428;621.000000;0.469865;0.716811;0.706909;0.702347;0.704628;312.000000;0.863368;0.802890;0.673568;0.686887;0.680227;621.000000;0.469865;0.716811;0.706909;0.702347;312.000000;0.863368;0.802890;0.673568;0.686887;0.324093;0.851631;0.810320;0.825993;0.818156;827.000000;0.258191;0.837516;0.820892;0.826833;0.823863;537.000000;0.389994;0.865746;0.799747;0.825153;0.812450;827.000000;0.258191;0.837516;0.820892;0.826833;537.000000;0.389994;0.865746;0.799747;0.825153;0.291573;0.870951;0.821459;0.839061;0.830260;710.000000;0.231287;0.866182;0.847399;0.853113;0.850256;498.000000;0.351859;0.875721;0.795518;0.825009;0.810264;710.000000;0.231287;0.866182;0.847399;0.853113;498.000000;0.351859;0.875721;0.795518;0.825009;0.313254;0.868743;0.828748;0.843368;0.836058;654.000000;0.221223;0.870753;0.851998;0.858386;0.855192;360.000000;0.405285;0.866734;0.805497;0.828351;0.816924;654.000000;0.221223;0.870753;0.851998;0.858386;360.000000;0.405285;0.866734;0.805497;0.828351;0.000100
4;6325.000000;6325.000000;0.203402;0.203402;0.871635;0.869752;0.870663;0.719425;0.741602;0.682501;0.687771;0.685136;621.000000;0.630899;0.701953;0.701027;0.700258;0.700643;312.000000;0.807952;0.781250;0.663975;0.675284;0.669630;621.000000;0.630899;0.701953;0.701027;0.700258;312.000000;0.807952;0.781250;0.663975;0.675284;0.373373;0.835886;0.777496;0.795823;0.786660;827.000000;0.318728;0.821369;0.811682;0.815536;0.813609;537.000000;0.428017;0.850402;0.743309;0.776111;0.759710;827.000000;0.318728;0.821369;0.811682;0.815536;537.000000;0.428017;0.850402;0.743309;0.776111;0.345564;0.854449;0.786458;0.805985;0.796221;710.000000;0.272650;0.861068;0.845740;0.850698;0.848219;498.000000;0.418477;0.847830;0.727176;0.761272;0.744224;710.000000;0.272650;0.861068;0.845740;0.850698;498.000000;0.418477;0.847830;0.727176;0.761272;0.339632;0.851172;0.799821;0.815939;0.807880;654.000000;0.259978;0.863909;0.848601;0.854073;0.851337;360.000000;0.419286;0.838435;0.751042;0.777804;0.764423;654.000000;0.259978;0.863909;0.848601;0.854073;360.000000;0.419286;0.838435;0.751042;0.777804;0.000100
5;6325.000000;6325.000000;0.194545;0.194545;0.896376;0.897151;0.896758;0.737838;0.743004;0.713239;0.721050;0.717145;621.000000;0.641912;0.699203;0.698459;0.698422;0.698441;312.000000;0.833764;0.786806;0.728019;0.743677;0.735848;621.000000;0.641912;0.699203;0.698459;0.698422;312.000000;0.833764;0.786806;0.728019;0.743677;0.387818;0.809392;0.809976;0.808338;0.809157;827.000000;0.304928;0.832363;0.842389;0.834886;0.838637;537.000000;0.470708;0.786422;0.777563;0.781790;0.779676;827.000000;0.304928;0.832363;0.842389;0.834886;537.000000;0.470708;0.786422;0.777563;0.781790;0.381634;0.818039;0.816013;0.816271;0.816142;710.000000;0.288688;0.851844;0.857458;0.853380;0.855419;498.000000;0.474581;0.784235;0.774568;0.779162;0.776865;710.000000;0.288688;0.851844;0.857458;0.853380;498.000000;0.474581;0.784235;0.774568;0.779162;0.409051;0.818200;0.823683;0.820162;0.821922;654.000000;0.287208;0.850106;0.857657;0.852362;0.855010;360.000000;0.530894;0.786294;0.789709;0.787962;0.788835;654.000000;0.287208;0.850106;0.857657;0.852362;360.000000;0.530894;0.786294;0.789709;0.787962;0.000100
6;6325.000000;6325.000000;0.173206;0.173206;0.914080;0.912774;0.913414;0.631080;0.765520;0.702447;0.709802;0.706124;621.000000;0.499103;0.722240;0.721802;0.721345;0.721573;312.000000;0.763057;0.808800;0.683092;0.698259;0.690675;621.000000;0.499103;0.722240;0.721802;0.721345;312.000000;0.763057;0.808800;0.683092;0.698259;0.389264;0.839075;0.780512;0.799771;0.790142;827.000000;0.314773;0.818418;0.798917;0.805334;0.802125;537.000000;0.463756;0.859732;0.762106;0.794209;0.778158;827.000000;0.314773;0.818418;0.798917;0.805334;537.000000;0.463756;0.859732;0.762106;0.794209;0.365520;0.847299;0.785410;0.804583;0.794997;710.000000;0.288186;0.836490;0.823153;0.827473;0.825313;498.000000;0.442854;0.858109;0.747667;0.781694;0.764681;710.000000;0.288186;0.836490;0.823153;0.827473;498.000000;0.442854;0.858109;0.747667;0.781694;0.369017;0.844709;0.801057;0.815993;0.808525;654.000000;0.273064;0.837817;0.826320;0.830595;0.828458;360.000000;0.464970;0.851601;0.775794;0.801392;0.788593;654.000000;0.273064;0.837817;0.826320;0.830595;360.000000;0.464970;0.851601;0.775794;0.801392;0.000100
7;6325.000000;6325.000000;0.158645;0.158645;0.927265;0.924655;0.925913;0.926272;0.746203;0.709972;0.713579;0.711776;621.000000;0.783894;0.734684;0.711111;0.705257;0.708184;312.000000;1.068649;0.757722;0.708834;0.721901;0.715367;621.000000;0.783894;0.734684;0.711111;0.705257;312.000000;1.068649;0.757722;0.708834;0.721901;0.635537;0.765226;0.767344;0.754915;0.761130;827.000000;0.558615;0.747981;0.750798;0.726656;0.738727;537.000000;0.712458;0.782471;0.783890;0.783175;0.783533;827.000000;0.558615;0.747981;0.750798;0.726656;537.000000;0.712458;0.782471;0.783890;0.783175;0.599909;0.774473;0.771583;0.761735;0.766659;710.000000;0.531143;0.766073;0.760291;0.740596;0.750444;498.000000;0.668676;0.782874;0.782874;0.782874;0.782874;710.000000;0.531143;0.766073;0.760291;0.740596;498.000000;0.668676;0.782874;0.782874;0.782874;0.652962;0.772321;0.772622;0.759802;0.766212;654.000000;0.538637;0.765148;0.762415;0.738483;0.750449;360.000000;0.767287;0.779495;0.782828;0.781122;0.781975;654.000000;0.538637;0.765148;0.762415;0.738483;360.000000;0.767287;0.779495;0.782828;0.781122;0.000100
8;6325.000000;6325.000000;0.161410;0.161410;0.927652;0.927591;0.927622;0.826509;0.705223;0.694282;0.698368;0.696325;621.000000;0.870727;0.658543;0.658543;0.658543;0.658543;312.000000;0.782291;0.751902;0.730021;0.738192;0.734106;621.000000;0.870727;0.658543;0.658543;0.658543;312.000000;0.782291;0.751902;0.730021;0.738192;0.531322;0.766418;0.777130;0.771075;0.774103;827.000000;0.465126;0.779142;0.780178;0.779640;0.779909;537.000000;0.597518;0.753695;0.774082;0.762509;0.768296;827.000000;0.465126;0.779142;0.780178;0.779640;537.000000;0.597518;0.753695;0.774082;0.762509;0.520546;0.768355;0.779829;0.773265;0.776547;710.000000;0.448786;0.790153;0.792633;0.791158;0.791896;498.000000;0.592305;0.746558;0.767026;0.755372;0.761199;710.000000;0.448786;0.790153;0.792633;0.791158;498.000000;0.592305;0.746558;0.767026;0.755372;0.578258;0.767178;0.782841;0.772814;0.777828;654.000000;0.430660;0.793999;0.798891;0.795740;0.797315;360.000000;0.725856;0.740357;0.766792;0.749889;0.758341;654.000000;0.430660;0.793999;0.798891;0.795740;360.000000;0.725856;0.740357;0.766792;0.749889;0.000100
9;6325.000000;6325.000000;0.122960;0.122960;0.949188;0.945561;0.947292;1.281904;0.723579;0.665934;0.669078;0.667506;621.000000;1.153848;0.689356;0.689356;0.689211;0.689283;312.000000;1.409960;0.757803;0.642512;0.648945;0.645729;621.000000;1.153848;0.689356;0.689356;0.689211;312.000000;1.409960;0.757803;0.642512;0.648945;0.787195;0.814016;0.745902;0.760738;0.753320;827.000000;0.739376;0.783510;0.789895;0.785676;0.787785;537.000000;0.835013;0.844522;0.701909;0.735801;0.718855;827.000000;0.739376;0.783510;0.789895;0.785676;537.000000;0.835013;0.844522;0.701909;0.735801;0.784922;0.813566;0.736262;0.751487;0.743874;710.000000;0.758644;0.782272;0.786440;0.783434;0.784937;498.000000;0.811199;0.844861;0.686083;0.719541;0.702812;710.000000;0.758644;0.782272;0.786440;0.783434;498.000000;0.811199;0.844861;0.686083;0.719541;0.839654;0.808850;0.742333;0.753863;0.748098;654.000000;0.750441;0.783983;0.790258;0.785621;0.787939;360.000000;0.928868;0.833716;0.694407;0.722105;0.708256;654.000000;0.750441;0.783983;0.790258;0.785621;360.000000;0.928868;0.833716;0.694407;0.722105;0.000100
10;6325.000000;6325.000000;0.108345;0.108345;0.958869;0.958998;0.958934;1.452299;0.734156;0.646851;0.631618;0.639234;621.000000;1.693728;0.656727;0.593978;0.545971;0.569974;312.000000;1.210871;0.811585;0.699724;0.717265;0.708495;621.000000;1.693728;0.656727;0.593978;0.545971;312.000000;1.210871;0.811585;0.699724;0.717265;0.802249;0.828966;0.722215;0.736896;0.729555;827.000000;0.945815;0.801316;0.679802;0.678207;0.679005;537.000000;0.658684;0.856616;0.764628;0.795584;0.780106;827.000000;0.945815;0.801316;0.679802;0.678207;537.000000;0.658684;0.856616;0.764628;0.795584;0.803501;0.827924;0.723138;0.735766;0.729452;710.000000;0.993925;0.795442;0.683546;0.676459;0.680003;498.000000;0.613077;0.860407;0.762731;0.795072;0.778902;710.000000;0.993925;0.795442;0.683546;0.676459;498.000000;0.613077;0.860407;0.762731;0.795072;0.811778;0.831934;0.739538;0.751057;0.745297;654.000000;0.959413;0.798564;0.686499;0.684002;0.685250;360.000000;0.664144;0.865305;0.792576;0.818113;0.805345;654.000000;0.959413;0.798564;0.686499;0.684002;360.000000;0.664144;0.865305;0.792576;0.818113;0.000100
11;6325.000000;6325.000000;0.100136;0.100136;0.963857;0.962528;0.963181;1.216274;0.710694;0.670983;0.676928;0.673956;621.000000;1.075480;0.669060;0.668674;0.668173;0.668423;312.000000;1.357068;0.752328;0.673292;0.685684;0.679488;621.000000;1.075480;0.669060;0.668674;0.668173;312.000000;1.357068;0.752328;0.673292;0.685684;0.662317;0.798565;0.773188;0.783520;0.778354;827.000000;0.668779;0.774807;0.766524;0.769738;0.768131;537.000000;0.655856;0.822323;0.779852;0.797302;0.788577;827.000000;0.668779;0.774807;0.766524;0.769738;537.000000;0.655856;0.822323;0.779852;0.797302;0.643019;0.800578;0.773837;0.784439;0.779138;710.000000;0.643092;0.785965;0.780409;0.782520;0.781464;498.000000;0.642945;0.815191;0.767265;0.786358;0.776812;710.000000;0.643092;0.785965;0.780409;0.782520;498.000000;0.642945;0.815191;0.767265;0.786358;0.703888;0.794789;0.775134;0.783019;0.779076;654.000000;0.624974;0.786480;0.783877;0.785051;0.784464;360.000000;0.782802;0.803097;0.766390;0.780986;0.773688;654.000000;0.624974;0.786480;0.783877;0.785051;360.000000;0.782802;0.803097;0.766390;0.780986;0.000100

EXPERIMENT: multitask_audio_mamba_2026-08-18_07-14_audio_mamba_segment_model_wsm_audio_ssl-1669-014_5ac0b3a3
CONFIG: wsm_audio_ssl-1669-014.yaml
seed: 42
experiment_info:
  params:
    experiment_name: wsm_audio_segment
    run_name: multitask_audio_mamba
data:
  name: wsm_audio_segment_datamodule
  params:
    data_root: /media/maxim/Databases/WSM_NEW
    task: multitask
    feature_cache_root: /media/maxim/Databases/WSM_NEW/features
    test_filters:
    - none
    - soft
    - hard
    feature_model_name: facebook/wav2vec2-large-robust
    feature_layer: 10
    temporal_pool: 4
    batch_size: 8
    num_workers: 4
    pin_memory: true
    persistent_workers: true
model:
  name: audio_mamba_segment_model
  params:
    hidden_dim: 192
    num_layers: 3
    num_heads: 4
    ff_mult: 4
    dropout: 0.2
    encoder_type: mamba
    sequence_steps: 128
    mamba_d_state: 16
    mamba_d_conv: 4
    mamba_expand: 2
    mamba_required: true
loss:
  name: wsm_audio_loss
  params:
    label_smoothing: 0.02
    focal_gamma: 1.0
    aux_weight: 0.15
optimizer:
  name: adamw_optimizer
  params:
    lr: 0.0001
    weight_decay: 0.01
train:
  params:
    epochs: 30
    device: cuda
    mixed_precision: true
    grad_clip_norm: 0.5
    log_every_steps: 25
    collect_cache: true
metrics:
- name: prf_macro_metric
callbacks:
- name: wsm_audio_metrics_callback
  params:
    splits:
    - auto
- name: checkpoint_callback
  params:
    log_path: logs
    filename_template: epoch={epoch}_{monitor}={value:.4f}.pt
    monitor: dev/mean_score
    mode: max
    save_top_k: 2
    save_last: true
- name: snapshot_callback
  params:
    log_path: logs
    include:
    - src
    save_code_zip: true
    save_config: true
- name: wsm_summary_callback
  params:
    filename: summary.txt
- name: early_stopping_callback
  params:
    monitor: dev/mean_score
    mode: max
    patience: 6
    min_delta: 0.0005
logging:
- name: console_file_logger
  params:
    log_path: logs
    log_file: train.log
    console_level: INFO
    file_level: INFO
- name: mlflow_logger
  params:
    tracking_uri: sqlite:///logs/mlflow.db
RESULTS:
epoch;train/num_samples;train/train/num_samples;train/loss;train/train/loss;train/macro_precision;train/macro_recall;train/macro_f1;dev/mean_loss;dev/mean_macro_precision;dev/mean_macro_recall;dev/mean_macro_f1;dev/mean_score;dev/depression/num_samples;dev/depression/loss;dev/depression/macro_precision;dev/depression/macro_recall;dev/depression/macro_f1;dev/depression/score;dev/parkinson/num_samples;dev/parkinson/loss;dev/parkinson/macro_precision;dev/parkinson/macro_recall;dev/parkinson/macro_f1;dev/parkinson/score;dev_depression/num_samples;dev_depression/loss;dev_depression/macro_precision;dev_depression/macro_recall;dev_depression/macro_f1;dev_parkinson/num_samples;dev_parkinson/loss;dev_parkinson/macro_precision;dev_parkinson/macro_recall;dev_parkinson/macro_f1;test_none/mean_loss;test_none/mean_macro_precision;test_none/mean_macro_recall;test_none/mean_macro_f1;test_none/mean_score;test_none/depression/num_samples;test_none/depression/loss;test_none/depression/macro_precision;test_none/depression/macro_recall;test_none/depression/macro_f1;test_none/depression/score;test_none/parkinson/num_samples;test_none/parkinson/loss;test_none/parkinson/macro_precision;test_none/parkinson/macro_recall;test_none/parkinson/macro_f1;test_none/parkinson/score;test_none_depression/num_samples;test_none_depression/loss;test_none_depression/macro_precision;test_none_depression/macro_recall;test_none_depression/macro_f1;test_none_parkinson/num_samples;test_none_parkinson/loss;test_none_parkinson/macro_precision;test_none_parkinson/macro_recall;test_none_parkinson/macro_f1;test_soft/mean_loss;test_soft/mean_macro_precision;test_soft/mean_macro_recall;test_soft/mean_macro_f1;test_soft/mean_score;test_soft/depression/num_samples;test_soft/depression/loss;test_soft/depression/macro_precision;test_soft/depression/macro_recall;test_soft/depression/macro_f1;test_soft/depression/score;test_soft/parkinson/num_samples;test_soft/parkinson/loss;test_soft/parkinson/macro_precision;test_soft/parkinson/macro_recall;test_soft/parkinson/macro_f1;test_soft/parkinson/score;test_soft_depression/num_samples;test_soft_depression/loss;test_soft_depression/macro_precision;test_soft_depression/macro_recall;test_soft_depression/macro_f1;test_soft_parkinson/num_samples;test_soft_parkinson/loss;test_soft_parkinson/macro_precision;test_soft_parkinson/macro_recall;test_soft_parkinson/macro_f1;test_hard/mean_loss;test_hard/mean_macro_precision;test_hard/mean_macro_recall;test_hard/mean_macro_f1;test_hard/mean_score;test_hard/depression/num_samples;test_hard/depression/loss;test_hard/depression/macro_precision;test_hard/depression/macro_recall;test_hard/depression/macro_f1;test_hard/depression/score;test_hard/parkinson/num_samples;test_hard/parkinson/loss;test_hard/parkinson/macro_precision;test_hard/parkinson/macro_recall;test_hard/parkinson/macro_f1;test_hard/parkinson/score;test_hard_depression/num_samples;test_hard_depression/loss;test_hard_depression/macro_precision;test_hard_depression/macro_recall;test_hard_depression/macro_f1;test_hard_parkinson/num_samples;test_hard_parkinson/loss;test_hard_parkinson/macro_precision;test_hard_parkinson/macro_recall;test_hard_parkinson/macro_f1;lr/group
1;6325.000000;6325.000000;0.321919;0.321919;0.711941;0.711609;0.711773;0.437684;0.746324;0.713615;0.714457;0.714036;621.000000;0.398541;0.737663;0.704248;0.695358;0.699803;312.000000;0.476827;0.754985;0.722981;0.733555;0.728268;621.000000;0.398541;0.737663;0.704248;0.695358;312.000000;0.476827;0.754985;0.722981;0.733555;0.440099;0.723079;0.705800;0.676849;0.691325;827.000000;0.562004;0.668380;0.635229;0.576629;0.605929;537.000000;0.318194;0.777778;0.776372;0.777069;0.776720;827.000000;0.562004;0.668380;0.635229;0.576629;537.000000;0.318194;0.777778;0.776372;0.777069;0.404822;0.741241;0.717449;0.692825;0.705137;710.000000;0.513005;0.702149;0.656122;0.606101;0.631111;498.000000;0.296640;0.780334;0.778776;0.779548;0.779162;710.000000;0.513005;0.702149;0.656122;0.606101;498.000000;0.296640;0.780334;0.778776;0.779548;0.421671;0.743351;0.727333;0.693388;0.710360;654.000000;0.519703;0.710780;0.661688;0.603461;0.632574;360.000000;0.323639;0.775922;0.792978;0.783315;0.788146;654.000000;0.519703;0.710780;0.661688;0.603461;360.000000;0.323639;0.775922;0.792978;0.783315;0.000100
2;6325.000000;6325.000000;0.235838;0.235838;0.846666;0.847819;0.847229;0.577431;0.733128;0.697467;0.700113;0.698790;621.000000;0.491831;0.717391;0.693277;0.686160;0.689719;312.000000;0.663031;0.748864;0.701656;0.714067;0.707862;621.000000;0.491831;0.717391;0.693277;0.686160;312.000000;0.663031;0.748864;0.701656;0.714067;0.557527;0.714678;0.688971;0.669479;0.679225;827.000000;0.760978;0.618855;0.599281;0.546639;0.572960;537.000000;0.354076;0.810501;0.778661;0.792318;0.785489;827.000000;0.760978;0.618855;0.599281;0.546639;537.000000;0.354076;0.810501;0.778661;0.792318;0.496813;0.736516;0.704963;0.687329;0.696146;710.000000;0.699174;0.655238;0.622060;0.573739;0.597900;498.000000;0.294452;0.817795;0.787866;0.800918;0.794392;710.000000;0.699174;0.655238;0.622060;0.573739;498.000000;0.294452;0.817795;0.787866;0.800918;0.528989;0.744715;0.713889;0.687050;0.700470;654.000000;0.696879;0.685636;0.639408;0.578717;0.609062;360.000000;0.361098;0.803794;0.788371;0.795382;0.791877;654.000000;0.696879;0.685636;0.639408;0.578717;360.000000;0.361098;0.803794;0.788371;0.795382;0.000100
3;6325.000000;6325.000000;0.198416;0.198416;0.885882;0.885444;0.885662;0.594296;0.721068;0.712158;0.711268;0.711713;621.000000;0.567115;0.700500;0.687395;0.683419;0.685407;312.000000;0.621477;0.741636;0.736922;0.739118;0.738020;621.000000;0.567115;0.700500;0.687395;0.683419;312.000000;0.621477;0.741636;0.736922;0.739118;0.438213;0.747612;0.771149;0.746333;0.758741;827.000000;0.489926;0.718299;0.721772;0.699963;0.710867;537.000000;0.386500;0.776925;0.820526;0.792703;0.806615;827.000000;0.489926;0.718299;0.721772;0.699963;537.000000;0.386500;0.776925;0.820526;0.792703;0.382321;0.767742;0.788951;0.767986;0.778468;710.000000;0.392795;0.761587;0.761587;0.746479;0.754033;498.000000;0.371848;0.773898;0.816315;0.789493;0.802904;710.000000;0.392795;0.761587;0.761587;0.746479;498.000000;0.371848;0.773898;0.816315;0.789493;0.431989;0.752167;0.772343;0.749589;0.760966;654.000000;0.387328;0.761762;0.764725;0.746092;0.755409;360.000000;0.476650;0.742572;0.779961;0.753086;0.766524;654.000000;0.387328;0.761762;0.764725;0.746092;360.000000;0.476650;0.742572;0.779961;0.753086;0.000100
4;6325.000000;6325.000000;0.174320;0.174320;0.918548;0.915359;0.916882;0.828846;0.743969;0.683295;0.687136;0.685215;621.000000;0.665212;0.717152;0.716900;0.716550;0.716725;312.000000;0.992479;0.770787;0.649689;0.657722;0.653705;621.000000;0.665212;0.717152;0.716900;0.716550;312.000000;0.992479;0.770787;0.649689;0.657722;0.588620;0.747601;0.722032;0.731751;0.726891;827.000000;0.632837;0.706324;0.705518;0.705903;0.705711;537.000000;0.544403;0.788878;0.738545;0.757599;0.748072;827.000000;0.632837;0.706324;0.705518;0.705903;537.000000;0.544403;0.788878;0.738545;0.757599;0.542695;0.763998;0.735332;0.745977;0.740654;710.000000;0.544844;0.744933;0.740174;0.741924;0.741049;498.000000;0.540545;0.783064;0.730489;0.750030;0.740260;710.000000;0.544844;0.744933;0.740174;0.741924;498.000000;0.540545;0.783064;0.730489;0.750030;0.563712;0.762436;0.744982;0.751893;0.748437;654.000000;0.534358;0.753092;0.751097;0.752002;0.751549;360.000000;0.593066;0.771780;0.738866;0.751785;0.745325;654.000000;0.534358;0.753092;0.751097;0.752002;360.000000;0.593066;0.771780;0.738866;0.751785;0.000100
5;6325.000000;6325.000000;0.144122;0.144122;0.937751;0.937317;0.937533;1.157473;0.694329;0.673092;0.676781;0.674936;621.000000;1.309023;0.651478;0.647012;0.643513;0.645263;312.000000;1.005924;0.737179;0.699172;0.710048;0.704610;621.000000;1.309023;0.651478;0.647012;0.643513;312.000000;1.005924;0.737179;0.699172;0.710048;0.732360;0.769438;0.778270;0.771213;0.774742;827.000000;0.794926;0.754824;0.741151;0.745550;0.743350;537.000000;0.669793;0.784051;0.815389;0.796877;0.806133;827.000000;0.794926;0.754824;0.741151;0.745550;537.000000;0.669793;0.784051;0.815389;0.796877;0.712288;0.771470;0.777014;0.769808;0.773411;710.000000;0.810294;0.760983;0.740700;0.744786;0.742743;498.000000;0.614283;0.781956;0.813328;0.794830;0.804079;710.000000;0.810294;0.760983;0.740700;0.744786;498.000000;0.614283;0.781956;0.813328;0.794830;0.789023;0.759982;0.766402;0.758791;0.762596;654.000000;0.805481;0.760328;0.742349;0.747077;0.744713;360.000000;0.772565;0.759636;0.790455;0.770505;0.780480;654.000000;0.805481;0.760328;0.742349;0.747077;360.000000;0.772565;0.759636;0.790455;0.770505;0.000100
6;6325.000000;6325.000000;0.113417;0.113417;0.954145;0.954844;0.954491;1.252516;0.672963;0.671090;0.670684;0.670887;621.000000;1.107339;0.669565;0.667507;0.665887;0.666697;312.000000;1.397693;0.676360;0.674672;0.675481;0.675076;621.000000;1.107339;0.669565;0.667507;0.665887;312.000000;1.397693;0.676360;0.674672;0.675481;0.809628;0.726402;0.757097;0.734279;0.745688;827.000000;0.871144;0.707091;0.713424;0.708068;0.710746;537.000000;0.748113;0.745712;0.800770;0.760490;0.780630;827.000000;0.871144;0.707091;0.713424;0.708068;537.000000;0.748113;0.745712;0.800770;0.760490;0.758156;0.736911;0.763808;0.745062;0.754435;710.000000;0.833244;0.723010;0.724489;0.723629;0.724059;498.000000;0.683068;0.750812;0.803126;0.766494;0.784810;710.000000;0.833244;0.723010;0.724489;0.723629;498.000000;0.683068;0.750812;0.803126;0.766494;0.850798;0.716339;0.738583;0.719997;0.729290;654.000000;0.840483;0.719294;0.722301;0.720400;0.721351;360.000000;0.861112;0.713385;0.754864;0.719595;0.737230;654.000000;0.840483;0.719294;0.722301;0.720400;360.000000;0.861112;0.713385;0.754864;0.719595;0.000100
7;6325.000000;6325.000000;0.090831;0.090831;0.966546;0.966546;0.966546;1.142250;0.743575;0.693992;0.701967;0.697979;621.000000;1.184061;0.685561;0.683567;0.682123;0.682845;312.000000;1.100439;0.801588;0.704417;0.721810;0.713114;621.000000;1.184061;0.685561;0.683567;0.682123;312.000000;1.100439;0.801588;0.704417;0.721810;0.938922;0.741737;0.729333;0.734703;0.732018;827.000000;1.171674;0.673923;0.668681;0.670509;0.669595;537.000000;0.706169;0.809550;0.789985;0.798896;0.794441;827.000000;1.171674;0.673923;0.668681;0.670509;537.000000;0.706169;0.809550;0.789985;0.798896;0.908928;0.749243;0.734164;0.740535;0.737350;710.000000;1.155584;0.687874;0.683121;0.684590;0.683855;498.000000;0.662271;0.810613;0.785207;0.796481;0.790844;710.000000;1.155584;0.687874;0.683121;0.684590;498.000000;0.662271;0.810613;0.785207;0.796481;0.989617;0.730566;0.718723;0.723793;0.721258;654.000000;1.146056;0.684774;0.682640;0.683535;0.683087;360.000000;0.833178;0.776359;0.754807;0.764052;0.759429;654.000000;1.146056;0.684774;0.682640;0.683535;360.000000;0.833178;0.776359;0.754807;0.764052;0.000100

EXPERIMENT: multitask_audio_mamba_2026-08-18_07-35_audio_mamba_segment_model_wsm_audio_ssl-1669-015_3faff345
CONFIG: wsm_audio_ssl-1669-015.yaml
seed: 42
experiment_info:
  params:
    experiment_name: wsm_audio_segment
    run_name: multitask_audio_mamba
data:
  name: wsm_audio_segment_datamodule
  params:
    data_root: /media/maxim/Databases/WSM_NEW
    task: multitask
    feature_cache_root: /media/maxim/Databases/WSM_NEW/features
    test_filters:
    - none
    - soft
    - hard
    feature_model_name: facebook/wav2vec2-large-robust
    feature_layer: 12
    temporal_pool: 4
    batch_size: 8
    num_workers: 4
    pin_memory: true
    persistent_workers: true
model:
  name: audio_mamba_segment_model
  params:
    hidden_dim: 192
    num_layers: 3
    num_heads: 4
    ff_mult: 4
    dropout: 0.2
    encoder_type: mamba
    sequence_steps: 128
    mamba_d_state: 16
    mamba_d_conv: 4
    mamba_expand: 2
    mamba_required: true
loss:
  name: wsm_audio_loss
  params:
    label_smoothing: 0.02
    focal_gamma: 1.0
    aux_weight: 0.15
optimizer:
  name: adamw_optimizer
  params:
    lr: 0.0001
    weight_decay: 0.01
train:
  params:
    epochs: 30
    device: cuda
    mixed_precision: true
    grad_clip_norm: 0.5
    log_every_steps: 25
    collect_cache: true
metrics:
- name: prf_macro_metric
callbacks:
- name: wsm_audio_metrics_callback
  params:
    splits:
    - auto
- name: checkpoint_callback
  params:
    log_path: logs
    filename_template: epoch={epoch}_{monitor}={value:.4f}.pt
    monitor: dev/mean_score
    mode: max
    save_top_k: 2
    save_last: true
- name: snapshot_callback
  params:
    log_path: logs
    include:
    - src
    save_code_zip: true
    save_config: true
- name: wsm_summary_callback
  params:
    filename: summary.txt
- name: early_stopping_callback
  params:
    monitor: dev/mean_score
    mode: max
    patience: 6
    min_delta: 0.0005
logging:
- name: console_file_logger
  params:
    log_path: logs
    log_file: train.log
    console_level: INFO
    file_level: INFO
- name: mlflow_logger
  params:
    tracking_uri: sqlite:///logs/mlflow.db
RESULTS:
epoch;train/num_samples;train/train/num_samples;train/loss;train/train/loss;train/macro_precision;train/macro_recall;train/macro_f1;dev/mean_loss;dev/mean_macro_precision;dev/mean_macro_recall;dev/mean_macro_f1;dev/mean_score;dev/depression/num_samples;dev/depression/loss;dev/depression/macro_precision;dev/depression/macro_recall;dev/depression/macro_f1;dev/depression/score;dev/parkinson/num_samples;dev/parkinson/loss;dev/parkinson/macro_precision;dev/parkinson/macro_recall;dev/parkinson/macro_f1;dev/parkinson/score;dev_depression/num_samples;dev_depression/loss;dev_depression/macro_precision;dev_depression/macro_recall;dev_depression/macro_f1;dev_parkinson/num_samples;dev_parkinson/loss;dev_parkinson/macro_precision;dev_parkinson/macro_recall;dev_parkinson/macro_f1;test_none/mean_loss;test_none/mean_macro_precision;test_none/mean_macro_recall;test_none/mean_macro_f1;test_none/mean_score;test_none/depression/num_samples;test_none/depression/loss;test_none/depression/macro_precision;test_none/depression/macro_recall;test_none/depression/macro_f1;test_none/depression/score;test_none/parkinson/num_samples;test_none/parkinson/loss;test_none/parkinson/macro_precision;test_none/parkinson/macro_recall;test_none/parkinson/macro_f1;test_none/parkinson/score;test_none_depression/num_samples;test_none_depression/loss;test_none_depression/macro_precision;test_none_depression/macro_recall;test_none_depression/macro_f1;test_none_parkinson/num_samples;test_none_parkinson/loss;test_none_parkinson/macro_precision;test_none_parkinson/macro_recall;test_none_parkinson/macro_f1;test_soft/mean_loss;test_soft/mean_macro_precision;test_soft/mean_macro_recall;test_soft/mean_macro_f1;test_soft/mean_score;test_soft/depression/num_samples;test_soft/depression/loss;test_soft/depression/macro_precision;test_soft/depression/macro_recall;test_soft/depression/macro_f1;test_soft/depression/score;test_soft/parkinson/num_samples;test_soft/parkinson/loss;test_soft/parkinson/macro_precision;test_soft/parkinson/macro_recall;test_soft/parkinson/macro_f1;test_soft/parkinson/score;test_soft_depression/num_samples;test_soft_depression/loss;test_soft_depression/macro_precision;test_soft_depression/macro_recall;test_soft_depression/macro_f1;test_soft_parkinson/num_samples;test_soft_parkinson/loss;test_soft_parkinson/macro_precision;test_soft_parkinson/macro_recall;test_soft_parkinson/macro_f1;test_hard/mean_loss;test_hard/mean_macro_precision;test_hard/mean_macro_recall;test_hard/mean_macro_f1;test_hard/mean_score;test_hard/depression/num_samples;test_hard/depression/loss;test_hard/depression/macro_precision;test_hard/depression/macro_recall;test_hard/depression/macro_f1;test_hard/depression/score;test_hard/parkinson/num_samples;test_hard/parkinson/loss;test_hard/parkinson/macro_precision;test_hard/parkinson/macro_recall;test_hard/parkinson/macro_f1;test_hard/parkinson/score;test_hard_depression/num_samples;test_hard_depression/loss;test_hard_depression/macro_precision;test_hard_depression/macro_recall;test_hard_depression/macro_f1;test_hard_parkinson/num_samples;test_hard_parkinson/loss;test_hard_parkinson/macro_precision;test_hard_parkinson/macro_recall;test_hard_parkinson/macro_f1;lr/group
1;6325.000000;6325.000000;0.312202;0.312202;0.724621;0.725970;0.725257;0.477779;0.739563;0.729552;0.724214;0.726883;621.000000;0.395124;0.770498;0.741643;0.736278;0.738960;312.000000;0.560435;0.708629;0.717460;0.712151;0.714806;621.000000;0.395124;0.770498;0.741643;0.736278;312.000000;0.560435;0.708629;0.717460;0.712151;0.505150;0.695091;0.707069;0.663563;0.685316;827.000000;0.526034;0.674575;0.649584;0.599420;0.624502;537.000000;0.484265;0.715607;0.764554;0.727707;0.746130;827.000000;0.526034;0.674575;0.649584;0.599420;537.000000;0.484265;0.715607;0.764554;0.727707;0.493201;0.708061;0.712404;0.672191;0.692298;710.000000;0.496167;0.706885;0.667658;0.623184;0.645421;498.000000;0.490236;0.709238;0.757150;0.721197;0.739174;710.000000;0.496167;0.706885;0.667658;0.623184;498.000000;0.490236;0.709238;0.757150;0.721197;0.531510;0.710996;0.711972;0.662294;0.687133;654.000000;0.501461;0.720690;0.677395;0.624598;0.650996;360.000000;0.561559;0.701302;0.746550;0.699990;0.723270;654.000000;0.501461;0.720690;0.677395;0.624598;360.000000;0.561559;0.701302;0.746550;0.699990;0.000100
2;6325.000000;6325.000000;0.245744;0.245744;0.838421;0.843164;0.840521;0.618567;0.713841;0.694680;0.697088;0.695884;621.000000;0.496639;0.734098;0.721382;0.718703;0.720042;312.000000;0.740494;0.693584;0.667978;0.675473;0.671726;621.000000;0.496639;0.734098;0.721382;0.718703;312.000000;0.740494;0.693584;0.667978;0.675473;0.532680;0.736350;0.746588;0.718398;0.732493;827.000000;0.582690;0.725736;0.713958;0.677484;0.695721;537.000000;0.482669;0.746963;0.779219;0.759313;0.769266;827.000000;0.582690;0.725736;0.713958;0.677484;537.000000;0.482669;0.746963;0.779219;0.759313;0.514138;0.748781;0.755017;0.728807;0.741912;710.000000;0.536145;0.750409;0.727727;0.697305;0.712516;498.000000;0.492131;0.747152;0.782307;0.760309;0.771308;710.000000;0.536145;0.750409;0.727727;0.697305;498.000000;0.492131;0.747152;0.782307;0.760309;0.543485;0.748366;0.757959;0.723591;0.740775;654.000000;0.524118;0.764588;0.742589;0.706020;0.724305;360.000000;0.562853;0.732143;0.773328;0.741162;0.757245;654.000000;0.524118;0.764588;0.742589;0.706020;360.000000;0.562853;0.732143;0.773328;0.741162;0.000100
3;6325.000000;6325.000000;0.208462;0.208462;0.876998;0.880718;0.878724;0.500715;0.699522;0.697537;0.698001;0.697769;621.000000;0.423193;0.730610;0.729925;0.729350;0.729638;312.000000;0.578238;0.668434;0.665148;0.666651;0.665900;621.000000;0.423193;0.730610;0.729925;0.729350;312.000000;0.578238;0.668434;0.665148;0.666651;0.380522;0.742816;0.755752;0.747564;0.751658;827.000000;0.401151;0.718192;0.724951;0.719247;0.722099;537.000000;0.359893;0.767439;0.786552;0.775881;0.781217;827.000000;0.401151;0.718192;0.724951;0.719247;537.000000;0.359893;0.767439;0.786552;0.775881;0.358580;0.751387;0.762389;0.755763;0.759076;710.000000;0.385177;0.738924;0.742906;0.739650;0.741278;498.000000;0.331983;0.763851;0.781871;0.771876;0.776874;710.000000;0.385177;0.738924;0.742906;0.739650;498.000000;0.331983;0.763851;0.781871;0.771876;0.398116;0.751716;0.768626;0.757352;0.762989;654.000000;0.381335;0.750677;0.756698;0.751821;0.754260;360.000000;0.414897;0.752755;0.780554;0.762882;0.771718;654.000000;0.381335;0.750677;0.756698;0.751821;360.000000;0.414897;0.752755;0.780554;0.762882;0.000100
4;6325.000000;6325.000000;0.174858;0.174858;0.906864;0.905758;0.906302;0.854142;0.754247;0.704672;0.709941;0.707306;621.000000;0.665015;0.745253;0.743091;0.741933;0.742512;312.000000;1.043270;0.763240;0.666253;0.677949;0.672101;621.000000;0.665015;0.745253;0.743091;0.741933;312.000000;1.043270;0.763240;0.666253;0.677949;0.616075;0.778725;0.760731;0.768442;0.764586;827.000000;0.610808;0.746949;0.742801;0.744566;0.743683;537.000000;0.621342;0.810501;0.778661;0.792318;0.785489;827.000000;0.610808;0.746949;0.742801;0.744566;537.000000;0.621342;0.810501;0.778661;0.792318;0.613141;0.779977;0.760129;0.768417;0.764273;710.000000;0.638442;0.749250;0.744687;0.746397;0.745542;498.000000;0.587841;0.810704;0.775571;0.790437;0.783004;710.000000;0.638442;0.749250;0.744687;0.746397;498.000000;0.587841;0.810704;0.775571;0.790437;0.625209;0.780227;0.774903;0.777415;0.776159;654.000000;0.631041;0.754582;0.753465;0.753993;0.753729;360.000000;0.619378;0.805871;0.796342;0.800837;0.798589;654.000000;0.631041;0.754582;0.753465;0.753993;360.000000;0.619378;0.805871;0.796342;0.800837;0.000100
5;6325.000000;6325.000000;0.153970;0.153970;0.932952;0.932891;0.932922;0.949269;0.738670;0.716328;0.722569;0.719448;621.000000;0.939825;0.721429;0.721475;0.721406;0.721440;312.000000;0.958712;0.755910;0.711180;0.723732;0.717456;621.000000;0.939825;0.721429;0.721475;0.721406;312.000000;0.958712;0.755910;0.711180;0.723732;0.686133;0.794678;0.792236;0.792461;0.792348;827.000000;0.762810;0.758601;0.765696;0.760457;0.763077;537.000000;0.609457;0.830755;0.818777;0.824464;0.821620;827.000000;0.762810;0.758601;0.765696;0.760457;537.000000;0.609457;0.830755;0.818777;0.824464;0.679184;0.789715;0.781018;0.784358;0.782688;710.000000;0.816352;0.744350;0.748249;0.745194;0.746722;498.000000;0.542016;0.835079;0.813786;0.823522;0.818654;710.000000;0.816352;0.744350;0.748249;0.745194;498.000000;0.542016;0.835079;0.813786;0.823522;0.690966;0.792239;0.790919;0.790671;0.790795;654.000000;0.807491;0.747310;0.753022;0.748531;0.750776;360.000000;0.574440;0.837168;0.828816;0.832811;0.830813;654.000000;0.807491;0.747310;0.753022;0.748531;360.000000;0.574440;0.837168;0.828816;0.832811;0.000100
6;6325.000000;6325.000000;0.141476;0.141476;0.941454;0.943636;0.942510;0.891862;0.698766;0.669736;0.673360;0.671548;621.000000;0.906098;0.663234;0.656863;0.652467;0.654665;312.000000;0.877626;0.734298;0.682609;0.694254;0.688431;621.000000;0.906098;0.663234;0.656863;0.652467;312.000000;0.877626;0.734298;0.682609;0.694254;0.547327;0.781061;0.765231;0.772098;0.768664;827.000000;0.624971;0.732831;0.733051;0.732940;0.732996;537.000000;0.469684;0.829291;0.797411;0.811255;0.804333;827.000000;0.624971;0.732831;0.733051;0.732940;537.000000;0.469684;0.829291;0.797411;0.811255;0.525279;0.788708;0.769044;0.777348;0.773196;710.000000;0.608879;0.752177;0.747561;0.749295;0.748428;498.000000;0.441680;0.825239;0.790526;0.805402;0.797964;710.000000;0.608879;0.752177;0.747561;0.749295;498.000000;0.441680;0.825239;0.790526;0.805402;0.578381;0.782874;0.769597;0.775348;0.772472;654.000000;0.600744;0.759537;0.756862;0.758044;0.757453;360.000000;0.556017;0.806211;0.782331;0.792651;0.787491;654.000000;0.600744;0.759537;0.756862;0.758044;360.000000;0.556017;0.806211;0.782331;0.792651;0.000100
7;6325.000000;6325.000000;0.121666;0.121666;0.955128;0.954741;0.954934;1.198739;0.719733;0.644949;0.637430;0.641190;621.000000;1.489194;0.663512;0.623576;0.596753;0.610165;312.000000;0.908283;0.775954;0.666322;0.678107;0.672214;621.000000;1.489194;0.663512;0.623576;0.596753;312.000000;0.908283;0.775954;0.666322;0.678107;0.804042;0.778706;0.732543;0.732741;0.732642;827.000000;1.078087;0.745966;0.660017;0.657317;0.658667;537.000000;0.529997;0.811446;0.805070;0.808164;0.806617;827.000000;1.078087;0.745966;0.660017;0.657317;537.000000;0.529997;0.811446;0.805070;0.808164;0.847163;0.766591;0.724496;0.721735;0.723116;710.000000;1.190166;0.724077;0.648614;0.638900;0.643757;498.000000;0.504160;0.809106;0.800379;0.804569;0.802474;710.000000;1.190166;0.724077;0.648614;0.638900;498.000000;0.504160;0.809106;0.800379;0.804569;0.897746;0.754604;0.715876;0.713959;0.714917;654.000000;1.141810;0.732670;0.656895;0.652229;0.654562;360.000000;0.653682;0.776538;0.774858;0.775688;0.775273;654.000000;1.141810;0.732670;0.656895;0.652229;360.000000;0.653682;0.776538;0.774858;0.775688;0.000100

EXPERIMENT: multitask_audio_mamba_2026-08-18_07-54_audio_mamba_segment_model_wsm_audio_ssl-1669-016_d201b6c8
CONFIG: wsm_audio_ssl-1669-016.yaml
seed: 42
experiment_info:
  params:
    experiment_name: wsm_audio_segment
    run_name: multitask_audio_mamba
data:
  name: wsm_audio_segment_datamodule
  params:
    data_root: /media/maxim/Databases/WSM_NEW
    task: multitask
    feature_cache_root: /media/maxim/Databases/WSM_NEW/features
    test_filters:
    - none
    - soft
    - hard
    feature_model_name: facebook/wav2vec2-large-robust
    feature_layer: 14
    temporal_pool: 4
    batch_size: 8
    num_workers: 4
    pin_memory: true
    persistent_workers: true
model:
  name: audio_mamba_segment_model
  params:
    hidden_dim: 192
    num_layers: 3
    num_heads: 4
    ff_mult: 4
    dropout: 0.2
    encoder_type: mamba
    sequence_steps: 128
    mamba_d_state: 16
    mamba_d_conv: 4
    mamba_expand: 2
    mamba_required: true
loss:
  name: wsm_audio_loss
  params:
    label_smoothing: 0.02
    focal_gamma: 1.0
    aux_weight: 0.15
optimizer:
  name: adamw_optimizer
  params:
    lr: 0.0001
    weight_decay: 0.01
train:
  params:
    epochs: 30
    device: cuda
    mixed_precision: true
    grad_clip_norm: 0.5
    log_every_steps: 25
    collect_cache: true
metrics:
- name: prf_macro_metric
callbacks:
- name: wsm_audio_metrics_callback
  params:
    splits:
    - auto
- name: checkpoint_callback
  params:
    log_path: logs
    filename_template: epoch={epoch}_{monitor}={value:.4f}.pt
    monitor: dev/mean_score
    mode: max
    save_top_k: 2
    save_last: true
- name: snapshot_callback
  params:
    log_path: logs
    include:
    - src
    save_code_zip: true
    save_config: true
- name: wsm_summary_callback
  params:
    filename: summary.txt
- name: early_stopping_callback
  params:
    monitor: dev/mean_score
    mode: max
    patience: 6
    min_delta: 0.0005
logging:
- name: console_file_logger
  params:
    log_path: logs
    log_file: train.log
    console_level: INFO
    file_level: INFO
- name: mlflow_logger
  params:
    tracking_uri: sqlite:///logs/mlflow.db
RESULTS:
epoch;train/num_samples;train/train/num_samples;train/loss;train/train/loss;train/macro_precision;train/macro_recall;train/macro_f1;dev/mean_loss;dev/mean_macro_precision;dev/mean_macro_recall;dev/mean_macro_f1;dev/mean_score;dev/depression/num_samples;dev/depression/loss;dev/depression/macro_precision;dev/depression/macro_recall;dev/depression/macro_f1;dev/depression/score;dev/parkinson/num_samples;dev/parkinson/loss;dev/parkinson/macro_precision;dev/parkinson/macro_recall;dev/parkinson/macro_f1;dev/parkinson/score;dev_depression/num_samples;dev_depression/loss;dev_depression/macro_precision;dev_depression/macro_recall;dev_depression/macro_f1;dev_parkinson/num_samples;dev_parkinson/loss;dev_parkinson/macro_precision;dev_parkinson/macro_recall;dev_parkinson/macro_f1;test_none/mean_loss;test_none/mean_macro_precision;test_none/mean_macro_recall;test_none/mean_macro_f1;test_none/mean_score;test_none/depression/num_samples;test_none/depression/loss;test_none/depression/macro_precision;test_none/depression/macro_recall;test_none/depression/macro_f1;test_none/depression/score;test_none/parkinson/num_samples;test_none/parkinson/loss;test_none/parkinson/macro_precision;test_none/parkinson/macro_recall;test_none/parkinson/macro_f1;test_none/parkinson/score;test_none_depression/num_samples;test_none_depression/loss;test_none_depression/macro_precision;test_none_depression/macro_recall;test_none_depression/macro_f1;test_none_parkinson/num_samples;test_none_parkinson/loss;test_none_parkinson/macro_precision;test_none_parkinson/macro_recall;test_none_parkinson/macro_f1;test_soft/mean_loss;test_soft/mean_macro_precision;test_soft/mean_macro_recall;test_soft/mean_macro_f1;test_soft/mean_score;test_soft/depression/num_samples;test_soft/depression/loss;test_soft/depression/macro_precision;test_soft/depression/macro_recall;test_soft/depression/macro_f1;test_soft/depression/score;test_soft/parkinson/num_samples;test_soft/parkinson/loss;test_soft/parkinson/macro_precision;test_soft/parkinson/macro_recall;test_soft/parkinson/macro_f1;test_soft/parkinson/score;test_soft_depression/num_samples;test_soft_depression/loss;test_soft_depression/macro_precision;test_soft_depression/macro_recall;test_soft_depression/macro_f1;test_soft_parkinson/num_samples;test_soft_parkinson/loss;test_soft_parkinson/macro_precision;test_soft_parkinson/macro_recall;test_soft_parkinson/macro_f1;test_hard/mean_loss;test_hard/mean_macro_precision;test_hard/mean_macro_recall;test_hard/mean_macro_f1;test_hard/mean_score;test_hard/depression/num_samples;test_hard/depression/loss;test_hard/depression/macro_precision;test_hard/depression/macro_recall;test_hard/depression/macro_f1;test_hard/depression/score;test_hard/parkinson/num_samples;test_hard/parkinson/loss;test_hard/parkinson/macro_precision;test_hard/parkinson/macro_recall;test_hard/parkinson/macro_f1;test_hard/parkinson/score;test_hard_depression/num_samples;test_hard_depression/loss;test_hard_depression/macro_precision;test_hard_depression/macro_recall;test_hard_depression/macro_f1;test_hard_parkinson/num_samples;test_hard_parkinson/loss;test_hard_parkinson/macro_precision;test_hard_parkinson/macro_recall;test_hard_parkinson/macro_f1;lr/group
1;6325.000000;6325.000000;0.314088;0.314088;0.727067;0.729135;0.728009;0.579332;0.741177;0.716398;0.722458;0.719428;621.000000;0.512119;0.740688;0.740663;0.740673;0.740668;312.000000;0.646546;0.741667;0.692133;0.704243;0.698188;621.000000;0.512119;0.740688;0.740663;0.740673;312.000000;0.646546;0.741667;0.692133;0.704243;0.440266;0.786204;0.785008;0.768274;0.776641;827.000000;0.518469;0.757924;0.752384;0.720514;0.736449;537.000000;0.362062;0.814483;0.817632;0.816035;0.816833;827.000000;0.518469;0.757924;0.752384;0.720514;537.000000;0.362062;0.814483;0.817632;0.816035;0.382032;0.799613;0.796846;0.786050;0.791448;710.000000;0.436189;0.786836;0.779579;0.758856;0.769217;498.000000;0.327874;0.812390;0.814113;0.813245;0.813679;710.000000;0.436189;0.786836;0.779579;0.758856;498.000000;0.327874;0.812390;0.814113;0.813245;0.385233;0.796848;0.805213;0.786847;0.796030;654.000000;0.440604;0.788672;0.784975;0.759871;0.772423;360.000000;0.329862;0.805023;0.825452;0.813823;0.819637;654.000000;0.440604;0.788672;0.784975;0.759871;360.000000;0.329862;0.805023;0.825452;0.813823;0.000100
2;6325.000000;6325.000000;0.238880;0.238880;0.847448;0.850213;0.848748;0.612756;0.773109;0.729258;0.736733;0.732995;621.000000;0.523677;0.750394;0.737535;0.735269;0.736402;312.000000;0.701835;0.795824;0.720980;0.738198;0.729589;621.000000;0.523677;0.750394;0.737535;0.735269;312.000000;0.701835;0.795824;0.720980;0.738198;0.541163;0.778420;0.744978;0.735488;0.740233;827.000000;0.726578;0.697950;0.682645;0.642680;0.662662;537.000000;0.355748;0.858889;0.807312;0.828297;0.817805;827.000000;0.726578;0.697950;0.682645;0.642680;537.000000;0.355748;0.858889;0.807312;0.828297;0.517570;0.792187;0.743308;0.735369;0.739338;710.000000;0.710325;0.723937;0.688221;0.648087;0.668154;498.000000;0.324814;0.860438;0.798396;0.822650;0.810523;710.000000;0.710325;0.723937;0.688221;0.648087;498.000000;0.324814;0.860438;0.798396;0.822650;0.526716;0.795697;0.754967;0.738406;0.746686;654.000000;0.711237;0.738650;0.697307;0.647764;0.672535;360.000000;0.342196;0.852743;0.812627;0.829048;0.820837;654.000000;0.711237;0.738650;0.697307;0.647764;360.000000;0.342196;0.852743;0.812627;0.829048;0.000100
3;6325.000000;6325.000000;0.209252;0.209252;0.887090;0.886981;0.887035;0.722802;0.734887;0.669062;0.670742;0.669902;621.000000;0.708193;0.683805;0.657516;0.646585;0.652051;312.000000;0.737411;0.785969;0.680607;0.694899;0.687753;621.000000;0.708193;0.683805;0.657516;0.646585;312.000000;0.737411;0.785969;0.680607;0.694899;0.503220;0.798926;0.711556;0.714223;0.712890;827.000000;0.617719;0.728964;0.723771;0.692668;0.708219;537.000000;0.388722;0.868887;0.699341;0.735778;0.717560;827.000000;0.617719;0.728964;0.723771;0.692668;537.000000;0.388722;0.868887;0.699341;0.735778;0.443916;0.826457;0.726849;0.733532;0.730191;710.000000;0.513457;0.774334;0.762295;0.738648;0.750472;498.000000;0.374375;0.878579;0.691402;0.728417;0.709909;710.000000;0.513457;0.774334;0.762295;0.738648;498.000000;0.374375;0.878579;0.691402;0.728417;0.461296;0.828856;0.739622;0.740968;0.740295;654.000000;0.515431;0.782677;0.772165;0.742648;0.757406;360.000000;0.407161;0.875035;0.707080;0.739288;0.723184;654.000000;0.515431;0.782677;0.772165;0.742648;360.000000;0.407161;0.875035;0.707080;0.739288;0.000100
4;6325.000000;6325.000000;0.182554;0.182554;0.911409;0.908957;0.910139;0.902816;0.776458;0.718443;0.726091;0.722267;621.000000;0.824452;0.735672;0.727638;0.724239;0.725939;312.000000;0.981179;0.817243;0.709248;0.727942;0.718595;621.000000;0.824452;0.735672;0.727638;0.724239;312.000000;0.981179;0.817243;0.709248;0.727942;0.685573;0.775741;0.711645;0.730136;0.720891;827.000000;0.780523;0.672995;0.673793;0.673367;0.673580;537.000000;0.590624;0.878487;0.749498;0.786905;0.768201;827.000000;0.780523;0.672995;0.673793;0.673367;537.000000;0.590624;0.878487;0.749498;0.786905;0.638839;0.789035;0.716442;0.736093;0.726267;710.000000;0.736784;0.695283;0.694961;0.695116;0.695038;498.000000;0.540894;0.882786;0.737923;0.777070;0.757496;710.000000;0.736784;0.695283;0.694961;0.695116;498.000000;0.540894;0.882786;0.737923;0.777070;0.637650;0.790496;0.729380;0.745303;0.737341;654.000000;0.704588;0.703566;0.706036;0.704509;0.705273;360.000000;0.570712;0.877426;0.752724;0.786096;0.769410;654.000000;0.704588;0.703566;0.706036;0.704509;360.000000;0.570712;0.877426;0.752724;0.786096;0.000100
5;6325.000000;6325.000000;0.146636;0.146636;0.937947;0.936693;0.937309;1.041479;0.747141;0.705489;0.711392;0.708440;621.000000;1.101703;0.680004;0.668534;0.661865;0.665200;312.000000;0.981254;0.814278;0.742443;0.760920;0.751681;621.000000;1.101703;0.680004;0.668534;0.661865;312.000000;0.981254;0.814278;0.742443;0.760920;0.758835;0.757011;0.741819;0.748385;0.745102;827.000000;0.906644;0.676510;0.671190;0.673054;0.672122;537.000000;0.611026;0.837512;0.812449;0.823717;0.818083;827.000000;0.906644;0.676510;0.671190;0.673054;537.000000;0.611026;0.837512;0.812449;0.823717;0.758501;0.752691;0.734252;0.741630;0.737941;710.000000;0.969711;0.661452;0.654827;0.656214;0.655520;498.000000;0.547291;0.843930;0.813677;0.827047;0.820362;710.000000;0.969711;0.661452;0.654827;0.656214;498.000000;0.547291;0.843930;0.813677;0.827047;0.799363;0.748107;0.734360;0.739989;0.737175;654.000000;0.965165;0.661865;0.655846;0.657535;0.656690;360.000000;0.633562;0.834348;0.812875;0.822443;0.817659;654.000000;0.965165;0.661865;0.655846;0.657535;360.000000;0.633562;0.834348;0.812875;0.822443;0.000100
6;6325.000000;6325.000000;0.122596;0.122596;0.951462;0.950756;0.951106;1.129806;0.741665;0.686248;0.690137;0.688193;621.000000;1.135556;0.695507;0.680019;0.672081;0.676050;312.000000;1.124055;0.787822;0.692478;0.708193;0.700335;621.000000;1.135556;0.695507;0.680019;0.672081;312.000000;1.124055;0.787822;0.692478;0.708193;0.749102;0.774532;0.718607;0.735570;0.727088;827.000000;0.903326;0.707902;0.686340;0.690482;0.688411;537.000000;0.594879;0.841162;0.750875;0.780657;0.765766;827.000000;0.903326;0.707902;0.686340;0.690482;537.000000;0.594879;0.841162;0.750875;0.780657;0.784825;0.768527;0.707568;0.724332;0.715950;710.000000;0.992047;0.690353;0.670128;0.671598;0.670863;498.000000;0.577603;0.846701;0.745008;0.777066;0.761037;710.000000;0.992047;0.690353;0.670128;0.671598;498.000000;0.577603;0.846701;0.745008;0.777066;0.845091;0.757188;0.698875;0.713542;0.706208;654.000000;0.984595;0.686979;0.666509;0.668957;0.667733;360.000000;0.705586;0.827398;0.731240;0.758126;0.744683;654.000000;0.984595;0.686979;0.666509;0.668957;360.000000;0.705586;0.827398;0.731240;0.758126;0.000100
7;6325.000000;6325.000000;0.103518;0.103518;0.961292;0.960834;0.961061;1.198154;0.741112;0.680855;0.688926;0.684890;621.000000;1.230454;0.662161;0.659570;0.657527;0.658549;312.000000;1.165853;0.820063;0.702139;0.720324;0.711232;621.000000;1.230454;0.662161;0.659570;0.657527;312.000000;1.165853;0.820063;0.702139;0.720324;1.027735;0.700156;0.658600;0.667666;0.663133;827.000000;1.110797;0.643112;0.647655;0.643136;0.645395;537.000000;0.944672;0.757199;0.669545;0.692196;0.680870;827.000000;1.110797;0.643112;0.647655;0.643136;537.000000;0.944672;0.757199;0.669545;0.692196;1.013645;0.699960;0.655110;0.663940;0.659525;710.000000;1.066347;0.660376;0.663246;0.660356;0.661801;498.000000;0.960944;0.739545;0.646974;0.667524;0.657249;710.000000;1.066347;0.660376;0.663246;0.660356;498.000000;0.960944;0.739545;0.646974;0.667524;1.124981;0.687102;0.651510;0.655566;0.653538;654.000000;1.048271;0.668867;0.673314;0.668768;0.671041;360.000000;1.201692;0.705338;0.629707;0.642364;0.636035;654.000000;1.048271;0.668867;0.673314;0.668768;360.000000;1.201692;0.705338;0.629707;0.642364;0.000100
8;6325.000000;6325.000000;0.099619;0.099619;0.965958;0.966155;0.966056;1.148728;0.773393;0.693558;0.699195;0.696376;621.000000;1.063496;0.718478;0.715826;0.714309;0.715068;312.000000;1.233959;0.828307;0.671291;0.684080;0.677685;621.000000;1.063496;0.718478;0.715826;0.714309;312.000000;1.233959;0.828307;0.671291;0.684080;0.980133;0.756560;0.658117;0.670113;0.664115;827.000000;1.076292;0.699569;0.687037;0.690397;0.688717;537.000000;0.883974;0.813550;0.629197;0.649829;0.639513;827.000000;1.076292;0.699569;0.687037;0.690397;537.000000;0.883974;0.813550;0.629197;0.649829;0.979392;0.765498;0.658113;0.667630;0.662872;710.000000;1.063578;0.713897;0.701255;0.703859;0.702557;498.000000;0.895206;0.817100;0.614972;0.631401;0.623186;710.000000;1.063578;0.713897;0.701255;0.703859;498.000000;0.895206;0.817100;0.614972;0.631401;1.067057;0.750156;0.656328;0.659645;0.657986;654.000000;1.030556;0.721586;0.710377;0.713553;0.711965;360.000000;1.103558;0.778727;0.602278;0.605737;0.604008;654.000000;1.030556;0.721586;0.710377;0.713553;360.000000;1.103558;0.778727;0.602278;0.605737;0.000100

EXPERIMENT: multitask_audio_mamba_2026-08-18_08-14_audio_mamba_segment_model_wsm_audio_ssl-1669-017_1f066b85
CONFIG: wsm_audio_ssl-1669-017.yaml
seed: 42
experiment_info:
  params:
    experiment_name: wsm_audio_segment
    run_name: multitask_audio_mamba
data:
  name: wsm_audio_segment_datamodule
  params:
    data_root: /media/maxim/Databases/WSM_NEW
    task: multitask
    feature_cache_root: /media/maxim/Databases/WSM_NEW/features
    test_filters:
    - none
    - soft
    - hard
    feature_model_name: facebook/data2vec-audio-large-960h
    feature_layer: 10
    temporal_pool: 4
    batch_size: 8
    num_workers: 4
    pin_memory: true
    persistent_workers: true
model:
  name: audio_mamba_segment_model
  params:
    hidden_dim: 192
    num_layers: 3
    num_heads: 4
    ff_mult: 4
    dropout: 0.2
    encoder_type: mamba
    sequence_steps: 128
    mamba_d_state: 16
    mamba_d_conv: 4
    mamba_expand: 2
    mamba_required: true
loss:
  name: wsm_audio_loss
  params:
    label_smoothing: 0.02
    focal_gamma: 1.0
    aux_weight: 0.15
optimizer:
  name: adamw_optimizer
  params:
    lr: 0.0001
    weight_decay: 0.01
train:
  params:
    epochs: 30
    device: cuda
    mixed_precision: true
    grad_clip_norm: 0.5
    log_every_steps: 25
    collect_cache: true
metrics:
- name: prf_macro_metric
callbacks:
- name: wsm_audio_metrics_callback
  params:
    splits:
    - auto
- name: checkpoint_callback
  params:
    log_path: logs
    filename_template: epoch={epoch}_{monitor}={value:.4f}.pt
    monitor: dev/mean_score
    mode: max
    save_top_k: 2
    save_last: true
- name: snapshot_callback
  params:
    log_path: logs
    include:
    - src
    save_code_zip: true
    save_config: true
- name: wsm_summary_callback
  params:
    filename: summary.txt
- name: early_stopping_callback
  params:
    monitor: dev/mean_score
    mode: max
    patience: 6
    min_delta: 0.0005
logging:
- name: console_file_logger
  params:
    log_path: logs
    log_file: train.log
    console_level: INFO
    file_level: INFO
- name: mlflow_logger
  params:
    tracking_uri: sqlite:///logs/mlflow.db
RESULTS:
epoch;train/num_samples;train/train/num_samples;train/loss;train/train/loss;train/macro_precision;train/macro_recall;train/macro_f1;dev/mean_loss;dev/mean_macro_precision;dev/mean_macro_recall;dev/mean_macro_f1;dev/mean_score;dev/depression/num_samples;dev/depression/loss;dev/depression/macro_precision;dev/depression/macro_recall;dev/depression/macro_f1;dev/depression/score;dev/parkinson/num_samples;dev/parkinson/loss;dev/parkinson/macro_precision;dev/parkinson/macro_recall;dev/parkinson/macro_f1;dev/parkinson/score;dev_depression/num_samples;dev_depression/loss;dev_depression/macro_precision;dev_depression/macro_recall;dev_depression/macro_f1;dev_parkinson/num_samples;dev_parkinson/loss;dev_parkinson/macro_precision;dev_parkinson/macro_recall;dev_parkinson/macro_f1;test_none/mean_loss;test_none/mean_macro_precision;test_none/mean_macro_recall;test_none/mean_macro_f1;test_none/mean_score;test_none/depression/num_samples;test_none/depression/loss;test_none/depression/macro_precision;test_none/depression/macro_recall;test_none/depression/macro_f1;test_none/depression/score;test_none/parkinson/num_samples;test_none/parkinson/loss;test_none/parkinson/macro_precision;test_none/parkinson/macro_recall;test_none/parkinson/macro_f1;test_none/parkinson/score;test_none_depression/num_samples;test_none_depression/loss;test_none_depression/macro_precision;test_none_depression/macro_recall;test_none_depression/macro_f1;test_none_parkinson/num_samples;test_none_parkinson/loss;test_none_parkinson/macro_precision;test_none_parkinson/macro_recall;test_none_parkinson/macro_f1;test_soft/mean_loss;test_soft/mean_macro_precision;test_soft/mean_macro_recall;test_soft/mean_macro_f1;test_soft/mean_score;test_soft/depression/num_samples;test_soft/depression/loss;test_soft/depression/macro_precision;test_soft/depression/macro_recall;test_soft/depression/macro_f1;test_soft/depression/score;test_soft/parkinson/num_samples;test_soft/parkinson/loss;test_soft/parkinson/macro_precision;test_soft/parkinson/macro_recall;test_soft/parkinson/macro_f1;test_soft/parkinson/score;test_soft_depression/num_samples;test_soft_depression/loss;test_soft_depression/macro_precision;test_soft_depression/macro_recall;test_soft_depression/macro_f1;test_soft_parkinson/num_samples;test_soft_parkinson/loss;test_soft_parkinson/macro_precision;test_soft_parkinson/macro_recall;test_soft_parkinson/macro_f1;test_hard/mean_loss;test_hard/mean_macro_precision;test_hard/mean_macro_recall;test_hard/mean_macro_f1;test_hard/mean_score;test_hard/depression/num_samples;test_hard/depression/loss;test_hard/depression/macro_precision;test_hard/depression/macro_recall;test_hard/depression/macro_f1;test_hard/depression/score;test_hard/parkinson/num_samples;test_hard/parkinson/loss;test_hard/parkinson/macro_precision;test_hard/parkinson/macro_recall;test_hard/parkinson/macro_f1;test_hard/parkinson/score;test_hard_depression/num_samples;test_hard_depression/loss;test_hard_depression/macro_precision;test_hard_depression/macro_recall;test_hard_depression/macro_f1;test_hard_parkinson/num_samples;test_hard_parkinson/loss;test_hard_parkinson/macro_precision;test_hard_parkinson/macro_recall;test_hard_parkinson/macro_f1;lr/group
1;6325.000000;6325.000000;0.360407;0.360407;0.627622;0.630242;0.628470;0.357577;0.732720;0.703735;0.688978;0.696356;621.000000;0.383164;0.745407;0.675724;0.653589;0.664656;312.000000;0.331991;0.720033;0.731746;0.724366;0.728056;621.000000;0.383164;0.745407;0.675724;0.653589;312.000000;0.331991;0.720033;0.731746;0.724366;0.412671;0.691784;0.686421;0.630834;0.658628;827.000000;0.455806;0.690081;0.633227;0.558452;0.595839;537.000000;0.369535;0.693487;0.739615;0.703217;0.721416;827.000000;0.455806;0.690081;0.633227;0.558452;537.000000;0.369535;0.693487;0.739615;0.703217;0.383005;0.704898;0.691965;0.635935;0.663950;710.000000;0.431127;0.711876;0.634649;0.564340;0.599495;498.000000;0.334883;0.697920;0.749281;0.707531;0.728406;710.000000;0.431127;0.711876;0.634649;0.564340;498.000000;0.334883;0.697920;0.749281;0.707531;0.369289;0.739990;0.721171;0.664175;0.692673;654.000000;0.430854;0.726750;0.643421;0.564872;0.604147;360.000000;0.307723;0.753230;0.798922;0.763477;0.781200;654.000000;0.430854;0.726750;0.643421;0.564872;360.000000;0.307723;0.753230;0.798922;0.763477;0.000100
2;6325.000000;6325.000000;0.270300;0.270300;0.787799;0.793739;0.790167;0.440553;0.787220;0.722545;0.729111;0.725828;621.000000;0.300613;0.771550;0.771522;0.771336;0.771429;312.000000;0.580493;0.802890;0.673568;0.686887;0.680227;621.000000;0.300613;0.771550;0.771522;0.771336;312.000000;0.580493;0.802890;0.673568;0.686887;0.323779;0.816361;0.758192;0.775539;0.766865;827.000000;0.276816;0.764150;0.765602;0.764832;0.765217;537.000000;0.370742;0.868572;0.750782;0.786246;0.768514;827.000000;0.276816;0.764150;0.765602;0.764832;537.000000;0.370742;0.868572;0.750782;0.786246;0.298529;0.834546;0.770366;0.789626;0.779996;710.000000;0.265144;0.784606;0.783647;0.784100;0.783874;498.000000;0.331913;0.884487;0.757085;0.795151;0.776118;710.000000;0.265144;0.784606;0.783647;0.784100;498.000000;0.331913;0.884487;0.757085;0.795151;0.301546;0.841471;0.788530;0.804038;0.796284;654.000000;0.247785;0.804636;0.806466;0.805479;0.805972;360.000000;0.355307;0.878307;0.770595;0.802597;0.786596;654.000000;0.247785;0.804636;0.806466;0.805479;360.000000;0.355307;0.878307;0.770595;0.802597;0.000100
3;6325.000000;6325.000000;0.225128;0.225128;0.835385;0.841170;0.837850;0.423326;0.787142;0.711766;0.719513;0.715639;621.000000;0.326265;0.738579;0.737955;0.737422;0.737689;312.000000;0.520388;0.835705;0.685576;0.701603;0.693590;621.000000;0.326265;0.738579;0.737955;0.737422;312.000000;0.520388;0.835705;0.685576;0.701603;0.313845;0.818726;0.763174;0.780082;0.771628;827.000000;0.274442;0.765460;0.768047;0.766607;0.767327;537.000000;0.353248;0.871991;0.758300;0.793557;0.775929;827.000000;0.274442;0.765460;0.768047;0.766607;537.000000;0.353248;0.871991;0.758300;0.793557;0.289812;0.825018;0.764768;0.783317;0.774042;710.000000;0.271951;0.770128;0.769682;0.769899;0.769791;498.000000;0.307672;0.879908;0.759854;0.796735;0.778294;710.000000;0.271951;0.770128;0.769682;0.769899;498.000000;0.307672;0.879908;0.759854;0.796735;0.308726;0.824194;0.771707;0.787201;0.779454;654.000000;0.262037;0.779700;0.779700;0.779700;0.779700;360.000000;0.355415;0.868687;0.763714;0.794701;0.779208;654.000000;0.262037;0.779700;0.779700;0.779700;360.000000;0.355415;0.868687;0.763714;0.794701;0.000100
4;6325.000000;6325.000000;0.200593;0.200593;0.867350;0.868969;0.868134;0.417134;0.799658;0.752826;0.762733;0.757780;621.000000;0.383988;0.750353;0.739262;0.737404;0.738333;312.000000;0.450280;0.848963;0.766391;0.788062;0.777227;621.000000;0.383988;0.750353;0.739262;0.737404;312.000000;0.450280;0.848963;0.766391;0.788062;0.377414;0.774495;0.756594;0.754487;0.755540;827.000000;0.386533;0.716766;0.720820;0.699889;0.710354;537.000000;0.368295;0.832223;0.792368;0.809086;0.800727;827.000000;0.386533;0.716766;0.720820;0.699889;537.000000;0.368295;0.832223;0.792368;0.809086;0.343674;0.783188;0.762804;0.763410;0.763107;710.000000;0.366875;0.733415;0.732423;0.716887;0.724655;498.000000;0.320473;0.832962;0.793185;0.809932;0.801559;710.000000;0.366875;0.733415;0.732423;0.716887;498.000000;0.320473;0.832962;0.793185;0.809932;0.364367;0.790132;0.769145;0.768190;0.768667;654.000000;0.356805;0.740774;0.742445;0.723210;0.732827;360.000000;0.371929;0.839489;0.795845;0.813170;0.804507;654.000000;0.356805;0.740774;0.742445;0.723210;360.000000;0.371929;0.839489;0.795845;0.813170;0.000100
5;6325.000000;6325.000000;0.182986;0.182986;0.893808;0.894360;0.894081;0.759371;0.798995;0.703187;0.706578;0.704882;621.000000;0.709645;0.732474;0.696919;0.682782;0.689850;312.000000;0.809096;0.865516;0.709455;0.730375;0.719915;621.000000;0.709645;0.732474;0.696919;0.682782;312.000000;0.809096;0.865516;0.709455;0.730375;0.551823;0.833875;0.723242;0.745790;0.734516;827.000000;0.567886;0.773440;0.700792;0.705602;0.703197;537.000000;0.535760;0.894310;0.745692;0.785978;0.765835;827.000000;0.567886;0.773440;0.700792;0.705602;537.000000;0.535760;0.894310;0.745692;0.785978;0.518349;0.849779;0.729102;0.750905;0.740003;710.000000;0.554393;0.794632;0.716292;0.717559;0.716926;498.000000;0.482304;0.904926;0.741912;0.784250;0.763081;710.000000;0.554393;0.794632;0.716292;0.717559;498.000000;0.482304;0.904926;0.741912;0.784250;0.543244;0.847486;0.735643;0.756004;0.745823;654.000000;0.522457;0.804450;0.724602;0.729878;0.727240;360.000000;0.564032;0.890523;0.746684;0.782130;0.764407;654.000000;0.522457;0.804450;0.724602;0.729878;360.000000;0.564032;0.890523;0.746684;0.782130;0.000100
6;6325.000000;6325.000000;0.161344;0.161344;0.914902;0.916112;0.915495;0.424300;0.803435;0.773071;0.782774;0.777923;621.000000;0.501477;0.744036;0.744071;0.743959;0.744015;312.000000;0.347124;0.862835;0.802070;0.821590;0.811830;621.000000;0.501477;0.744036;0.744071;0.743959;312.000000;0.347124;0.862835;0.802070;0.821590;0.546832;0.712219;0.711466;0.711813;0.711640;827.000000;0.604280;0.679317;0.680303;0.679772;0.680037;537.000000;0.489384;0.745121;0.742630;0.743855;0.743243;827.000000;0.604280;0.679317;0.680303;0.679772;537.000000;0.489384;0.745121;0.742630;0.743855;0.522216;0.722994;0.721978;0.722472;0.722225;710.000000;0.575268;0.703864;0.703177;0.703497;0.703337;498.000000;0.469165;0.742125;0.740779;0.741446;0.741112;710.000000;0.575268;0.703864;0.703177;0.703497;498.000000;0.469165;0.742125;0.740779;0.741446;0.504930;0.753233;0.746742;0.749590;0.748166;654.000000;0.530825;0.717170;0.718875;0.717909;0.718392;360.000000;0.479034;0.789296;0.774609;0.781271;0.777940;654.000000;0.530825;0.717170;0.718875;0.717909;360.000000;0.479034;0.789296;0.774609;0.781271;0.000100
7;6325.000000;6325.000000;0.129280;0.129280;0.939188;0.938500;0.938841;0.763171;0.801815;0.758276;0.769942;0.764109;621.000000;0.807998;0.735861;0.735808;0.735827;0.735817;312.000000;0.718344;0.867768;0.780745;0.804058;0.792402;621.000000;0.807998;0.735861;0.735808;0.735827;312.000000;0.718344;0.867768;0.780745;0.804058;0.730641;0.753357;0.727915;0.737754;0.732834;827.000000;0.875789;0.683299;0.684780;0.683953;0.684367;537.000000;0.585493;0.823414;0.771049;0.791555;0.781302;827.000000;0.875789;0.683299;0.684780;0.683953;537.000000;0.585493;0.823414;0.771049;0.791555;0.705713;0.765301;0.734975;0.746597;0.740786;710.000000;0.831182;0.705234;0.702793;0.703764;0.703278;498.000000;0.580244;0.825368;0.767156;0.789429;0.778293;710.000000;0.831182;0.705234;0.702793;0.703764;498.000000;0.580244;0.825368;0.767156;0.789429;0.724332;0.775732;0.741588;0.753475;0.747532;654.000000;0.789141;0.711935;0.711243;0.711573;0.711408;360.000000;0.659523;0.839530;0.771933;0.795377;0.783655;654.000000;0.789141;0.711935;0.711243;0.711573;360.000000;0.659523;0.839530;0.771933;0.795377;0.000100
8;6325.000000;6325.000000;0.106375;0.106375;0.958012;0.956767;0.957380;0.916433;0.797649;0.734005;0.744189;0.739097;621.000000;1.037708;0.715536;0.703828;0.698478;0.701153;312.000000;0.795157;0.879762;0.764182;0.789899;0.777041;621.000000;1.037708;0.715536;0.703828;0.698478;312.000000;0.795157;0.879762;0.764182;0.789899;0.762861;0.795608;0.733842;0.752173;0.743007;827.000000;0.903628;0.727865;0.698058;0.703083;0.700571;537.000000;0.622093;0.863350;0.769625;0.801263;0.785444;827.000000;0.903628;0.727865;0.698058;0.703083;537.000000;0.622093;0.863350;0.769625;0.801263;0.760947;0.805630;0.732819;0.751984;0.742401;710.000000;0.924830;0.735635;0.703016;0.705684;0.704350;498.000000;0.597064;0.875624;0.762622;0.798284;0.780453;710.000000;0.924830;0.735635;0.703016;0.705684;498.000000;0.597064;0.875624;0.762622;0.798284;0.760526;0.809976;0.744553;0.762121;0.753337;654.000000;0.879933;0.744411;0.710540;0.715252;0.712896;360.000000;0.641119;0.875541;0.778566;0.808990;0.793778;654.000000;0.879933;0.744411;0.710540;0.715252;360.000000;0.641119;0.875541;0.778566;0.808990;0.000100
9;6325.000000;6325.000000;0.096513;0.096513;0.963912;0.964238;0.964074;0.885422;0.790532;0.735278;0.746206;0.740742;621.000000;0.924850;0.719658;0.715966;0.714015;0.714991;312.000000;0.845995;0.861407;0.754589;0.778397;0.766493;621.000000;0.924850;0.719658;0.715966;0.714015;312.000000;0.845995;0.861407;0.754589;0.778397;0.786862;0.779408;0.719204;0.737014;0.728109;827.000000;0.809882;0.714238;0.706377;0.709112;0.707744;537.000000;0.763841;0.844577;0.732031;0.764917;0.748474;827.000000;0.809882;0.714238;0.706377;0.709112;537.000000;0.763841;0.844577;0.732031;0.764917;0.761840;0.791088;0.721618;0.740260;0.730939;710.000000;0.757814;0.736478;0.720158;0.723439;0.721798;498.000000;0.765866;0.845698;0.723077;0.757081;0.740079;710.000000;0.757814;0.736478;0.720158;0.723439;498.000000;0.765866;0.845698;0.723077;0.757081;0.826116;0.790945;0.722558;0.739378;0.730968;654.000000;0.726212;0.740490;0.722937;0.727197;0.725067;360.000000;0.926021;0.841400;0.722180;0.751558;0.736869;654.000000;0.726212;0.740490;0.722937;0.727197;360.000000;0.926021;0.841400;0.722180;0.751558;0.000100
10;6325.000000;6325.000000;0.067547;0.067547;0.975706;0.973226;0.974430;1.040602;0.769350;0.736522;0.746321;0.741421;621.000000;1.121735;0.692401;0.692437;0.692403;0.692420;312.000000;0.959469;0.846298;0.780607;0.800239;0.790423;621.000000;1.121735;0.692401;0.692437;0.692403;312.000000;0.959469;0.846298;0.780607;0.800239;0.833580;0.771726;0.748217;0.757781;0.752999;827.000000;1.004055;0.694288;0.695356;0.694782;0.695069;537.000000;0.663106;0.849165;0.801078;0.820780;0.810929;827.000000;1.004055;0.694288;0.695356;0.694782;537.000000;0.663106;0.849165;0.801078;0.820780;0.816739;0.784172;0.755417;0.766895;0.761156;710.000000;0.972428;0.716820;0.715098;0.715838;0.715468;498.000000;0.661050;0.851524;0.795736;0.817952;0.806844;710.000000;0.972428;0.716820;0.715098;0.715838;498.000000;0.661050;0.851524;0.795736;0.817952;0.820766;0.797668;0.767794;0.779160;0.773477;654.000000;0.920389;0.726133;0.725141;0.725608;0.725374;360.000000;0.721143;0.869203;0.810448;0.832712;0.821580;654.000000;0.920389;0.726133;0.725141;0.725608;360.000000;0.721143;0.869203;0.810448;0.832712;0.000100
11;6325.000000;6325.000000;0.066455;0.066455;0.977340;0.976250;0.976788;1.190438;0.784562;0.760957;0.768982;0.764970;621.000000;1.344526;0.729458;0.729505;0.729451;0.729478;312.000000;1.036349;0.839667;0.792409;0.808514;0.800461;621.000000;1.344526;0.729458;0.729505;0.729451;312.000000;1.036349;0.839667;0.792409;0.808514;1.091873;0.755318;0.752558;0.753766;0.753162;827.000000;1.271021;0.727836;0.723747;0.725452;0.724600;537.000000;0.912725;0.782800;0.781369;0.782079;0.781724;827.000000;1.271021;0.727836;0.723747;0.725452;537.000000;0.912725;0.782800;0.781369;0.782079;1.092053;0.760049;0.755791;0.757300;0.756546;710.000000;1.274631;0.739764;0.732807;0.735051;0.733929;498.000000;0.909475;0.780334;0.778776;0.779548;0.779162;710.000000;1.274631;0.739764;0.732807;0.735051;498.000000;0.909475;0.780334;0.778776;0.779548;1.072843;0.776763;0.768720;0.772185;0.770452;654.000000;1.210606;0.747655;0.741098;0.743533;0.742315;360.000000;0.935080;0.805871;0.796342;0.800837;0.798589;654.000000;1.210606;0.747655;0.741098;0.743533;360.000000;0.935080;0.805871;0.796342;0.800837;0.000100
12;6325.000000;6325.000000;0.062054;0.062054;0.978075;0.978209;0.978142;1.274197;0.774907;0.722055;0.729160;0.725607;621.000000;1.651295;0.696340;0.680065;0.671790;0.675928;312.000000;0.897098;0.853474;0.764044;0.786530;0.775287;621.000000;1.651295;0.696340;0.680065;0.671790;312.000000;0.897098;0.853474;0.764044;0.786530;1.033586;0.793339;0.732906;0.750388;0.741647;827.000000;1.357828;0.732997;0.698662;0.703842;0.701252;537.000000;0.709345;0.853681;0.767150;0.796933;0.782041;827.000000;1.357828;0.732997;0.698662;0.703842;537.000000;0.709345;0.853681;0.767150;0.796933;1.056148;0.799354;0.732224;0.749345;0.740784;710.000000;1.400397;0.745748;0.707144;0.709828;0.708486;498.000000;0.711899;0.852961;0.757303;0.788862;0.773082;710.000000;1.400397;0.745748;0.707144;0.709828;498.000000;0.711899;0.852961;0.757303;0.788862;1.082266;0.808275;0.742518;0.759491;0.751004;654.000000;1.320812;0.759562;0.720232;0.725584;0.722908;360.000000;0.843720;0.856988;0.764804;0.793397;0.779100;654.000000;1.320812;0.759562;0.720232;0.725584;360.000000;0.843720;0.856988;0.764804;0.793397;0.000100

EXPERIMENT: multitask_audio_mamba_2026-08-18_08-40_audio_mamba_segment_model_wsm_audio_ssl-1669-018_803a1a4e
CONFIG: wsm_audio_ssl-1669-018.yaml
seed: 42
experiment_info:
  params:
    experiment_name: wsm_audio_segment
    run_name: multitask_audio_mamba
data:
  name: wsm_audio_segment_datamodule
  params:
    data_root: /media/maxim/Databases/WSM_NEW
    task: multitask
    feature_cache_root: /media/maxim/Databases/WSM_NEW/features
    test_filters:
    - none
    - soft
    - hard
    feature_model_name: facebook/data2vec-audio-large-960h
    feature_layer: 12
    temporal_pool: 4
    batch_size: 8
    num_workers: 4
    pin_memory: true
    persistent_workers: true
model:
  name: audio_mamba_segment_model
  params:
    hidden_dim: 192
    num_layers: 3
    num_heads: 4
    ff_mult: 4
    dropout: 0.2
    encoder_type: mamba
    sequence_steps: 128
    mamba_d_state: 16
    mamba_d_conv: 4
    mamba_expand: 2
    mamba_required: true
loss:
  name: wsm_audio_loss
  params:
    label_smoothing: 0.02
    focal_gamma: 1.0
    aux_weight: 0.15
optimizer:
  name: adamw_optimizer
  params:
    lr: 0.0001
    weight_decay: 0.01
train:
  params:
    epochs: 30
    device: cuda
    mixed_precision: true
    grad_clip_norm: 0.5
    log_every_steps: 25
    collect_cache: true
metrics:
- name: prf_macro_metric
callbacks:
- name: wsm_audio_metrics_callback
  params:
    splits:
    - auto
- name: checkpoint_callback
  params:
    log_path: logs
    filename_template: epoch={epoch}_{monitor}={value:.4f}.pt
    monitor: dev/mean_score
    mode: max
    save_top_k: 2
    save_last: true
- name: snapshot_callback
  params:
    log_path: logs
    include:
    - src
    save_code_zip: true
    save_config: true
- name: wsm_summary_callback
  params:
    filename: summary.txt
- name: early_stopping_callback
  params:
    monitor: dev/mean_score
    mode: max
    patience: 6
    min_delta: 0.0005
logging:
- name: console_file_logger
  params:
    log_path: logs
    log_file: train.log
    console_level: INFO
    file_level: INFO
- name: mlflow_logger
  params:
    tracking_uri: sqlite:///logs/mlflow.db
RESULTS:
epoch;train/num_samples;train/train/num_samples;train/loss;train/train/loss;train/macro_precision;train/macro_recall;train/macro_f1;dev/mean_loss;dev/mean_macro_precision;dev/mean_macro_recall;dev/mean_macro_f1;dev/mean_score;dev/depression/num_samples;dev/depression/loss;dev/depression/macro_precision;dev/depression/macro_recall;dev/depression/macro_f1;dev/depression/score;dev/parkinson/num_samples;dev/parkinson/loss;dev/parkinson/macro_precision;dev/parkinson/macro_recall;dev/parkinson/macro_f1;dev/parkinson/score;dev_depression/num_samples;dev_depression/loss;dev_depression/macro_precision;dev_depression/macro_recall;dev_depression/macro_f1;dev_parkinson/num_samples;dev_parkinson/loss;dev_parkinson/macro_precision;dev_parkinson/macro_recall;dev_parkinson/macro_f1;test_none/mean_loss;test_none/mean_macro_precision;test_none/mean_macro_recall;test_none/mean_macro_f1;test_none/mean_score;test_none/depression/num_samples;test_none/depression/loss;test_none/depression/macro_precision;test_none/depression/macro_recall;test_none/depression/macro_f1;test_none/depression/score;test_none/parkinson/num_samples;test_none/parkinson/loss;test_none/parkinson/macro_precision;test_none/parkinson/macro_recall;test_none/parkinson/macro_f1;test_none/parkinson/score;test_none_depression/num_samples;test_none_depression/loss;test_none_depression/macro_precision;test_none_depression/macro_recall;test_none_depression/macro_f1;test_none_parkinson/num_samples;test_none_parkinson/loss;test_none_parkinson/macro_precision;test_none_parkinson/macro_recall;test_none_parkinson/macro_f1;test_soft/mean_loss;test_soft/mean_macro_precision;test_soft/mean_macro_recall;test_soft/mean_macro_f1;test_soft/mean_score;test_soft/depression/num_samples;test_soft/depression/loss;test_soft/depression/macro_precision;test_soft/depression/macro_recall;test_soft/depression/macro_f1;test_soft/depression/score;test_soft/parkinson/num_samples;test_soft/parkinson/loss;test_soft/parkinson/macro_precision;test_soft/parkinson/macro_recall;test_soft/parkinson/macro_f1;test_soft/parkinson/score;test_soft_depression/num_samples;test_soft_depression/loss;test_soft_depression/macro_precision;test_soft_depression/macro_recall;test_soft_depression/macro_f1;test_soft_parkinson/num_samples;test_soft_parkinson/loss;test_soft_parkinson/macro_precision;test_soft_parkinson/macro_recall;test_soft_parkinson/macro_f1;test_hard/mean_loss;test_hard/mean_macro_precision;test_hard/mean_macro_recall;test_hard/mean_macro_f1;test_hard/mean_score;test_hard/depression/num_samples;test_hard/depression/loss;test_hard/depression/macro_precision;test_hard/depression/macro_recall;test_hard/depression/macro_f1;test_hard/depression/score;test_hard/parkinson/num_samples;test_hard/parkinson/loss;test_hard/parkinson/macro_precision;test_hard/parkinson/macro_recall;test_hard/parkinson/macro_f1;test_hard/parkinson/score;test_hard_depression/num_samples;test_hard_depression/loss;test_hard_depression/macro_precision;test_hard_depression/macro_recall;test_hard_depression/macro_f1;test_hard_parkinson/num_samples;test_hard_parkinson/loss;test_hard_parkinson/macro_precision;test_hard_parkinson/macro_recall;test_hard_parkinson/macro_f1;lr/group
1;6325.000000;6325.000000;0.366800;0.366800;0.617557;0.618950;0.618119;0.340272;0.736792;0.716787;0.710678;0.713733;621.000000;0.345750;0.746070;0.703968;0.692835;0.698402;312.000000;0.334793;0.727513;0.729607;0.728522;0.729064;621.000000;0.345750;0.746070;0.703968;0.692835;312.000000;0.334793;0.727513;0.729607;0.728522;0.374818;0.716078;0.722719;0.681691;0.702205;827.000000;0.433453;0.693772;0.663557;0.610999;0.637278;537.000000;0.316183;0.738385;0.781880;0.752383;0.767132;827.000000;0.433453;0.693772;0.663557;0.610999;537.000000;0.316183;0.738385;0.781880;0.752383;0.359605;0.721617;0.722135;0.680742;0.701439;710.000000;0.434897;0.696682;0.650779;0.599874;0.625326;498.000000;0.284312;0.746553;0.793491;0.761611;0.777551;710.000000;0.434897;0.696682;0.650779;0.599874;498.000000;0.284312;0.746553;0.793491;0.761611;0.332914;0.752719;0.749624;0.705445;0.727535;654.000000;0.430437;0.709945;0.660379;0.601676;0.631027;360.000000;0.235391;0.795493;0.838870;0.809214;0.824042;654.000000;0.430437;0.709945;0.660379;0.601676;360.000000;0.235391;0.795493;0.838870;0.809214;0.000100
2;6325.000000;6325.000000;0.277378;0.277378;0.785159;0.788468;0.786645;0.317330;0.771662;0.747834;0.754436;0.751135;621.000000;0.287852;0.778716;0.777311;0.777357;0.777334;312.000000;0.346808;0.764607;0.718357;0.731514;0.724936;621.000000;0.287852;0.778716;0.777311;0.777357;312.000000;0.346808;0.764607;0.718357;0.731514;0.273614;0.799823;0.783934;0.787685;0.785810;827.000000;0.293214;0.742808;0.751753;0.741939;0.746846;537.000000;0.254014;0.856838;0.816115;0.833431;0.824773;827.000000;0.293214;0.742808;0.751753;0.741939;537.000000;0.254014;0.856838;0.816115;0.833431;0.253395;0.804554;0.785712;0.790503;0.788107;710.000000;0.294224;0.737202;0.741571;0.733154;0.737362;498.000000;0.212565;0.871906;0.829853;0.847851;0.838852;710.000000;0.294224;0.737202;0.741571;0.733154;498.000000;0.212565;0.871906;0.829853;0.847851;0.260115;0.809197;0.803153;0.801311;0.802232;654.000000;0.286531;0.749360;0.756006;0.743737;0.749871;360.000000;0.233698;0.869035;0.850300;0.858884;0.854592;654.000000;0.286531;0.749360;0.756006;0.743737;360.000000;0.233698;0.869035;0.850300;0.858884;0.000100
3;6325.000000;6325.000000;0.244363;0.244363;0.815426;0.822528;0.818212;0.378047;0.791928;0.722422;0.728794;0.725608;621.000000;0.296968;0.771253;0.768861;0.767740;0.768300;312.000000;0.459127;0.812602;0.675983;0.689848;0.682916;621.000000;0.296968;0.771253;0.768861;0.767740;312.000000;0.459127;0.812602;0.675983;0.689848;0.295981;0.828236;0.768594;0.786857;0.777725;827.000000;0.267398;0.771643;0.772652;0.772128;0.772390;537.000000;0.324563;0.884828;0.764535;0.801587;0.783061;827.000000;0.267398;0.771643;0.772652;0.772128;537.000000;0.324563;0.884828;0.764535;0.801587;0.270960;0.836823;0.770856;0.790637;0.780747;710.000000;0.266220;0.772922;0.773770;0.773321;0.773546;498.000000;0.275701;0.900724;0.767941;0.807954;0.787948;710.000000;0.266220;0.772922;0.773770;0.773321;498.000000;0.275701;0.900724;0.767941;0.807954;0.267644;0.836382;0.783961;0.799586;0.791773;654.000000;0.248982;0.782773;0.785494;0.783939;0.784717;360.000000;0.286306;0.889992;0.782427;0.815233;0.798830;654.000000;0.248982;0.782773;0.785494;0.783939;360.000000;0.286306;0.889992;0.782427;0.815233;0.000100
4;6325.000000;6325.000000;0.225627;0.225627;0.846030;0.851406;0.848374;0.380068;0.788031;0.747833;0.753989;0.750911;621.000000;0.307364;0.786070;0.762885;0.759502;0.761193;312.000000;0.452772;0.789993;0.732781;0.748476;0.740629;621.000000;0.307364;0.786070;0.762885;0.759502;312.000000;0.452772;0.789993;0.732781;0.748476;0.385604;0.762242;0.749771;0.736456;0.743114;827.000000;0.371319;0.715835;0.707035;0.672933;0.689984;537.000000;0.399889;0.808649;0.792507;0.799979;0.796243;827.000000;0.371319;0.715835;0.707035;0.672933;537.000000;0.399889;0.808649;0.792507;0.799979;0.350004;0.772068;0.751418;0.738719;0.745069;710.000000;0.357397;0.733252;0.707994;0.675151;0.691573;498.000000;0.342610;0.810884;0.794842;0.802287;0.798565;710.000000;0.357397;0.733252;0.707994;0.675151;498.000000;0.342610;0.810884;0.794842;0.802287;0.353937;0.782892;0.768366;0.748714;0.758540;654.000000;0.343941;0.747706;0.720588;0.680329;0.700458;360.000000;0.363933;0.818077;0.816144;0.817099;0.816622;654.000000;0.343941;0.747706;0.720588;0.680329;360.000000;0.363933;0.818077;0.816144;0.817099;0.000100
5;6325.000000;6325.000000;0.190724;0.190724;0.876543;0.879491;0.877934;0.706853;0.770373;0.681689;0.679836;0.680763;621.000000;0.614075;0.743069;0.711204;0.699444;0.705324;312.000000;0.799632;0.797678;0.652174;0.660228;0.656201;621.000000;0.614075;0.743069;0.711204;0.699444;312.000000;0.799632;0.797678;0.652174;0.660228;0.452414;0.816774;0.742358;0.761233;0.751796;827.000000;0.477066;0.783667;0.725085;0.732560;0.728823;537.000000;0.427762;0.849882;0.759631;0.789906;0.774769;827.000000;0.477066;0.783667;0.725085;0.732560;537.000000;0.427762;0.849882;0.759631;0.789906;0.428269;0.826187;0.749940;0.768606;0.759273;710.000000;0.458338;0.793955;0.741247;0.746017;0.743632;498.000000;0.398200;0.858418;0.758633;0.791195;0.774914;710.000000;0.458338;0.793955;0.741247;0.746017;498.000000;0.398200;0.858418;0.758633;0.791195;0.434494;0.824798;0.753754;0.771351;0.762553;654.000000;0.419520;0.801883;0.749586;0.757101;0.753343;360.000000;0.449468;0.847712;0.757923;0.785601;0.771762;654.000000;0.419520;0.801883;0.749586;0.757101;360.000000;0.449468;0.847712;0.757923;0.785601;0.000100
6;6325.000000;6325.000000;0.174861;0.174861;0.907539;0.909932;0.908688;0.508757;0.778342;0.754130;0.761337;0.757733;621.000000;0.491528;0.736642;0.734967;0.733966;0.734466;312.000000;0.525986;0.820043;0.773292;0.788709;0.781000;621.000000;0.491528;0.736642;0.734967;0.733966;312.000000;0.525986;0.820043;0.773292;0.788709;0.471392;0.761195;0.757458;0.759121;0.758290;827.000000;0.438979;0.741931;0.737307;0.739230;0.738269;537.000000;0.503805;0.780459;0.777609;0.779012;0.778311;827.000000;0.438979;0.741931;0.737307;0.739230;537.000000;0.503805;0.780459;0.777609;0.779012;0.426001;0.771723;0.766510;0.768696;0.767603;710.000000;0.394208;0.762721;0.757013;0.759084;0.758048;498.000000;0.457794;0.780725;0.776007;0.778308;0.777157;710.000000;0.394208;0.762721;0.757013;0.759084;498.000000;0.457794;0.780725;0.776007;0.778308;0.426197;0.788238;0.780890;0.784177;0.782533;654.000000;0.355333;0.777707;0.772319;0.774505;0.773412;360.000000;0.497061;0.798769;0.789461;0.793848;0.791655;654.000000;0.355333;0.777707;0.772319;0.774505;360.000000;0.497061;0.798769;0.789461;0.793848;0.000100
7;6325.000000;6325.000000;0.149066;0.149066;0.930953;0.931316;0.931134;0.701896;0.781337;0.709712;0.719088;0.714400;621.000000;0.697083;0.719871;0.719561;0.719597;0.719579;312.000000;0.706709;0.842803;0.699862;0.718580;0.709221;621.000000;0.697083;0.719871;0.719561;0.719597;312.000000;0.706709;0.842803;0.699862;0.718580;0.510644;0.799684;0.765479;0.777519;0.771499;827.000000;0.558133;0.761818;0.764998;0.763173;0.764086;537.000000;0.463155;0.837550;0.765959;0.791866;0.778912;827.000000;0.558133;0.761818;0.764998;0.763173;537.000000;0.463155;0.837550;0.765959;0.791866;0.482749;0.808764;0.769482;0.783068;0.776275;710.000000;0.508072;0.775811;0.777454;0.776530;0.776992;498.000000;0.457426;0.841718;0.761510;0.789607;0.775559;710.000000;0.508072;0.775811;0.777454;0.776530;498.000000;0.457426;0.841718;0.761510;0.789607;0.467978;0.820817;0.785612;0.797360;0.791486;654.000000;0.474826;0.787467;0.790480;0.788737;0.789608;360.000000;0.461130;0.854167;0.780745;0.805983;0.793364;654.000000;0.474826;0.787467;0.790480;0.788737;360.000000;0.461130;0.854167;0.780745;0.805983;0.000100
8;6325.000000;6325.000000;0.114676;0.114676;0.951509;0.952949;0.952214;0.924802;0.770470;0.728422;0.737338;0.732880;621.000000;1.031535;0.713527;0.709570;0.707439;0.708505;312.000000;0.818070;0.827414;0.747274;0.767236;0.757255;621.000000;1.031535;0.713527;0.709570;0.707439;312.000000;0.818070;0.827414;0.747274;0.767236;0.707063;0.792682;0.777520;0.783968;0.780744;827.000000;0.764586;0.765147;0.755060;0.758728;0.756894;537.000000;0.649539;0.820218;0.799980;0.809209;0.804594;827.000000;0.764586;0.765147;0.755060;0.758728;537.000000;0.649539;0.820218;0.799980;0.809209;0.684569;0.796902;0.781423;0.787888;0.784656;710.000000;0.748353;0.772623;0.764015;0.766831;0.765423;498.000000;0.620785;0.821181;0.798832;0.808946;0.803889;710.000000;0.748353;0.772623;0.764015;0.766831;498.000000;0.620785;0.821181;0.798832;0.808946;0.675092;0.808746;0.794933;0.800835;0.797884;654.000000;0.698953;0.780292;0.772040;0.775103;0.773571;360.000000;0.651231;0.837200;0.817826;0.826567;0.822197;654.000000;0.698953;0.780292;0.772040;0.775103;360.000000;0.651231;0.837200;0.817826;0.826567;0.000100
9;6325.000000;6325.000000;0.092969;0.092969;0.965567;0.965894;0.965730;0.902985;0.768410;0.725662;0.735995;0.730828;621.000000;1.016896;0.702563;0.701634;0.701570;0.701602;312.000000;0.789074;0.834257;0.749689;0.770419;0.760054;621.000000;1.016896;0.702563;0.701634;0.701570;312.000000;0.789074;0.834257;0.749689;0.770419;0.661558;0.778451;0.772386;0.771934;0.772160;827.000000;0.730242;0.762573;0.772300;0.761630;0.766965;537.000000;0.592874;0.794329;0.772473;0.782238;0.777356;827.000000;0.730242;0.762573;0.772300;0.761630;537.000000;0.592874;0.794329;0.772473;0.782238;0.636539;0.784040;0.774757;0.776001;0.775379;710.000000;0.695854;0.775202;0.780591;0.772481;0.776536;498.000000;0.577224;0.792877;0.768922;0.779521;0.774222;710.000000;0.695854;0.775202;0.780591;0.772481;498.000000;0.577224;0.792877;0.768922;0.779521;0.650415;0.795769;0.781014;0.783351;0.782183;654.000000;0.660202;0.780612;0.788757;0.778416;0.783586;360.000000;0.640629;0.810926;0.773271;0.788287;0.780779;654.000000;0.660202;0.780612;0.788757;0.778416;360.000000;0.640629;0.810926;0.773271;0.788287;0.000100
10;6325.000000;6325.000000;0.068417;0.068417;0.975238;0.975771;0.975503;1.321861;0.760987;0.710722;0.718261;0.714492;621.000000;1.318273;0.695812;0.686041;0.680884;0.683462;312.000000;1.325449;0.826162;0.735404;0.755639;0.745521;621.000000;1.318273;0.695812;0.686041;0.680884;312.000000;1.325449;0.826162;0.735404;0.755639;0.925853;0.793984;0.766523;0.776580;0.771552;827.000000;0.961605;0.766331;0.744391;0.750327;0.747359;537.000000;0.890100;0.821637;0.788655;0.802834;0.795744;827.000000;0.961605;0.766331;0.744391;0.750327;537.000000;0.890100;0.821637;0.788655;0.802834;0.862287;0.804476;0.774490;0.785022;0.779756;710.000000;0.896995;0.782155;0.761222;0.765870;0.763546;498.000000;0.827580;0.826797;0.787757;0.804173;0.795965;710.000000;0.896995;0.782155;0.761222;0.765870;498.000000;0.827580;0.826797;0.787757;0.804173;0.873671;0.809453;0.782574;0.792241;0.787407;654.000000;0.841978;0.791414;0.770144;0.775912;0.773028;360.000000;0.905365;0.827491;0.795004;0.808570;0.801787;654.000000;0.841978;0.791414;0.770144;0.775912;360.000000;0.905365;0.827491;0.795004;0.808570;0.000100
11;6325.000000;6325.000000;0.066882;0.066882;0.977295;0.978030;0.977659;1.969138;0.766299;0.650462;0.640288;0.645375;621.000000;1.838487;0.709809;0.660551;0.636937;0.648744;312.000000;2.099789;0.822789;0.640373;0.643640;0.642006;621.000000;1.838487;0.709809;0.660551;0.636937;312.000000;2.099789;0.822789;0.640373;0.643640;1.306342;0.800487;0.692371;0.710629;0.701500;827.000000;1.488224;0.735868;0.665320;0.665150;0.665235;537.000000;1.124460;0.865106;0.719422;0.756109;0.737765;827.000000;1.488224;0.735868;0.665320;0.665150;537.000000;1.124460;0.865106;0.719422;0.756109;1.305705;0.812630;0.694343;0.712005;0.703174;710.000000;1.485756;0.746773;0.678122;0.674908;0.676515;498.000000;1.125653;0.878487;0.710564;0.749101;0.729833;710.000000;1.485756;0.746773;0.678122;0.674908;498.000000;1.125653;0.878487;0.710564;0.749101;1.350726;0.803076;0.695382;0.710880;0.703131;654.000000;1.421527;0.746475;0.677645;0.677349;0.677497;360.000000;1.279925;0.859677;0.713120;0.744410;0.728765;654.000000;1.421527;0.746475;0.677645;0.677349;360.000000;1.279925;0.859677;0.713120;0.744410;0.000100
12;6325.000000;6325.000000;0.062575;0.062575;0.979138;0.979475;0.979306;1.810926;0.743273;0.655808;0.649881;0.652845;621.000000;2.031110;0.689792;0.647572;0.624488;0.636030;312.000000;1.590742;0.796754;0.664044;0.675274;0.669659;621.000000;2.031110;0.689792;0.647572;0.624488;312.000000;1.590742;0.796754;0.664044;0.675274;1.171377;0.795039;0.719209;0.734676;0.726943;827.000000;1.467323;0.749628;0.681261;0.683702;0.682481;537.000000;0.875430;0.840450;0.757156;0.785651;0.771404;827.000000;1.467323;0.749628;0.681261;0.683702;537.000000;0.875430;0.840450;0.757156;0.785651;1.161194;0.802862;0.726676;0.741621;0.734149;710.000000;1.467651;0.755994;0.693281;0.692838;0.693059;498.000000;0.854737;0.849730;0.760072;0.790404;0.775238;710.000000;1.467651;0.755994;0.693281;0.692838;498.000000;0.854737;0.849730;0.760072;0.790404;1.173014;0.801494;0.731286;0.744758;0.738022;654.000000;1.373929;0.760159;0.693660;0.695763;0.694711;360.000000;0.972099;0.842829;0.768913;0.793753;0.781333;654.000000;1.373929;0.760159;0.693660;0.695763;360.000000;0.972099;0.842829;0.768913;0.793753;0.000100

EXPERIMENT: multitask_audio_mamba_2026-08-18_09-04_audio_mamba_segment_model_wsm_audio_ssl-1669-019_ef764500
CONFIG: wsm_audio_ssl-1669-019.yaml
seed: 42
experiment_info:
  params:
    experiment_name: wsm_audio_segment
    run_name: multitask_audio_mamba
data:
  name: wsm_audio_segment_datamodule
  params:
    data_root: /media/maxim/Databases/WSM_NEW
    task: multitask
    feature_cache_root: /media/maxim/Databases/WSM_NEW/features
    test_filters:
    - none
    - soft
    - hard
    feature_model_name: audeering/wav2vec2-large-robust-12-ft-emotion-msp-dim
    feature_layer: 10
    temporal_pool: 4
    batch_size: 8
    num_workers: 4
    pin_memory: true
    persistent_workers: true
    feature_extractor_type: transformers_audio_classification
model:
  name: audio_mamba_segment_model
  params:
    hidden_dim: 192
    num_layers: 3
    num_heads: 4
    ff_mult: 4
    dropout: 0.2
    encoder_type: mamba
    sequence_steps: 128
    mamba_d_state: 16
    mamba_d_conv: 4
    mamba_expand: 2
    mamba_required: true
loss:
  name: wsm_audio_loss
  params:
    label_smoothing: 0.02
    focal_gamma: 1.0
    aux_weight: 0.15
optimizer:
  name: adamw_optimizer
  params:
    lr: 0.0001
    weight_decay: 0.01
train:
  params:
    epochs: 30
    device: cuda
    mixed_precision: true
    grad_clip_norm: 0.5
    log_every_steps: 25
    collect_cache: true
metrics:
- name: prf_macro_metric
callbacks:
- name: wsm_audio_metrics_callback
  params:
    splits:
    - auto
- name: checkpoint_callback
  params:
    log_path: logs
    filename_template: epoch={epoch}_{monitor}={value:.4f}.pt
    monitor: dev/mean_score
    mode: max
    save_top_k: 2
    save_last: true
- name: snapshot_callback
  params:
    log_path: logs
    include:
    - src
    save_code_zip: true
    save_config: true
- name: wsm_summary_callback
  params:
    filename: summary.txt
- name: early_stopping_callback
  params:
    monitor: dev/mean_score
    mode: max
    patience: 6
    min_delta: 0.0005
logging:
- name: console_file_logger
  params:
    log_path: logs
    log_file: train.log
    console_level: INFO
    file_level: INFO
- name: mlflow_logger
  params:
    tracking_uri: sqlite:///logs/mlflow.db
RESULTS:
epoch;train/num_samples;train/train/num_samples;train/loss;train/train/loss;train/macro_precision;train/macro_recall;train/macro_f1;dev/mean_loss;dev/mean_macro_precision;dev/mean_macro_recall;dev/mean_macro_f1;dev/mean_score;dev/depression/num_samples;dev/depression/loss;dev/depression/macro_precision;dev/depression/macro_recall;dev/depression/macro_f1;dev/depression/score;dev/parkinson/num_samples;dev/parkinson/loss;dev/parkinson/macro_precision;dev/parkinson/macro_recall;dev/parkinson/macro_f1;dev/parkinson/score;dev_depression/num_samples;dev_depression/loss;dev_depression/macro_precision;dev_depression/macro_recall;dev_depression/macro_f1;dev_parkinson/num_samples;dev_parkinson/loss;dev_parkinson/macro_precision;dev_parkinson/macro_recall;dev_parkinson/macro_f1;test_none/mean_loss;test_none/mean_macro_precision;test_none/mean_macro_recall;test_none/mean_macro_f1;test_none/mean_score;test_none/depression/num_samples;test_none/depression/loss;test_none/depression/macro_precision;test_none/depression/macro_recall;test_none/depression/macro_f1;test_none/depression/score;test_none/parkinson/num_samples;test_none/parkinson/loss;test_none/parkinson/macro_precision;test_none/parkinson/macro_recall;test_none/parkinson/macro_f1;test_none/parkinson/score;test_none_depression/num_samples;test_none_depression/loss;test_none_depression/macro_precision;test_none_depression/macro_recall;test_none_depression/macro_f1;test_none_parkinson/num_samples;test_none_parkinson/loss;test_none_parkinson/macro_precision;test_none_parkinson/macro_recall;test_none_parkinson/macro_f1;test_soft/mean_loss;test_soft/mean_macro_precision;test_soft/mean_macro_recall;test_soft/mean_macro_f1;test_soft/mean_score;test_soft/depression/num_samples;test_soft/depression/loss;test_soft/depression/macro_precision;test_soft/depression/macro_recall;test_soft/depression/macro_f1;test_soft/depression/score;test_soft/parkinson/num_samples;test_soft/parkinson/loss;test_soft/parkinson/macro_precision;test_soft/parkinson/macro_recall;test_soft/parkinson/macro_f1;test_soft/parkinson/score;test_soft_depression/num_samples;test_soft_depression/loss;test_soft_depression/macro_precision;test_soft_depression/macro_recall;test_soft_depression/macro_f1;test_soft_parkinson/num_samples;test_soft_parkinson/loss;test_soft_parkinson/macro_precision;test_soft_parkinson/macro_recall;test_soft_parkinson/macro_f1;test_hard/mean_loss;test_hard/mean_macro_precision;test_hard/mean_macro_recall;test_hard/mean_macro_f1;test_hard/mean_score;test_hard/depression/num_samples;test_hard/depression/loss;test_hard/depression/macro_precision;test_hard/depression/macro_recall;test_hard/depression/macro_f1;test_hard/depression/score;test_hard/parkinson/num_samples;test_hard/parkinson/loss;test_hard/parkinson/macro_precision;test_hard/parkinson/macro_recall;test_hard/parkinson/macro_f1;test_hard/parkinson/score;test_hard_depression/num_samples;test_hard_depression/loss;test_hard_depression/macro_precision;test_hard_depression/macro_recall;test_hard_depression/macro_f1;test_hard_parkinson/num_samples;test_hard_parkinson/loss;test_hard_parkinson/macro_precision;test_hard_parkinson/macro_recall;test_hard_parkinson/macro_f1;lr/group
1;6325.000000;6325.000000;0.305068;0.305068;0.737749;0.742881;0.739694;0.567702;0.732805;0.656001;0.646862;0.651432;621.000000;0.449868;0.735252;0.717040;0.709918;0.713479;312.000000;0.685535;0.730357;0.594962;0.583807;0.589384;621.000000;0.449868;0.735252;0.717040;0.709918;312.000000;0.685535;0.730357;0.594962;0.583807;0.310249;0.812209;0.779585;0.791514;0.785550;827.000000;0.270828;0.789101;0.790690;0.789850;0.790270;537.000000;0.349670;0.835317;0.768481;0.793178;0.780829;827.000000;0.270828;0.789101;0.790690;0.789850;537.000000;0.349670;0.835317;0.768481;0.793178;0.278398;0.827003;0.794422;0.806642;0.800532;710.000000;0.242161;0.813104;0.813600;0.813345;0.813473;498.000000;0.314636;0.840902;0.775244;0.799939;0.787591;710.000000;0.242161;0.813104;0.813600;0.813345;498.000000;0.314636;0.840902;0.775244;0.799939;0.287478;0.829443;0.801943;0.811625;0.806784;654.000000;0.223532;0.827994;0.830863;0.829261;0.830062;360.000000;0.351424;0.830893;0.773023;0.793988;0.783505;654.000000;0.223532;0.827994;0.830863;0.829261;360.000000;0.351424;0.830893;0.773023;0.793988;0.000100
2;6325.000000;6325.000000;0.231215;0.231215;0.840967;0.845048;0.842814;0.623509;0.746456;0.682361;0.680546;0.681454;621.000000;0.440036;0.754533;0.753128;0.753121;0.753125;312.000000;0.806983;0.738378;0.611594;0.607971;0.609783;621.000000;0.440036;0.754533;0.753128;0.753121;312.000000;0.806983;0.738378;0.611594;0.607971;0.369096;0.789690;0.764000;0.765158;0.764579;827.000000;0.300933;0.772994;0.780746;0.761231;0.770988;537.000000;0.437260;0.806386;0.747255;0.769084;0.758170;827.000000;0.300933;0.772994;0.780746;0.761231;537.000000;0.437260;0.806386;0.747255;0.769084;0.351642;0.796040;0.763707;0.766401;0.765054;710.000000;0.302934;0.780478;0.777980;0.760516;0.769248;498.000000;0.400349;0.811601;0.749433;0.772285;0.760859;710.000000;0.302934;0.780478;0.777980;0.760516;498.000000;0.400349;0.811601;0.749433;0.772285;0.356684;0.799707;0.781820;0.777254;0.779537;654.000000;0.284877;0.793255;0.792299;0.769108;0.780703;360.000000;0.428491;0.806159;0.771341;0.785400;0.778371;654.000000;0.284877;0.793255;0.792299;0.769108;360.000000;0.428491;0.806159;0.771341;0.785400;0.000100
3;6325.000000;6325.000000;0.209784;0.209784;0.881163;0.881431;0.881297;0.584744;0.723991;0.683157;0.686764;0.684960;621.000000;0.526451;0.724555;0.716900;0.715359;0.716130;312.000000;0.643037;0.723426;0.649413;0.658169;0.653791;621.000000;0.526451;0.724555;0.716900;0.715359;312.000000;0.643037;0.723426;0.649413;0.658169;0.418923;0.769672;0.752613;0.750373;0.751493;827.000000;0.507957;0.718478;0.722852;0.702267;0.712560;537.000000;0.329888;0.820867;0.782374;0.798479;0.790426;827.000000;0.507957;0.718478;0.722852;0.702267;537.000000;0.329888;0.820867;0.782374;0.798479;0.404281;0.774916;0.750161;0.748199;0.749180;710.000000;0.519304;0.733878;0.726189;0.705072;0.715630;498.000000;0.289258;0.815955;0.774132;0.791326;0.782729;710.000000;0.519304;0.733878;0.726189;0.705072;498.000000;0.289258;0.815955;0.774132;0.791326;0.437910;0.767850;0.747659;0.740144;0.743901;654.000000;0.503558;0.752833;0.744620;0.716711;0.730666;360.000000;0.372262;0.782867;0.750698;0.763577;0.757137;654.000000;0.503558;0.752833;0.744620;0.716711;360.000000;0.372262;0.782867;0.750698;0.763577;0.000100
4;6325.000000;6325.000000;0.174668;0.174668;0.907412;0.907870;0.907639;0.793046;0.703132;0.678875;0.683646;0.681260;621.000000;0.751258;0.694330;0.694258;0.694035;0.694146;312.000000;0.834833;0.711934;0.663492;0.673257;0.668374;621.000000;0.751258;0.694330;0.694258;0.694035;312.000000;0.834833;0.711934;0.663492;0.673257;0.475205;0.791761;0.791079;0.789664;0.790372;827.000000;0.617016;0.728111;0.735876;0.728641;0.732258;537.000000;0.333393;0.855411;0.846283;0.850688;0.848486;827.000000;0.617016;0.728111;0.735876;0.728641;537.000000;0.333393;0.855411;0.846283;0.850688;0.450185;0.802805;0.801324;0.799965;0.800645;710.000000;0.584341;0.749700;0.754746;0.748145;0.751445;498.000000;0.316029;0.855910;0.847903;0.851786;0.849844;710.000000;0.584341;0.749700;0.754746;0.748145;498.000000;0.316029;0.855910;0.847903;0.851786;0.475577;0.800020;0.804840;0.799366;0.802103;654.000000;0.552184;0.762262;0.769874;0.759950;0.764912;360.000000;0.398970;0.837779;0.839807;0.838782;0.839294;654.000000;0.552184;0.762262;0.769874;0.759950;360.000000;0.398970;0.837779;0.839807;0.838782;0.000100
5;6325.000000;6325.000000;0.152481;0.152481;0.928646;0.928585;0.928615;1.170487;0.716068;0.621272;0.609503;0.615388;621.000000;1.147370;0.657313;0.635574;0.620733;0.628154;312.000000;1.193603;0.774823;0.606970;0.598273;0.602622;621.000000;1.147370;0.657313;0.635574;0.620733;312.000000;1.193603;0.774823;0.606970;0.598273;0.568428;0.830941;0.758741;0.779529;0.769135;827.000000;0.529921;0.806137;0.782975;0.789912;0.786444;537.000000;0.606934;0.855745;0.734506;0.769147;0.751827;827.000000;0.529921;0.806137;0.782975;0.789912;537.000000;0.606934;0.855745;0.734506;0.769147;0.545997;0.839974;0.764811;0.785233;0.775022;710.000000;0.498136;0.821358;0.803886;0.808817;0.806352;498.000000;0.593858;0.858590;0.725737;0.761649;0.743693;710.000000;0.498136;0.821358;0.803886;0.808817;498.000000;0.593858;0.858590;0.725737;0.761649;0.541999;0.841984;0.779026;0.796749;0.787888;654.000000;0.461619;0.832301;0.816071;0.821501;0.818786;360.000000;0.622379;0.851667;0.741982;0.771997;0.756990;654.000000;0.461619;0.832301;0.816071;0.821501;360.000000;0.622379;0.851667;0.741982;0.771997;0.000100
6;6325.000000;6325.000000;0.122971;0.122971;0.947700;0.946157;0.946913;1.086323;0.700650;0.644984;0.644861;0.644923;621.000000;1.025350;0.661035;0.652288;0.646323;0.649305;312.000000;1.147296;0.740265;0.637681;0.643399;0.640540;621.000000;1.025350;0.661035;0.652288;0.646323;312.000000;1.147296;0.740265;0.637681;0.643399;0.611438;0.784138;0.747390;0.761067;0.754228;827.000000;0.702760;0.726719;0.721302;0.723440;0.722371;537.000000;0.520116;0.841558;0.773478;0.798694;0.786086;827.000000;0.702760;0.726719;0.721302;0.723440;537.000000;0.520116;0.841558;0.773478;0.798694;0.598605;0.786839;0.752973;0.765762;0.759368;710.000000;0.687134;0.732775;0.730702;0.731585;0.731144;498.000000;0.510077;0.840902;0.775244;0.799939;0.787591;710.000000;0.687134;0.732775;0.730702;0.731585;498.000000;0.510077;0.840902;0.775244;0.799939;0.581997;0.788187;0.768189;0.776197;0.772193;654.000000;0.654981;0.741961;0.742464;0.742205;0.742335;360.000000;0.509014;0.834413;0.793914;0.810188;0.802051;654.000000;0.654981;0.741961;0.742464;0.742205;360.000000;0.509014;0.834413;0.793914;0.810188;0.000100
7;6325.000000;6325.000000;0.090042;0.090042;0.961934;0.960812;0.961365;1.246093;0.720957;0.674029;0.678105;0.676067;621.000000;1.411386;0.662018;0.650887;0.643472;0.647179;312.000000;1.080800;0.779897;0.697170;0.712737;0.704954;621.000000;1.411386;0.662018;0.650887;0.643472;312.000000;1.080800;0.779897;0.697170;0.712737;0.761701;0.774965;0.760764;0.766497;0.763631;827.000000;0.940976;0.725464;0.714030;0.717628;0.715829;537.000000;0.582426;0.824467;0.807498;0.815365;0.811432;827.000000;0.940976;0.725464;0.714030;0.717628;537.000000;0.582426;0.824467;0.807498;0.815365;0.723162;0.787814;0.771220;0.777574;0.774397;710.000000;0.912067;0.746345;0.734082;0.737228;0.735655;498.000000;0.534258;0.829283;0.808358;0.817920;0.813139;710.000000;0.912067;0.746345;0.734082;0.737228;498.000000;0.534258;0.829283;0.808358;0.817920;0.739016;0.787797;0.778061;0.781776;0.779919;654.000000;0.876829;0.752538;0.741069;0.744674;0.742871;360.000000;0.601203;0.823057;0.815054;0.818878;0.816966;654.000000;0.876829;0.752538;0.741069;0.744674;360.000000;0.601203;0.823057;0.815054;0.818878;0.000100
8;6325.000000;6325.000000;0.086781;0.086781;0.972096;0.971221;0.971654;1.341812;0.731204;0.660302;0.658055;0.659179;621.000000;1.495608;0.668178;0.637582;0.618241;0.627912;312.000000;1.188016;0.794231;0.683023;0.697868;0.690445;621.000000;1.495608;0.668178;0.637582;0.618241;312.000000;1.188016;0.794231;0.683023;0.697868;0.837327;0.786845;0.739309;0.752191;0.745750;827.000000;1.016365;0.730403;0.688818;0.693306;0.691062;537.000000;0.658289;0.843287;0.789799;0.811075;0.800437;827.000000;1.016365;0.730403;0.688818;0.693306;537.000000;0.658289;0.843287;0.789799;0.811075;0.796350;0.795019;0.746927;0.759932;0.753430;710.000000;0.988441;0.742714;0.706315;0.709038;0.707676;498.000000;0.604260;0.847325;0.787539;0.810826;0.799183;710.000000;0.988441;0.742714;0.706315;0.709038;498.000000;0.604260;0.847325;0.787539;0.810826;0.807321;0.797987;0.754210;0.766986;0.760598;654.000000;0.904662;0.759503;0.725497;0.731001;0.728249;360.000000;0.709980;0.836470;0.782924;0.802972;0.792948;654.000000;0.904662;0.759503;0.725497;0.731001;360.000000;0.709980;0.836470;0.782924;0.802972;0.000100
9;6325.000000;6325.000000;0.062185;0.062185;0.978599;0.977987;0.978291;1.528173;0.764286;0.639805;0.629413;0.634609;621.000000;1.729235;0.685687;0.658217;0.643157;0.650687;312.000000;1.327112;0.842885;0.621394;0.615669;0.618531;621.000000;1.729235;0.685687;0.658217;0.643157;312.000000;1.327112;0.842885;0.621394;0.615669;0.851623;0.845160;0.733059;0.757494;0.745276;827.000000;1.015577;0.798738;0.745504;0.754319;0.749912;537.000000;0.687669;0.891583;0.720613;0.760669;0.740641;827.000000;1.015577;0.798738;0.745504;0.754319;537.000000;0.687669;0.891583;0.720613;0.760669;0.825556;0.856090;0.739748;0.763307;0.751528;710.000000;0.974642;0.815594;0.762174;0.768390;0.765282;498.000000;0.676471;0.896587;0.717322;0.758224;0.737773;710.000000;0.974642;0.815594;0.762174;0.768390;498.000000;0.676471;0.896587;0.717322;0.758224;0.826374;0.854805;0.754074;0.775955;0.765015;654.000000;0.912877;0.822871;0.771366;0.780149;0.775757;360.000000;0.739871;0.886738;0.736783;0.771761;0.754272;654.000000;0.912877;0.822871;0.771366;0.780149;360.000000;0.739871;0.886738;0.736783;0.771761;0.000100

EXPERIMENT: multitask_audio_mamba_2026-08-18_09-24_audio_mamba_segment_model_wsm_audio_ssl-1669-020_597474e2
CONFIG: wsm_audio_ssl-1669-020.yaml
seed: 42
experiment_info:
  params:
    experiment_name: wsm_audio_segment
    run_name: multitask_audio_mamba
data:
  name: wsm_audio_segment_datamodule
  params:
    data_root: /media/maxim/Databases/WSM_NEW
    task: multitask
    feature_cache_root: /media/maxim/Databases/WSM_NEW/features
    test_filters:
    - none
    - soft
    - hard
    feature_model_name: audeering/wav2vec2-large-robust-12-ft-emotion-msp-dim
    feature_layer: 12
    temporal_pool: 4
    batch_size: 8
    num_workers: 4
    pin_memory: true
    persistent_workers: true
    feature_extractor_type: transformers_audio_classification
model:
  name: audio_mamba_segment_model
  params:
    hidden_dim: 192
    num_layers: 3
    num_heads: 4
    ff_mult: 4
    dropout: 0.2
    encoder_type: mamba
    sequence_steps: 128
    mamba_d_state: 16
    mamba_d_conv: 4
    mamba_expand: 2
    mamba_required: true
loss:
  name: wsm_audio_loss
  params:
    label_smoothing: 0.02
    focal_gamma: 1.0
    aux_weight: 0.15
optimizer:
  name: adamw_optimizer
  params:
    lr: 0.0001
    weight_decay: 0.01
train:
  params:
    epochs: 30
    device: cuda
    mixed_precision: true
    grad_clip_norm: 0.5
    log_every_steps: 25
    collect_cache: true
metrics:
- name: prf_macro_metric
callbacks:
- name: wsm_audio_metrics_callback
  params:
    splits:
    - auto
- name: checkpoint_callback
  params:
    log_path: logs
    filename_template: epoch={epoch}_{monitor}={value:.4f}.pt
    monitor: dev/mean_score
    mode: max
    save_top_k: 2
    save_last: true
- name: snapshot_callback
  params:
    log_path: logs
    include:
    - src
    save_code_zip: true
    save_config: true
- name: wsm_summary_callback
  params:
    filename: summary.txt
- name: early_stopping_callback
  params:
    monitor: dev/mean_score
    mode: max
    patience: 6
    min_delta: 0.0005
logging:
- name: console_file_logger
  params:
    log_path: logs
    log_file: train.log
    console_level: INFO
    file_level: INFO
- name: mlflow_logger
  params:
    tracking_uri: sqlite:///logs/mlflow.db
RESULTS:
epoch;train/num_samples;train/train/num_samples;train/loss;train/train/loss;train/macro_precision;train/macro_recall;train/macro_f1;dev/mean_loss;dev/mean_macro_precision;dev/mean_macro_recall;dev/mean_macro_f1;dev/mean_score;dev/depression/num_samples;dev/depression/loss;dev/depression/macro_precision;dev/depression/macro_recall;dev/depression/macro_f1;dev/depression/score;dev/parkinson/num_samples;dev/parkinson/loss;dev/parkinson/macro_precision;dev/parkinson/macro_recall;dev/parkinson/macro_f1;dev/parkinson/score;dev_depression/num_samples;dev_depression/loss;dev_depression/macro_precision;dev_depression/macro_recall;dev_depression/macro_f1;dev_parkinson/num_samples;dev_parkinson/loss;dev_parkinson/macro_precision;dev_parkinson/macro_recall;dev_parkinson/macro_f1;test_none/mean_loss;test_none/mean_macro_precision;test_none/mean_macro_recall;test_none/mean_macro_f1;test_none/mean_score;test_none/depression/num_samples;test_none/depression/loss;test_none/depression/macro_precision;test_none/depression/macro_recall;test_none/depression/macro_f1;test_none/depression/score;test_none/parkinson/num_samples;test_none/parkinson/loss;test_none/parkinson/macro_precision;test_none/parkinson/macro_recall;test_none/parkinson/macro_f1;test_none/parkinson/score;test_none_depression/num_samples;test_none_depression/loss;test_none_depression/macro_precision;test_none_depression/macro_recall;test_none_depression/macro_f1;test_none_parkinson/num_samples;test_none_parkinson/loss;test_none_parkinson/macro_precision;test_none_parkinson/macro_recall;test_none_parkinson/macro_f1;test_soft/mean_loss;test_soft/mean_macro_precision;test_soft/mean_macro_recall;test_soft/mean_macro_f1;test_soft/mean_score;test_soft/depression/num_samples;test_soft/depression/loss;test_soft/depression/macro_precision;test_soft/depression/macro_recall;test_soft/depression/macro_f1;test_soft/depression/score;test_soft/parkinson/num_samples;test_soft/parkinson/loss;test_soft/parkinson/macro_precision;test_soft/parkinson/macro_recall;test_soft/parkinson/macro_f1;test_soft/parkinson/score;test_soft_depression/num_samples;test_soft_depression/loss;test_soft_depression/macro_precision;test_soft_depression/macro_recall;test_soft_depression/macro_f1;test_soft_parkinson/num_samples;test_soft_parkinson/loss;test_soft_parkinson/macro_precision;test_soft_parkinson/macro_recall;test_soft_parkinson/macro_f1;test_hard/mean_loss;test_hard/mean_macro_precision;test_hard/mean_macro_recall;test_hard/mean_macro_f1;test_hard/mean_score;test_hard/depression/num_samples;test_hard/depression/loss;test_hard/depression/macro_precision;test_hard/depression/macro_recall;test_hard/depression/macro_f1;test_hard/depression/score;test_hard/parkinson/num_samples;test_hard/parkinson/loss;test_hard/parkinson/macro_precision;test_hard/parkinson/macro_recall;test_hard/parkinson/macro_f1;test_hard/parkinson/score;test_hard_depression/num_samples;test_hard_depression/loss;test_hard_depression/macro_precision;test_hard_depression/macro_recall;test_hard_depression/macro_f1;test_hard_parkinson/num_samples;test_hard_parkinson/loss;test_hard_parkinson/macro_precision;test_hard_parkinson/macro_recall;test_hard_parkinson/macro_f1;lr/group
1;6325.000000;6325.000000;0.308089;0.308089;0.738598;0.742443;0.740200;0.459982;0.739844;0.679992;0.678653;0.679323;621.000000;0.363675;0.747677;0.738936;0.735520;0.737228;312.000000;0.556289;0.732011;0.621049;0.621786;0.621417;621.000000;0.363675;0.747677;0.738936;0.735520;312.000000;0.556289;0.732011;0.621049;0.621786;0.269228;0.821789;0.810111;0.814295;0.812203;827.000000;0.270125;0.782833;0.790308;0.784998;0.787653;537.000000;0.268330;0.860745;0.829915;0.843592;0.836754;827.000000;0.270125;0.782833;0.790308;0.784998;537.000000;0.268330;0.860745;0.829915;0.843592;0.235259;0.836595;0.823018;0.828150;0.825584;710.000000;0.253655;0.805453;0.810646;0.806571;0.808608;498.000000;0.216862;0.867737;0.835390;0.849729;0.842560;710.000000;0.253655;0.805453;0.810646;0.806571;498.000000;0.216862;0.867737;0.835390;0.849729;0.239252;0.843013;0.838894;0.839302;0.839098;654.000000;0.243439;0.814366;0.822538;0.815747;0.819143;360.000000;0.235065;0.871661;0.855251;0.862857;0.859054;654.000000;0.243439;0.814366;0.822538;0.815747;360.000000;0.235065;0.871661;0.855251;0.862857;0.000100
2;6325.000000;6325.000000;0.248240;0.248240;0.826488;0.826990;0.826736;0.443072;0.759344;0.724602;0.728062;0.726332;621.000000;0.408828;0.735507;0.709384;0.702765;0.706074;312.000000;0.477315;0.783180;0.739821;0.753360;0.746590;621.000000;0.408828;0.735507;0.709384;0.702765;312.000000;0.477315;0.783180;0.739821;0.753360;0.471046;0.751171;0.754190;0.711530;0.732860;827.000000;0.520428;0.731189;0.691567;0.635986;0.663776;537.000000;0.421664;0.771153;0.816813;0.787073;0.801943;827.000000;0.520428;0.731189;0.691567;0.635986;537.000000;0.421664;0.771153;0.816813;0.787073;0.452354;0.756189;0.746046;0.701225;0.723635;710.000000;0.530407;0.741631;0.672900;0.615155;0.644028;498.000000;0.374300;0.770747;0.819193;0.787294;0.803243;710.000000;0.530407;0.741631;0.672900;0.615155;498.000000;0.374300;0.770747;0.819193;0.787294;0.472574;0.771000;0.754253;0.710947;0.732600;654.000000;0.541178;0.742576;0.674834;0.609827;0.642331;360.000000;0.403970;0.799424;0.833671;0.812068;0.822869;654.000000;0.541178;0.742576;0.674834;0.609827;360.000000;0.403970;0.799424;0.833671;0.812068;0.000100
3;6325.000000;6325.000000;0.208795;0.208795;0.866985;0.867601;0.867289;0.483378;0.677825;0.630594;0.632634;0.631614;621.000000;0.454734;0.627330;0.623576;0.621497;0.622537;312.000000;0.512022;0.728321;0.637612;0.643772;0.640692;621.000000;0.454734;0.627330;0.623576;0.621497;312.000000;0.512022;0.728321;0.637612;0.643772;0.310690;0.777099;0.766019;0.761290;0.763655;827.000000;0.357375;0.724155;0.728346;0.707150;0.717748;537.000000;0.264004;0.830043;0.803692;0.815431;0.809562;827.000000;0.357375;0.724155;0.728346;0.707150;537.000000;0.264004;0.830043;0.803692;0.815431;0.297677;0.782275;0.763488;0.760161;0.761825;710.000000;0.359496;0.734771;0.728253;0.708028;0.718141;498.000000;0.235859;0.829780;0.798723;0.812294;0.805508;710.000000;0.359496;0.734771;0.728253;0.708028;498.000000;0.235859;0.829780;0.798723;0.812294;0.315474;0.775820;0.766539;0.758695;0.762617;654.000000;0.357082;0.733349;0.730944;0.707896;0.719420;360.000000;0.273866;0.818292;0.802133;0.809494;0.805814;654.000000;0.357082;0.733349;0.730944;0.707896;360.000000;0.273866;0.818292;0.802133;0.809494;0.000100
4;6325.000000;6325.000000;0.178736;0.178736;0.898500;0.898443;0.898471;0.836692;0.738743;0.663138;0.659928;0.661533;621.000000;0.723674;0.716476;0.709851;0.706633;0.708242;312.000000;0.949709;0.761011;0.616425;0.613223;0.614824;621.000000;0.723674;0.716476;0.709851;0.706633;312.000000;0.949709;0.761011;0.616425;0.613223;0.456439;0.809927;0.763965;0.778127;0.771046;827.000000;0.500198;0.760123;0.765823;0.762046;0.763935;537.000000;0.412680;0.859732;0.762106;0.794209;0.778158;827.000000;0.500198;0.760123;0.765823;0.762046;537.000000;0.412680;0.859732;0.762106;0.794209;0.450571;0.814252;0.768823;0.782897;0.775860;710.000000;0.505307;0.766128;0.770816;0.766876;0.768846;498.000000;0.395834;0.862377;0.766829;0.798918;0.782874;710.000000;0.505307;0.766128;0.770816;0.766876;498.000000;0.395834;0.862377;0.766829;0.798918;0.460225;0.814494;0.779257;0.788631;0.783944;654.000000;0.478082;0.779974;0.787669;0.780502;0.784086;360.000000;0.442368;0.849015;0.770844;0.796760;0.783802;654.000000;0.478082;0.779974;0.787669;0.780502;360.000000;0.442368;0.849015;0.770844;0.796760;0.000100
5;6325.000000;6325.000000;0.153726;0.153726;0.921080;0.917808;0.919370;1.246233;0.734846;0.612273;0.590311;0.601292;621.000000;1.193759;0.667354;0.617507;0.584170;0.600839;312.000000;1.298706;0.802339;0.607039;0.596452;0.601746;621.000000;1.193759;0.667354;0.617507;0.584170;312.000000;1.298706;0.802339;0.607039;0.596452;0.633310;0.843338;0.710211;0.731568;0.720889;827.000000;0.574972;0.814370;0.748680;0.758263;0.753471;537.000000;0.691648;0.872307;0.671741;0.704873;0.688307;827.000000;0.574972;0.814370;0.748680;0.758263;537.000000;0.691648;0.872307;0.671741;0.704873;0.610828;0.851892;0.715173;0.735258;0.725215;710.000000;0.587146;0.823782;0.758106;0.764080;0.761093;498.000000;0.634510;0.880002;0.672240;0.706435;0.689338;710.000000;0.587146;0.823782;0.758106;0.764080;498.000000;0.634510;0.880002;0.672240;0.706435;0.646777;0.846898;0.721227;0.738926;0.730076;654.000000;0.539711;0.833504;0.770028;0.779329;0.774679;360.000000;0.753842;0.860292;0.672426;0.698522;0.685474;654.000000;0.539711;0.833504;0.770028;0.779329;360.000000;0.753842;0.860292;0.672426;0.698522;0.000100
6;6325.000000;6325.000000;0.130455;0.130455;0.939054;0.939054;0.939054;1.044956;0.686479;0.634400;0.626971;0.630686;621.000000;0.988194;0.673347;0.640850;0.621075;0.630963;312.000000;1.101717;0.699612;0.627950;0.632867;0.630409;621.000000;0.988194;0.673347;0.640850;0.621075;312.000000;1.101717;0.699612;0.627950;0.632867;0.505269;0.821333;0.777554;0.792672;0.785113;827.000000;0.537137;0.783478;0.754077;0.761304;0.757691;537.000000;0.473401;0.859189;0.801031;0.824040;0.812536;827.000000;0.537137;0.783478;0.754077;0.761304;537.000000;0.473401;0.859189;0.801031;0.824040;0.471672;0.826627;0.783678;0.797450;0.790564;710.000000;0.530411;0.793252;0.762093;0.767570;0.764831;498.000000;0.412933;0.860002;0.805262;0.827330;0.816296;710.000000;0.530411;0.793252;0.762093;0.767570;498.000000;0.412933;0.860002;0.805262;0.827330;0.511942;0.822752;0.784864;0.797488;0.791176;654.000000;0.505215;0.800821;0.771953;0.778808;0.775380;360.000000;0.518668;0.844683;0.797775;0.816169;0.806972;654.000000;0.505215;0.800821;0.771953;0.778808;360.000000;0.518668;0.844683;0.797775;0.816169;0.000100
7;6325.000000;6325.000000;0.114802;0.114802;0.950793;0.946945;0.948777;1.283006;0.728696;0.655266;0.649405;0.652336;621.000000;1.155558;0.715874;0.687068;0.674347;0.680708;312.000000;1.410455;0.741517;0.623464;0.624463;0.623964;621.000000;1.155558;0.715874;0.687068;0.674347;312.000000;1.410455;0.741517;0.623464;0.624463;0.636119;0.836824;0.771151;0.791697;0.781424;827.000000;0.668795;0.796829;0.762684;0.770775;0.766729;537.000000;0.603443;0.876818;0.779619;0.812619;0.796119;827.000000;0.668795;0.796829;0.762684;0.770775;537.000000;0.603443;0.876818;0.779619;0.812619;0.597040;0.841360;0.779315;0.798769;0.789042;710.000000;0.652492;0.803791;0.776847;0.782475;0.779661;498.000000;0.541587;0.878928;0.781784;0.815062;0.798423;710.000000;0.652492;0.803791;0.776847;0.782475;498.000000;0.541587;0.878928;0.781784;0.815062;0.621732;0.835524;0.787389;0.803341;0.795365;654.000000;0.619050;0.805743;0.782203;0.788568;0.785386;360.000000;0.624415;0.865305;0.792576;0.818113;0.805345;654.000000;0.619050;0.805743;0.782203;0.788568;360.000000;0.624415;0.865305;0.792576;0.818113;0.000100
8;6325.000000;6325.000000;0.117319;0.117319;0.958233;0.957581;0.957904;1.189692;0.715720;0.674304;0.677614;0.675959;621.000000;0.947895;0.701251;0.696779;0.694254;0.695516;312.000000;1.431489;0.730190;0.651829;0.660974;0.656402;621.000000;0.947895;0.701251;0.696779;0.694254;312.000000;1.431489;0.730190;0.651829;0.660974;0.755241;0.782709;0.752406;0.763584;0.757995;827.000000;0.708864;0.746648;0.747564;0.747087;0.747326;537.000000;0.801618;0.818770;0.757249;0.780080;0.768665;827.000000;0.708864;0.746648;0.747564;0.747087;537.000000;0.801618;0.818770;0.757249;0.780080;0.716226;0.784873;0.754422;0.765784;0.760103;710.000000;0.696458;0.755735;0.755313;0.755518;0.755415;498.000000;0.735995;0.814010;0.753532;0.776051;0.764791;710.000000;0.696458;0.755735;0.755313;0.755518;498.000000;0.735995;0.814010;0.753532;0.776051;0.841816;0.765243;0.737091;0.745766;0.741429;654.000000;0.692470;0.757836;0.760317;0.758889;0.759603;360.000000;0.991161;0.772650;0.713865;0.732643;0.723254;654.000000;0.692470;0.757836;0.760317;0.758889;360.000000;0.991161;0.772650;0.713865;0.732643;0.000100

EXPERIMENT: multitask_audio_mamba_2026-08-18_09-43_audio_mamba_segment_model_wsm_audio_ssl-1669-021_782eac2b
CONFIG: wsm_audio_ssl-1669-021.yaml
seed: 42
experiment_info:
  params:
    experiment_name: wsm_audio_segment
    run_name: multitask_audio_mamba
data:
  name: wsm_audio_segment_datamodule
  params:
    data_root: /media/maxim/Databases/WSM_NEW
    task: multitask
    feature_cache_root: /media/maxim/Databases/WSM_NEW/features
    test_filters:
    - none
    - soft
    - hard
    feature_model_name: ehcalabres/wav2vec2-lg-xlsr-en-speech-emotion-recognition
    feature_layer: 12
    temporal_pool: 4
    batch_size: 8
    num_workers: 4
    pin_memory: true
    persistent_workers: true
    feature_extractor_type: transformers_audio_classification
model:
  name: audio_mamba_segment_model
  params:
    hidden_dim: 192
    num_layers: 3
    num_heads: 4
    ff_mult: 4
    dropout: 0.2
    encoder_type: mamba
    sequence_steps: 128
    mamba_d_state: 16
    mamba_d_conv: 4
    mamba_expand: 2
    mamba_required: true
loss:
  name: wsm_audio_loss
  params:
    label_smoothing: 0.02
    focal_gamma: 1.0
    aux_weight: 0.15
optimizer:
  name: adamw_optimizer
  params:
    lr: 0.0001
    weight_decay: 0.01
train:
  params:
    epochs: 30
    device: cuda
    mixed_precision: true
    grad_clip_norm: 0.5
    log_every_steps: 25
    collect_cache: true
metrics:
- name: prf_macro_metric
callbacks:
- name: wsm_audio_metrics_callback
  params:
    splits:
    - auto
- name: checkpoint_callback
  params:
    log_path: logs
    filename_template: epoch={epoch}_{monitor}={value:.4f}.pt
    monitor: dev/mean_score
    mode: max
    save_top_k: 2
    save_last: true
- name: snapshot_callback
  params:
    log_path: logs
    include:
    - src
    save_code_zip: true
    save_config: true
- name: wsm_summary_callback
  params:
    filename: summary.txt
- name: early_stopping_callback
  params:
    monitor: dev/mean_score
    mode: max
    patience: 6
    min_delta: 0.0005
logging:
- name: console_file_logger
  params:
    log_path: logs
    log_file: train.log
    console_level: INFO
    file_level: INFO
- name: mlflow_logger
  params:
    tracking_uri: sqlite:///logs/mlflow.db
RESULTS:
epoch;train/num_samples;train/train/num_samples;train/loss;train/train/loss;train/macro_precision;train/macro_recall;train/macro_f1;dev/mean_loss;dev/mean_macro_precision;dev/mean_macro_recall;dev/mean_macro_f1;dev/mean_score;dev/depression/num_samples;dev/depression/loss;dev/depression/macro_precision;dev/depression/macro_recall;dev/depression/macro_f1;dev/depression/score;dev/parkinson/num_samples;dev/parkinson/loss;dev/parkinson/macro_precision;dev/parkinson/macro_recall;dev/parkinson/macro_f1;dev/parkinson/score;dev_depression/num_samples;dev_depression/loss;dev_depression/macro_precision;dev_depression/macro_recall;dev_depression/macro_f1;dev_parkinson/num_samples;dev_parkinson/loss;dev_parkinson/macro_precision;dev_parkinson/macro_recall;dev_parkinson/macro_f1;test_none/mean_loss;test_none/mean_macro_precision;test_none/mean_macro_recall;test_none/mean_macro_f1;test_none/mean_score;test_none/depression/num_samples;test_none/depression/loss;test_none/depression/macro_precision;test_none/depression/macro_recall;test_none/depression/macro_f1;test_none/depression/score;test_none/parkinson/num_samples;test_none/parkinson/loss;test_none/parkinson/macro_precision;test_none/parkinson/macro_recall;test_none/parkinson/macro_f1;test_none/parkinson/score;test_none_depression/num_samples;test_none_depression/loss;test_none_depression/macro_precision;test_none_depression/macro_recall;test_none_depression/macro_f1;test_none_parkinson/num_samples;test_none_parkinson/loss;test_none_parkinson/macro_precision;test_none_parkinson/macro_recall;test_none_parkinson/macro_f1;test_soft/mean_loss;test_soft/mean_macro_precision;test_soft/mean_macro_recall;test_soft/mean_macro_f1;test_soft/mean_score;test_soft/depression/num_samples;test_soft/depression/loss;test_soft/depression/macro_precision;test_soft/depression/macro_recall;test_soft/depression/macro_f1;test_soft/depression/score;test_soft/parkinson/num_samples;test_soft/parkinson/loss;test_soft/parkinson/macro_precision;test_soft/parkinson/macro_recall;test_soft/parkinson/macro_f1;test_soft/parkinson/score;test_soft_depression/num_samples;test_soft_depression/loss;test_soft_depression/macro_precision;test_soft_depression/macro_recall;test_soft_depression/macro_f1;test_soft_parkinson/num_samples;test_soft_parkinson/loss;test_soft_parkinson/macro_precision;test_soft_parkinson/macro_recall;test_soft_parkinson/macro_f1;test_hard/mean_loss;test_hard/mean_macro_precision;test_hard/mean_macro_recall;test_hard/mean_macro_f1;test_hard/mean_score;test_hard/depression/num_samples;test_hard/depression/loss;test_hard/depression/macro_precision;test_hard/depression/macro_recall;test_hard/depression/macro_f1;test_hard/depression/score;test_hard/parkinson/num_samples;test_hard/parkinson/loss;test_hard/parkinson/macro_precision;test_hard/parkinson/macro_recall;test_hard/parkinson/macro_f1;test_hard/parkinson/score;test_hard_depression/num_samples;test_hard_depression/loss;test_hard_depression/macro_precision;test_hard_depression/macro_recall;test_hard_depression/macro_f1;test_hard_parkinson/num_samples;test_hard_parkinson/loss;test_hard_parkinson/macro_precision;test_hard_parkinson/macro_recall;test_hard_parkinson/macro_f1;lr/group
1;6325.000000;6325.000000;0.331875;0.331875;0.697379;0.700285;0.698585;0.434737;0.716142;0.697664;0.695995;0.696829;621.000000;0.342089;0.738997;0.710924;0.703905;0.707415;312.000000;0.527386;0.693287;0.684403;0.688084;0.686244;621.000000;0.342089;0.738997;0.710924;0.703905;312.000000;0.527386;0.693287;0.684403;0.688084;0.423141;0.719270;0.725033;0.681709;0.703371;827.000000;0.448937;0.693461;0.659428;0.603757;0.631593;537.000000;0.397345;0.745080;0.790637;0.759661;0.775149;827.000000;0.448937;0.693461;0.659428;0.603757;537.000000;0.397345;0.745080;0.790637;0.759661;0.379815;0.730067;0.735315;0.699703;0.717509;710.000000;0.401957;0.716252;0.681239;0.640761;0.661000;498.000000;0.357672;0.743882;0.789392;0.758645;0.774018;710.000000;0.401957;0.716252;0.681239;0.640761;498.000000;0.357672;0.743882;0.789392;0.758645;0.406245;0.734742;0.740812;0.700360;0.720586;654.000000;0.400450;0.724330;0.691513;0.646080;0.668797;360.000000;0.412040;0.745154;0.790110;0.754639;0.772375;654.000000;0.400450;0.724330;0.691513;0.646080;360.000000;0.412040;0.745154;0.790110;0.754639;0.000100
2;6325.000000;6325.000000;0.250466;0.250466;0.808729;0.812387;0.810376;0.616712;0.744822;0.630405;0.610453;0.620429;621.000000;0.515624;0.720338;0.646732;0.611674;0.629203;312.000000;0.717801;0.769306;0.614079;0.609232;0.611656;621.000000;0.515624;0.720338;0.646732;0.611674;312.000000;0.717801;0.769306;0.614079;0.609232;0.389365;0.805590;0.680604;0.698331;0.689467;827.000000;0.361405;0.745709;0.669385;0.669373;0.669379;537.000000;0.417324;0.865471;0.691822;0.727289;0.709556;827.000000;0.361405;0.745709;0.669385;0.669373;537.000000;0.417324;0.865471;0.691822;0.727289;0.357151;0.841225;0.700994;0.718949;0.709971;710.000000;0.340726;0.800567;0.702388;0.700149;0.701269;498.000000;0.373576;0.881882;0.699599;0.737749;0.718674;710.000000;0.340726;0.800567;0.702388;0.700149;498.000000;0.373576;0.881882;0.699599;0.737749;0.360174;0.846358;0.711868;0.729557;0.720712;654.000000;0.322932;0.815686;0.711705;0.714264;0.712984;360.000000;0.397417;0.877031;0.712030;0.744850;0.728440;654.000000;0.322932;0.815686;0.711705;0.714264;360.000000;0.397417;0.877031;0.712030;0.744850;0.000100
3;6325.000000;6325.000000;0.207182;0.207182;0.863901;0.865456;0.864655;0.598816;0.713288;0.694650;0.695812;0.695231;621.000000;0.519585;0.701941;0.685574;0.680434;0.683004;312.000000;0.678047;0.724635;0.703727;0.711191;0.707459;621.000000;0.519585;0.701941;0.685574;0.680434;312.000000;0.678047;0.724635;0.703727;0.711191;0.395677;0.764443;0.743923;0.746016;0.744969;827.000000;0.332991;0.765844;0.775570;0.761433;0.768502;537.000000;0.458362;0.763041;0.712276;0.730598;0.721437;827.000000;0.332991;0.765844;0.775570;0.761433;537.000000;0.458362;0.763041;0.712276;0.730598;0.390921;0.771744;0.749619;0.752455;0.751037;710.000000;0.326484;0.777618;0.780935;0.768866;0.774900;498.000000;0.455359;0.765870;0.718303;0.736045;0.727174;710.000000;0.326484;0.777618;0.780935;0.768866;498.000000;0.455359;0.765870;0.718303;0.736045;0.403713;0.780841;0.762411;0.762232;0.762322;654.000000;0.319665;0.790678;0.796947;0.780972;0.788960;360.000000;0.487760;0.771004;0.727876;0.743492;0.735684;654.000000;0.319665;0.790678;0.796947;0.780972;360.000000;0.487760;0.771004;0.727876;0.743492;0.000100
4;6325.000000;6325.000000;0.179656;0.179656;0.894980;0.896933;0.895924;0.731568;0.747592;0.703965;0.712918;0.708442;621.000000;0.669768;0.688912;0.686881;0.686488;0.686685;312.000000;0.793369;0.806273;0.721049;0.739348;0.730199;621.000000;0.669768;0.688912;0.686881;0.686488;312.000000;0.793369;0.806273;0.721049;0.739348;0.529749;0.785792;0.718767;0.734299;0.726533;827.000000;0.477297;0.733490;0.736861;0.734844;0.735853;537.000000;0.582202;0.838094;0.700672;0.733754;0.717213;827.000000;0.477297;0.733490;0.736861;0.734844;537.000000;0.582202;0.838094;0.700672;0.733754;0.490373;0.800664;0.724766;0.740942;0.732854;710.000000;0.438176;0.752111;0.755252;0.753125;0.754188;498.000000;0.542570;0.849216;0.694280;0.728758;0.711519;710.000000;0.438176;0.752111;0.755252;0.753125;498.000000;0.542570;0.849216;0.694280;0.728758;0.512941;0.798100;0.730151;0.741647;0.735899;654.000000;0.417544;0.765270;0.770846;0.766795;0.768821;360.000000;0.608338;0.830929;0.689457;0.716499;0.702978;654.000000;0.417544;0.765270;0.770846;0.766795;360.000000;0.608338;0.830929;0.689457;0.716499;0.000100
5;6325.000000;6325.000000;0.175483;0.175483;0.910898;0.909662;0.910269;0.705677;0.682667;0.669592;0.672440;0.671016;621.000000;0.740563;0.628476;0.625864;0.623236;0.624550;312.000000;0.670791;0.736858;0.713320;0.721644;0.717482;621.000000;0.740563;0.628476;0.625864;0.623236;312.000000;0.670791;0.736858;0.713320;0.721644;0.468736;0.765808;0.753285;0.756042;0.754663;827.000000;0.468330;0.741491;0.716445;0.721959;0.719202;537.000000;0.469141;0.790125;0.790125;0.790125;0.790125;827.000000;0.468330;0.741491;0.716445;0.721959;537.000000;0.469141;0.790125;0.790125;0.790125;0.436928;0.776452;0.768190;0.768959;0.768575;710.000000;0.463899;0.757161;0.735782;0.739807;0.737795;498.000000;0.409956;0.795743;0.800597;0.798111;0.799354;710.000000;0.463899;0.757161;0.735782;0.739807;498.000000;0.409956;0.795743;0.800597;0.798111;0.461966;0.772549;0.769375;0.768227;0.768801;654.000000;0.450585;0.759434;0.739981;0.744858;0.742420;360.000000;0.473348;0.785665;0.798769;0.791597;0.795183;654.000000;0.450585;0.759434;0.739981;0.744858;360.000000;0.473348;0.785665;0.798769;0.791597;0.000100
6;6325.000000;6325.000000;0.144959;0.144959;0.932191;0.930448;0.931299;0.958125;0.693505;0.643788;0.650264;0.647026;621.000000;1.107208;0.605688;0.604622;0.603114;0.603868;312.000000;0.809042;0.781323;0.682954;0.697414;0.690184;621.000000;1.107208;0.605688;0.604622;0.603114;312.000000;0.809042;0.781323;0.682954;0.697414;0.685790;0.754478;0.698974;0.713033;0.706003;827.000000;0.674732;0.745077;0.729687;0.734258;0.731972;537.000000;0.696848;0.763878;0.668261;0.691807;0.680034;827.000000;0.674732;0.745077;0.729687;0.734258;537.000000;0.696848;0.763878;0.668261;0.691807;0.688632;0.757715;0.699293;0.713233;0.706263;710.000000;0.712347;0.746175;0.731228;0.734635;0.732932;498.000000;0.664917;0.769255;0.667357;0.691832;0.679594;710.000000;0.712347;0.746175;0.731228;0.734635;498.000000;0.664917;0.769255;0.667357;0.691832;0.728052;0.750940;0.703586;0.714899;0.709243;654.000000;0.708504;0.754091;0.738951;0.743191;0.741071;360.000000;0.747601;0.747790;0.668221;0.686607;0.677414;654.000000;0.708504;0.754091;0.738951;0.743191;360.000000;0.747601;0.747790;0.668221;0.686607;0.000100
7;6325.000000;6325.000000;0.139041;0.139041;0.941073;0.939874;0.940464;0.981238;0.751117;0.638055;0.632331;0.635193;621.000000;0.831220;0.646437;0.621382;0.602509;0.611945;312.000000;1.131257;0.855798;0.654727;0.662152;0.658440;621.000000;0.831220;0.646437;0.621382;0.602509;312.000000;1.131257;0.855798;0.654727;0.662152;0.596183;0.838949;0.711146;0.731143;0.721144;827.000000;0.444004;0.820107;0.763066;0.773218;0.768142;537.000000;0.748362;0.857791;0.659225;0.689068;0.674147;827.000000;0.444004;0.820107;0.763066;0.773218;537.000000;0.748362;0.857791;0.659225;0.689068;0.588035;0.853153;0.721720;0.741468;0.731594;710.000000;0.430861;0.829604;0.779397;0.786551;0.782974;498.000000;0.745209;0.876702;0.664043;0.696386;0.680214;710.000000;0.430861;0.829604;0.779397;0.786551;498.000000;0.745209;0.876702;0.664043;0.696386;0.623517;0.850710;0.730311;0.747679;0.738995;654.000000;0.398459;0.843378;0.793146;0.802940;0.798043;360.000000;0.848576;0.858042;0.667476;0.692418;0.679947;654.000000;0.398459;0.843378;0.793146;0.802940;360.000000;0.848576;0.858042;0.667476;0.692418;0.000100
8;6325.000000;6325.000000;0.099677;0.099677;0.958835;0.958314;0.958573;1.078295;0.737548;0.713970;0.719475;0.716722;621.000000;1.067530;0.708867;0.702474;0.701005;0.701740;312.000000;1.089061;0.766230;0.725466;0.737945;0.731705;621.000000;1.067530;0.708867;0.702474;0.701005;312.000000;1.089061;0.766230;0.725466;0.737945;0.772308;0.768362;0.768163;0.765647;0.766905;827.000000;0.865766;0.739988;0.748768;0.739356;0.744062;537.000000;0.678850;0.796735;0.787557;0.791939;0.789748;827.000000;0.865766;0.739988;0.748768;0.739356;537.000000;0.678850;0.796735;0.787557;0.791939;0.752470;0.775779;0.773966;0.771792;0.772879;710.000000;0.855562;0.753623;0.758409;0.750025;0.754217;498.000000;0.649378;0.797934;0.789523;0.793559;0.791541;710.000000;0.855562;0.753623;0.758409;0.750025;498.000000;0.649378;0.797934;0.789523;0.793559;0.757126;0.778904;0.785192;0.778064;0.781628;654.000000;0.829490;0.761535;0.768844;0.757311;0.763078;360.000000;0.684761;0.796274;0.801541;0.798816;0.800178;654.000000;0.829490;0.761535;0.768844;0.757311;360.000000;0.684761;0.796274;0.801541;0.798816;0.000100
9;6325.000000;6325.000000;0.095819;0.095819;0.964452;0.962919;0.963671;1.357927;0.727695;0.662134;0.666348;0.664241;621.000000;1.424144;0.638082;0.626891;0.617806;0.622348;312.000000;1.291711;0.817308;0.697378;0.714890;0.706134;621.000000;1.424144;0.638082;0.626891;0.617806;312.000000;1.291711;0.817308;0.697378;0.714890;0.822435;0.802907;0.730313;0.750406;0.740359;827.000000;0.882391;0.751935;0.729878;0.735473;0.732675;537.000000;0.762478;0.853879;0.730747;0.765340;0.748044;827.000000;0.882391;0.751935;0.729878;0.735473;537.000000;0.762478;0.853879;0.730747;0.765340;0.810238;0.811215;0.729993;0.750406;0.740199;710.000000;0.882790;0.759026;0.737017;0.741117;0.739067;498.000000;0.737685;0.863404;0.722968;0.759695;0.741332;710.000000;0.882790;0.759026;0.737017;0.741117;498.000000;0.737685;0.863404;0.722968;0.759695;0.832429;0.807453;0.734009;0.751817;0.742913;654.000000;0.861950;0.765427;0.743908;0.749133;0.746521;360.000000;0.802908;0.849478;0.724110;0.754501;0.739306;654.000000;0.861950;0.765427;0.743908;0.749133;360.000000;0.802908;0.849478;0.724110;0.754501;0.000100
10;6325.000000;6325.000000;0.072236;0.072236;0.977420;0.975495;0.976436;1.592743;0.674679;0.611463;0.609186;0.610325;621.000000;1.728046;0.549586;0.542250;0.523098;0.532674;312.000000;1.457440;0.799771;0.680676;0.695275;0.687976;621.000000;1.728046;0.549586;0.542250;0.523098;312.000000;1.457440;0.799771;0.680676;0.695275;0.994258;0.760690;0.696114;0.711021;0.703568;827.000000;0.991415;0.730699;0.686373;0.690587;0.688480;537.000000;0.997102;0.790681;0.705855;0.731455;0.718655;827.000000;0.991415;0.730699;0.686373;0.690587;537.000000;0.997102;0.790681;0.705855;0.731455;1.016518;0.757235;0.689092;0.702315;0.695704;710.000000;1.049130;0.721857;0.678041;0.677768;0.677905;498.000000;0.983906;0.792612;0.700144;0.726862;0.713503;710.000000;1.049130;0.721857;0.678041;0.677768;498.000000;0.983906;0.792612;0.700144;0.726862;1.066221;0.747341;0.689916;0.701211;0.695564;654.000000;1.014359;0.724670;0.681908;0.684271;0.683090;360.000000;1.118084;0.770013;0.697924;0.718151;0.708037;654.000000;1.014359;0.724670;0.681908;0.684271;360.000000;1.118084;0.770013;0.697924;0.718151;0.000100
11;6325.000000;6325.000000;0.076296;0.076296;0.974566;0.972373;0.973441;1.263813;0.717594;0.697782;0.696233;0.697008;621.000000;1.508891;0.648551;0.632073;0.619971;0.626022;312.000000;1.018735;0.786637;0.763492;0.772494;0.767993;621.000000;1.508891;0.648551;0.632073;0.619971;312.000000;1.018735;0.786637;0.763492;0.772494;0.816747;0.776542;0.769942;0.766720;0.768331;827.000000;0.757204;0.794252;0.755761;0.764057;0.759909;537.000000;0.876290;0.758833;0.784123;0.769384;0.776754;827.000000;0.757204;0.794252;0.755761;0.764057;537.000000;0.876290;0.758833;0.784123;0.769384;0.801750;0.780364;0.774820;0.770130;0.772475;710.000000;0.750935;0.803546;0.766221;0.772190;0.769206;498.000000;0.852566;0.757181;0.783419;0.768070;0.775745;710.000000;0.750935;0.803546;0.766221;0.772190;498.000000;0.852566;0.757181;0.783419;0.768070;0.858816;0.779802;0.775554;0.769049;0.772301;654.000000;0.726567;0.811436;0.771395;0.779361;0.775378;360.000000;0.991064;0.748168;0.779713;0.758737;0.769225;654.000000;0.726567;0.811436;0.771395;0.779361;360.000000;0.991064;0.748168;0.779713;0.758737;0.000100
12;6325.000000;6325.000000;0.068513;0.068513;0.979800;0.980137;0.979968;1.723187;0.722675;0.636264;0.625202;0.630733;621.000000;1.974755;0.627168;0.587021;0.549143;0.568082;312.000000;1.471619;0.818182;0.685507;0.701261;0.693384;621.000000;1.974755;0.627168;0.587021;0.549143;312.000000;1.471619;0.818182;0.685507;0.701261;1.169746;0.790673;0.686446;0.700149;0.693298;827.000000;1.299675;0.765785;0.667131;0.664662;0.665896;537.000000;1.039816;0.815561;0.705762;0.735636;0.720699;827.000000;1.299675;0.765785;0.667131;0.664662;537.000000;1.039816;0.815561;0.705762;0.735636;1.159882;0.793936;0.692073;0.704540;0.698306;710.000000;1.317954;0.767409;0.677353;0.671432;0.674392;498.000000;1.001809;0.820462;0.706793;0.737648;0.722220;710.000000;1.317954;0.767409;0.677353;0.671432;498.000000;1.001809;0.820462;0.706793;0.737648;1.178532;0.789744;0.698873;0.710744;0.704808;654.000000;1.248339;0.774674;0.685219;0.684331;0.684775;360.000000;1.108724;0.804814;0.712527;0.737157;0.724842;654.000000;1.248339;0.774674;0.685219;0.684331;360.000000;1.108724;0.804814;0.712527;0.737157;0.000100
13;6325.000000;6325.000000;0.048701;0.048701;0.983466;0.981729;0.982580;1.623801;0.727135;0.680745;0.685846;0.683296;621.000000;1.778102;0.657942;0.647619;0.640489;0.644054;312.000000;1.469501;0.796328;0.713872;0.731203;0.722537;621.000000;1.778102;0.657942;0.647619;0.640489;312.000000;1.469501;0.796328;0.713872;0.731203;1.252191;0.731077;0.692507;0.704123;0.698315;827.000000;1.321523;0.715279;0.695295;0.699655;0.697475;537.000000;1.182859;0.746876;0.689719;0.708591;0.699155;827.000000;1.321523;0.715279;0.695295;0.699655;537.000000;1.182859;0.746876;0.689719;0.708591;1.266110;0.728472;0.692981;0.703673;0.698327;710.000000;1.348369;0.714528;0.700445;0.703115;0.701780;498.000000;1.183850;0.742416;0.685516;0.704230;0.694873;710.000000;1.348369;0.714528;0.700445;0.703115;498.000000;1.183850;0.742416;0.685516;0.704230;1.351634;0.721976;0.692415;0.701054;0.696734;654.000000;1.271203;0.727941;0.717200;0.720389;0.718795;360.000000;1.432066;0.716010;0.667629;0.681718;0.674673;654.000000;1.271203;0.727941;0.717200;0.720389;360.000000;1.432066;0.716010;0.667629;0.681718;0.000100
14;6325.000000;6325.000000;0.039501;0.039501;0.987623;0.986860;0.987238;1.946067;0.736772;0.688010;0.697603;0.692806;621.000000;2.210774;0.655687;0.654902;0.654742;0.654822;312.000000;1.681359;0.817857;0.721118;0.740463;0.730791;621.000000;2.210774;0.655687;0.654902;0.654742;312.000000;1.681359;0.817857;0.721118;0.740463;1.361588;0.764917;0.731354;0.743417;0.737386;827.000000;1.571109;0.730338;0.726732;0.728270;0.727501;537.000000;1.152066;0.799497;0.735977;0.758564;0.747271;827.000000;1.571109;0.730338;0.726732;0.728270;537.000000;1.152066;0.799497;0.735977;0.758564;1.383928;0.766093;0.735864;0.746955;0.741410;710.000000;1.609090;0.734146;0.733151;0.733611;0.733381;498.000000;1.158767;0.798039;0.738577;0.760300;0.749439;710.000000;1.609090;0.734146;0.733151;0.733611;498.000000;1.158767;0.798039;0.738577;0.760300;1.457814;0.769028;0.742955;0.751892;0.747423;654.000000;1.535625;0.743670;0.745361;0.744425;0.744893;360.000000;1.380002;0.794386;0.740548;0.759358;0.749953;654.000000;1.535625;0.743670;0.745361;0.744425;360.000000;1.380002;0.794386;0.740548;0.759358;0.000100

EXPERIMENT: multitask_audio_mamba_2026-08-18_10-08_audio_mamba_segment_model_wsm_audio_ssl-1669-022_85529154
CONFIG: wsm_audio_ssl-1669-022.yaml
seed: 42
experiment_info:
  params:
    experiment_name: wsm_audio_segment
    run_name: multitask_audio_mamba
data:
  name: wsm_audio_segment_datamodule
  params:
    data_root: /media/maxim/Databases/WSM_NEW
    task: multitask
    feature_cache_root: /media/maxim/Databases/WSM_NEW/features
    test_filters:
    - none
    - soft
    - hard
    feature_model_name: ehcalabres/wav2vec2-lg-xlsr-en-speech-emotion-recognition
    feature_layer: 16
    temporal_pool: 4
    batch_size: 8
    num_workers: 4
    pin_memory: true
    persistent_workers: true
    feature_extractor_type: transformers_audio_classification
model:
  name: audio_mamba_segment_model
  params:
    hidden_dim: 192
    num_layers: 3
    num_heads: 4
    ff_mult: 4
    dropout: 0.2
    encoder_type: mamba
    sequence_steps: 128
    mamba_d_state: 16
    mamba_d_conv: 4
    mamba_expand: 2
    mamba_required: true
loss:
  name: wsm_audio_loss
  params:
    label_smoothing: 0.02
    focal_gamma: 1.0
    aux_weight: 0.15
optimizer:
  name: adamw_optimizer
  params:
    lr: 0.0001
    weight_decay: 0.01
train:
  params:
    epochs: 30
    device: cuda
    mixed_precision: true
    grad_clip_norm: 0.5
    log_every_steps: 25
    collect_cache: true
metrics:
- name: prf_macro_metric
callbacks:
- name: wsm_audio_metrics_callback
  params:
    splits:
    - auto
- name: checkpoint_callback
  params:
    log_path: logs
    filename_template: epoch={epoch}_{monitor}={value:.4f}.pt
    monitor: dev/mean_score
    mode: max
    save_top_k: 2
    save_last: true
- name: snapshot_callback
  params:
    log_path: logs
    include:
    - src
    save_code_zip: true
    save_config: true
- name: wsm_summary_callback
  params:
    filename: summary.txt
- name: early_stopping_callback
  params:
    monitor: dev/mean_score
    mode: max
    patience: 6
    min_delta: 0.0005
logging:
- name: console_file_logger
  params:
    log_path: logs
    log_file: train.log
    console_level: INFO
    file_level: INFO
- name: mlflow_logger
  params:
    tracking_uri: sqlite:///logs/mlflow.db
RESULTS:
epoch;train/num_samples;train/train/num_samples;train/loss;train/train/loss;train/macro_precision;train/macro_recall;train/macro_f1;dev/mean_loss;dev/mean_macro_precision;dev/mean_macro_recall;dev/mean_macro_f1;dev/mean_score;dev/depression/num_samples;dev/depression/loss;dev/depression/macro_precision;dev/depression/macro_recall;dev/depression/macro_f1;dev/depression/score;dev/parkinson/num_samples;dev/parkinson/loss;dev/parkinson/macro_precision;dev/parkinson/macro_recall;dev/parkinson/macro_f1;dev/parkinson/score;dev_depression/num_samples;dev_depression/loss;dev_depression/macro_precision;dev_depression/macro_recall;dev_depression/macro_f1;dev_parkinson/num_samples;dev_parkinson/loss;dev_parkinson/macro_precision;dev_parkinson/macro_recall;dev_parkinson/macro_f1;test_none/mean_loss;test_none/mean_macro_precision;test_none/mean_macro_recall;test_none/mean_macro_f1;test_none/mean_score;test_none/depression/num_samples;test_none/depression/loss;test_none/depression/macro_precision;test_none/depression/macro_recall;test_none/depression/macro_f1;test_none/depression/score;test_none/parkinson/num_samples;test_none/parkinson/loss;test_none/parkinson/macro_precision;test_none/parkinson/macro_recall;test_none/parkinson/macro_f1;test_none/parkinson/score;test_none_depression/num_samples;test_none_depression/loss;test_none_depression/macro_precision;test_none_depression/macro_recall;test_none_depression/macro_f1;test_none_parkinson/num_samples;test_none_parkinson/loss;test_none_parkinson/macro_precision;test_none_parkinson/macro_recall;test_none_parkinson/macro_f1;test_soft/mean_loss;test_soft/mean_macro_precision;test_soft/mean_macro_recall;test_soft/mean_macro_f1;test_soft/mean_score;test_soft/depression/num_samples;test_soft/depression/loss;test_soft/depression/macro_precision;test_soft/depression/macro_recall;test_soft/depression/macro_f1;test_soft/depression/score;test_soft/parkinson/num_samples;test_soft/parkinson/loss;test_soft/parkinson/macro_precision;test_soft/parkinson/macro_recall;test_soft/parkinson/macro_f1;test_soft/parkinson/score;test_soft_depression/num_samples;test_soft_depression/loss;test_soft_depression/macro_precision;test_soft_depression/macro_recall;test_soft_depression/macro_f1;test_soft_parkinson/num_samples;test_soft_parkinson/loss;test_soft_parkinson/macro_precision;test_soft_parkinson/macro_recall;test_soft_parkinson/macro_f1;test_hard/mean_loss;test_hard/mean_macro_precision;test_hard/mean_macro_recall;test_hard/mean_macro_f1;test_hard/mean_score;test_hard/depression/num_samples;test_hard/depression/loss;test_hard/depression/macro_precision;test_hard/depression/macro_recall;test_hard/depression/macro_f1;test_hard/depression/score;test_hard/parkinson/num_samples;test_hard/parkinson/loss;test_hard/parkinson/macro_precision;test_hard/parkinson/macro_recall;test_hard/parkinson/macro_f1;test_hard/parkinson/score;test_hard_depression/num_samples;test_hard_depression/loss;test_hard_depression/macro_precision;test_hard_depression/macro_recall;test_hard_depression/macro_f1;test_hard_parkinson/num_samples;test_hard_parkinson/loss;test_hard_parkinson/macro_precision;test_hard_parkinson/macro_recall;test_hard_parkinson/macro_f1;lr/group
1;6325.000000;6325.000000;0.343724;0.343724;0.696164;0.698222;0.697074;0.370125;0.718679;0.697919;0.698343;0.698131;621.000000;0.326539;0.744380;0.720822;0.715502;0.718162;312.000000;0.413711;0.692979;0.675017;0.681185;0.678101;621.000000;0.326539;0.744380;0.720822;0.715502;312.000000;0.413711;0.692979;0.675017;0.681185;0.352734;0.737920;0.739471;0.709408;0.724439;827.000000;0.442219;0.694338;0.672355;0.626580;0.649468;537.000000;0.263249;0.781502;0.806586;0.792235;0.799411;827.000000;0.442219;0.694338;0.672355;0.626580;537.000000;0.263249;0.781502;0.806586;0.792235;0.318605;0.754576;0.754647;0.729903;0.742275;710.000000;0.400235;0.722479;0.696074;0.661795;0.678935;498.000000;0.236974;0.786672;0.813219;0.798012;0.805615;710.000000;0.400235;0.722479;0.696074;0.661795;498.000000;0.236974;0.786672;0.813219;0.798012;0.331537;0.757294;0.763781;0.730764;0.747272;654.000000;0.401460;0.729163;0.703544;0.663237;0.683390;360.000000;0.261614;0.785426;0.824019;0.798291;0.811155;654.000000;0.401460;0.729163;0.703544;0.663237;360.000000;0.261614;0.785426;0.824019;0.798291;0.000100
2;6325.000000;6325.000000;0.267259;0.267259;0.792407;0.794697;0.793478;0.617491;0.782621;0.647129;0.634154;0.640641;621.000000;0.400382;0.710789;0.699020;0.693478;0.696249;312.000000;0.834599;0.854452;0.595238;0.574830;0.585034;621.000000;0.400382;0.710789;0.699020;0.693478;312.000000;0.834599;0.854452;0.595238;0.574830;0.423145;0.784748;0.673390;0.673541;0.673466;827.000000;0.284125;0.790411;0.775258;0.780384;0.777821;537.000000;0.562165;0.779085;0.571522;0.566699;0.569110;827.000000;0.284125;0.790411;0.775258;0.780384;537.000000;0.562165;0.779085;0.571522;0.566699;0.386666;0.803250;0.681235;0.678635;0.679935;710.000000;0.258970;0.811801;0.798118;0.802281;0.800199;498.000000;0.514362;0.794699;0.564353;0.554989;0.559671;710.000000;0.258970;0.811801;0.798118;0.802281;498.000000;0.514362;0.794699;0.564353;0.554989;0.404574;0.805806;0.689278;0.681590;0.685434;654.000000;0.244087;0.826670;0.815041;0.819287;0.817164;360.000000;0.565060;0.784943;0.563515;0.543893;0.553704;654.000000;0.244087;0.826670;0.815041;0.819287;360.000000;0.565060;0.784943;0.563515;0.543893;0.000100
3;6325.000000;6325.000000;0.235384;0.235384;0.829837;0.830161;0.829998;0.485519;0.731771;0.673001;0.678965;0.675983;621.000000;0.412037;0.678954;0.677264;0.676913;0.677088;312.000000;0.559002;0.784589;0.668737;0.681017;0.674877;621.000000;0.412037;0.678954;0.677264;0.676913;312.000000;0.559002;0.784589;0.668737;0.681017;0.304768;0.809229;0.768895;0.780355;0.774625;827.000000;0.241284;0.802094;0.809425;0.804481;0.806953;537.000000;0.368253;0.816364;0.728365;0.756228;0.742297;827.000000;0.241284;0.802094;0.809425;0.804481;537.000000;0.368253;0.816364;0.728365;0.756228;0.284510;0.819797;0.774218;0.787754;0.780986;710.000000;0.227030;0.815937;0.819713;0.817281;0.818497;498.000000;0.341990;0.823657;0.728723;0.758227;0.743475;710.000000;0.227030;0.815937;0.819713;0.817281;498.000000;0.341990;0.823657;0.728723;0.758227;0.288618;0.815482;0.781236;0.790941;0.786088;654.000000;0.215563;0.823450;0.829054;0.825440;0.827247;360.000000;0.361673;0.807514;0.733419;0.756441;0.744930;654.000000;0.215563;0.823450;0.829054;0.825440;360.000000;0.361673;0.807514;0.733419;0.756441;0.000100
4;6325.000000;6325.000000;0.209569;0.209569;0.853264;0.858340;0.855510;0.583547;0.711187;0.678332;0.678880;0.678606;621.000000;0.496589;0.671614;0.647899;0.637009;0.642454;312.000000;0.670505;0.750760;0.708765;0.720750;0.714757;621.000000;0.496589;0.671614;0.647899;0.637009;312.000000;0.670505;0.750760;0.708765;0.720750;0.382889;0.774196;0.754375;0.750651;0.752513;827.000000;0.322807;0.770218;0.773917;0.749604;0.761760;537.000000;0.442972;0.778175;0.734832;0.751699;0.743265;827.000000;0.322807;0.770218;0.773917;0.749604;537.000000;0.442972;0.778175;0.734832;0.751699;0.376351;0.779873;0.752108;0.751052;0.751580;710.000000;0.319476;0.777990;0.770957;0.750395;0.760676;498.000000;0.433226;0.781757;0.733258;0.751709;0.742484;710.000000;0.319476;0.777990;0.770957;0.750395;498.000000;0.433226;0.781757;0.733258;0.751709;0.388021;0.776892;0.760036;0.753690;0.756863;654.000000;0.306919;0.786445;0.783136;0.758353;0.770745;360.000000;0.469123;0.767340;0.736936;0.749028;0.742982;654.000000;0.306919;0.786445;0.783136;0.758353;360.000000;0.469123;0.767340;0.736936;0.749028;0.000100
5;6325.000000;6325.000000;0.193444;0.193444;0.876740;0.877890;0.877303;0.817574;0.706045;0.636161;0.627447;0.631804;621.000000;0.698817;0.671826;0.634641;0.611494;0.623067;312.000000;0.936331;0.740265;0.637681;0.643399;0.640540;621.000000;0.698817;0.671826;0.634641;0.611494;312.000000;0.936331;0.740265;0.637681;0.643399;0.504053;0.807115;0.721967;0.739554;0.730760;827.000000;0.420710;0.786133;0.709334;0.715078;0.712206;537.000000;0.587397;0.828097;0.734599;0.764029;0.749314;827.000000;0.420710;0.786133;0.709334;0.715078;537.000000;0.587397;0.828097;0.734599;0.764029;0.477765;0.817331;0.728756;0.745115;0.736935;710.000000;0.423203;0.795642;0.717932;0.719443;0.718687;498.000000;0.532328;0.839020;0.739580;0.770786;0.755183;710.000000;0.423203;0.795642;0.717932;0.719443;498.000000;0.532328;0.839020;0.739580;0.770786;0.472502;0.823557;0.741853;0.757586;0.749719;654.000000;0.398942;0.803339;0.722763;0.727802;0.725283;360.000000;0.546061;0.843775;0.760943;0.787369;0.774156;654.000000;0.398942;0.803339;0.722763;0.727802;360.000000;0.546061;0.843775;0.760943;0.787369;0.000100
6;6325.000000;6325.000000;0.164227;0.164227;0.903744;0.903401;0.903572;0.709262;0.731433;0.684561;0.693709;0.689135;621.000000;0.645141;0.655327;0.655182;0.655193;0.655188;312.000000;0.773382;0.807540;0.713941;0.732224;0.723082;621.000000;0.645141;0.655327;0.655182;0.655193;312.000000;0.773382;0.807540;0.713941;0.732224;0.484710;0.788830;0.724510;0.740248;0.732379;827.000000;0.339201;0.779072;0.769573;0.773166;0.771370;537.000000;0.630219;0.798588;0.679446;0.707330;0.693388;827.000000;0.339201;0.779072;0.769573;0.773166;537.000000;0.630219;0.798588;0.679446;0.707330;0.480183;0.791242;0.726962;0.741649;0.734306;710.000000;0.336662;0.792391;0.785347;0.787897;0.786622;498.000000;0.623704;0.790093;0.668578;0.695401;0.681989;710.000000;0.336662;0.792391;0.785347;0.787897;498.000000;0.623704;0.790093;0.668578;0.695401;0.494679;0.782107;0.729169;0.739696;0.734432;654.000000;0.313347;0.801103;0.797246;0.798928;0.798087;360.000000;0.676012;0.763112;0.661092;0.680465;0.670778;654.000000;0.313347;0.801103;0.797246;0.798928;360.000000;0.676012;0.763112;0.661092;0.680465;0.000100
7;6325.000000;6325.000000;0.162557;0.162557;0.915773;0.915597;0.915685;1.184192;0.718294;0.577638;0.543657;0.560647;621.000000;1.196207;0.578456;0.545752;0.490287;0.518019;312.000000;1.172176;0.858131;0.609524;0.597026;0.603275;621.000000;1.196207;0.578456;0.545752;0.490287;312.000000;1.172176;0.858131;0.609524;0.597026;0.733625;0.823958;0.642081;0.647903;0.644992;827.000000;0.725957;0.793471;0.650015;0.638719;0.644367;537.000000;0.741292;0.854445;0.634147;0.657088;0.645618;827.000000;0.725957;0.793471;0.650015;0.638719;537.000000;0.741292;0.854445;0.634147;0.657088;0.734192;0.829555;0.646756;0.650686;0.648721;710.000000;0.744724;0.797098;0.662255;0.647404;0.654829;498.000000;0.723660;0.862013;0.631257;0.653968;0.642612;710.000000;0.744724;0.797098;0.662255;0.647404;498.000000;0.723660;0.862013;0.631257;0.653968;0.746258;0.826146;0.655016;0.659335;0.657175;654.000000;0.718497;0.806310;0.667308;0.657929;0.662619;360.000000;0.774018;0.845983;0.642723;0.660741;0.651732;654.000000;0.718497;0.806310;0.667308;0.657929;360.000000;0.774018;0.845983;0.642723;0.660741;0.000100

EXPERIMENT: multitask_audio_mamba_2026-08-18_10-29_audio_mamba_segment_model_wsm_audio_ssl-1669-023_ebcbedb4
CONFIG: wsm_audio_ssl-1669-023.yaml
seed: 42
experiment_info:
  params:
    experiment_name: wsm_audio_segment
    run_name: multitask_audio_mamba
data:
  name: wsm_audio_segment_datamodule
  params:
    data_root: /media/maxim/Databases/WSM_NEW
    task: multitask
    feature_cache_root: /media/maxim/Databases/WSM_NEW/features
    test_filters:
    - none
    - soft
    - hard
    feature_model_name: ehcalabres/wav2vec2-lg-xlsr-en-speech-emotion-recognition
    feature_layer: -1
    temporal_pool: 4
    batch_size: 8
    num_workers: 4
    pin_memory: true
    persistent_workers: true
    feature_extractor_type: transformers_audio_classification
model:
  name: audio_mamba_segment_model
  params:
    hidden_dim: 192
    num_layers: 3
    num_heads: 4
    ff_mult: 4
    dropout: 0.2
    encoder_type: mamba
    sequence_steps: 128
    mamba_d_state: 16
    mamba_d_conv: 4
    mamba_expand: 2
    mamba_required: true
loss:
  name: wsm_audio_loss
  params:
    label_smoothing: 0.02
    focal_gamma: 1.0
    aux_weight: 0.15
optimizer:
  name: adamw_optimizer
  params:
    lr: 0.0001
    weight_decay: 0.01
train:
  params:
    epochs: 30
    device: cuda
    mixed_precision: true
    grad_clip_norm: 0.5
    log_every_steps: 25
    collect_cache: true
metrics:
- name: prf_macro_metric
callbacks:
- name: wsm_audio_metrics_callback
  params:
    splits:
    - auto
- name: checkpoint_callback
  params:
    log_path: logs
    filename_template: epoch={epoch}_{monitor}={value:.4f}.pt
    monitor: dev/mean_score
    mode: max
    save_top_k: 2
    save_last: true
- name: snapshot_callback
  params:
    log_path: logs
    include:
    - src
    save_code_zip: true
    save_config: true
- name: wsm_summary_callback
  params:
    filename: summary.txt
- name: early_stopping_callback
  params:
    monitor: dev/mean_score
    mode: max
    patience: 6
    min_delta: 0.0005
logging:
- name: console_file_logger
  params:
    log_path: logs
    log_file: train.log
    console_level: INFO
    file_level: INFO
- name: mlflow_logger
  params:
    tracking_uri: sqlite:///logs/mlflow.db
RESULTS:
epoch;train/num_samples;train/train/num_samples;train/loss;train/train/loss;train/macro_precision;train/macro_recall;train/macro_f1;dev/mean_loss;dev/mean_macro_precision;dev/mean_macro_recall;dev/mean_macro_f1;dev/mean_score;dev/depression/num_samples;dev/depression/loss;dev/depression/macro_precision;dev/depression/macro_recall;dev/depression/macro_f1;dev/depression/score;dev/parkinson/num_samples;dev/parkinson/loss;dev/parkinson/macro_precision;dev/parkinson/macro_recall;dev/parkinson/macro_f1;dev/parkinson/score;dev_depression/num_samples;dev_depression/loss;dev_depression/macro_precision;dev_depression/macro_recall;dev_depression/macro_f1;dev_parkinson/num_samples;dev_parkinson/loss;dev_parkinson/macro_precision;dev_parkinson/macro_recall;dev_parkinson/macro_f1;test_none/mean_loss;test_none/mean_macro_precision;test_none/mean_macro_recall;test_none/mean_macro_f1;test_none/mean_score;test_none/depression/num_samples;test_none/depression/loss;test_none/depression/macro_precision;test_none/depression/macro_recall;test_none/depression/macro_f1;test_none/depression/score;test_none/parkinson/num_samples;test_none/parkinson/loss;test_none/parkinson/macro_precision;test_none/parkinson/macro_recall;test_none/parkinson/macro_f1;test_none/parkinson/score;test_none_depression/num_samples;test_none_depression/loss;test_none_depression/macro_precision;test_none_depression/macro_recall;test_none_depression/macro_f1;test_none_parkinson/num_samples;test_none_parkinson/loss;test_none_parkinson/macro_precision;test_none_parkinson/macro_recall;test_none_parkinson/macro_f1;test_soft/mean_loss;test_soft/mean_macro_precision;test_soft/mean_macro_recall;test_soft/mean_macro_f1;test_soft/mean_score;test_soft/depression/num_samples;test_soft/depression/loss;test_soft/depression/macro_precision;test_soft/depression/macro_recall;test_soft/depression/macro_f1;test_soft/depression/score;test_soft/parkinson/num_samples;test_soft/parkinson/loss;test_soft/parkinson/macro_precision;test_soft/parkinson/macro_recall;test_soft/parkinson/macro_f1;test_soft/parkinson/score;test_soft_depression/num_samples;test_soft_depression/loss;test_soft_depression/macro_precision;test_soft_depression/macro_recall;test_soft_depression/macro_f1;test_soft_parkinson/num_samples;test_soft_parkinson/loss;test_soft_parkinson/macro_precision;test_soft_parkinson/macro_recall;test_soft_parkinson/macro_f1;test_hard/mean_loss;test_hard/mean_macro_precision;test_hard/mean_macro_recall;test_hard/mean_macro_f1;test_hard/mean_score;test_hard/depression/num_samples;test_hard/depression/loss;test_hard/depression/macro_precision;test_hard/depression/macro_recall;test_hard/depression/macro_f1;test_hard/depression/score;test_hard/parkinson/num_samples;test_hard/parkinson/loss;test_hard/parkinson/macro_precision;test_hard/parkinson/macro_recall;test_hard/parkinson/macro_f1;test_hard/parkinson/score;test_hard_depression/num_samples;test_hard_depression/loss;test_hard_depression/macro_precision;test_hard_depression/macro_recall;test_hard_depression/macro_f1;test_hard_parkinson/num_samples;test_hard_parkinson/loss;test_hard_parkinson/macro_precision;test_hard_parkinson/macro_recall;test_hard_parkinson/macro_f1;lr/group
1;6325.000000;6325.000000;0.355679;0.355679;0.684900;0.688891;0.686323;0.348164;0.742060;0.701142;0.706540;0.703841;621.000000;0.354327;0.717625;0.709944;0.706314;0.708129;312.000000;0.342001;0.766495;0.692340;0.706767;0.699553;621.000000;0.354327;0.717625;0.709944;0.706314;312.000000;0.342001;0.766495;0.692340;0.706767;0.308082;0.703353;0.685666;0.690622;0.688144;827.000000;0.351784;0.672291;0.677761;0.672669;0.675215;537.000000;0.264381;0.734415;0.693572;0.708574;0.701073;827.000000;0.351784;0.672291;0.677761;0.672669;537.000000;0.264381;0.734415;0.693572;0.708574;0.281650;0.733829;0.703266;0.713499;0.708383;710.000000;0.322443;0.711057;0.710160;0.710571;0.710366;498.000000;0.240856;0.756602;0.696373;0.716427;0.706400;710.000000;0.322443;0.711057;0.710160;0.710571;498.000000;0.240856;0.756602;0.696373;0.716427;0.298727;0.731160;0.698965;0.707993;0.703479;654.000000;0.316385;0.716650;0.715699;0.716146;0.715922;360.000000;0.281068;0.745671;0.682232;0.699841;0.691036;654.000000;0.316385;0.716650;0.715699;0.716146;360.000000;0.281068;0.745671;0.682232;0.699841;0.000100
2;6325.000000;6325.000000;0.304129;0.304129;0.759843;0.760988;0.760394;0.456927;0.741430;0.681368;0.689952;0.685660;621.000000;0.408824;0.665552;0.665359;0.665014;0.665187;312.000000;0.505031;0.817308;0.697378;0.714890;0.706134;621.000000;0.408824;0.665552;0.665359;0.665014;312.000000;0.505031;0.817308;0.697378;0.714890;0.357526;0.745456;0.699246;0.709031;0.704138;827.000000;0.358385;0.732937;0.737750;0.734573;0.736162;537.000000;0.356668;0.757975;0.660742;0.683488;0.672115;827.000000;0.358385;0.732937;0.737750;0.734573;537.000000;0.356668;0.757975;0.660742;0.683488;0.313545;0.781939;0.719955;0.732285;0.726120;710.000000;0.303664;0.782960;0.783627;0.783279;0.783453;498.000000;0.323425;0.780917;0.656283;0.681291;0.668787;710.000000;0.303664;0.782960;0.783627;0.783279;498.000000;0.323425;0.780917;0.656283;0.681291;0.334557;0.779177;0.729587;0.738465;0.734026;654.000000;0.293094;0.795241;0.798083;0.796465;0.797274;360.000000;0.376020;0.763112;0.661092;0.680465;0.670778;654.000000;0.293094;0.795241;0.798083;0.796465;360.000000;0.376020;0.763112;0.661092;0.680465;0.000100
3;6325.000000;6325.000000;0.289869;0.289869;0.781179;0.778258;0.779611;0.408430;0.683854;0.666727;0.670053;0.668390;621.000000;0.408393;0.665337;0.660644;0.658963;0.659803;312.000000;0.408466;0.702371;0.672809;0.681143;0.676976;621.000000;0.408393;0.665337;0.660644;0.658963;312.000000;0.408466;0.702371;0.672809;0.681143;0.335172;0.738089;0.752729;0.741303;0.747016;827.000000;0.353261;0.733864;0.742607;0.731528;0.737068;537.000000;0.317083;0.742314;0.762851;0.751079;0.756965;827.000000;0.353261;0.733864;0.742607;0.731528;537.000000;0.317083;0.742314;0.762851;0.751079;0.294805;0.766953;0.776488;0.769460;0.772974;710.000000;0.302494;0.783099;0.788828;0.782018;0.785423;498.000000;0.287116;0.750807;0.764148;0.756903;0.760526;710.000000;0.302494;0.783099;0.788828;0.782018;498.000000;0.287116;0.750807;0.764148;0.756903;0.314800;0.766496;0.781220;0.770196;0.775708;654.000000;0.294452;0.791302;0.799757;0.790400;0.795079;360.000000;0.335148;0.741690;0.762682;0.749991;0.756336;654.000000;0.294452;0.791302;0.799757;0.790400;360.000000;0.335148;0.741690;0.762682;0.749991;0.000100
4;6325.000000;6325.000000;0.277032;0.277032;0.796990;0.792920;0.794767;0.444400;0.694052;0.677861;0.681134;0.679497;621.000000;0.425703;0.674156;0.668627;0.666777;0.667702;312.000000;0.463098;0.713947;0.687095;0.695491;0.691293;621.000000;0.425703;0.674156;0.668627;0.666777;312.000000;0.463098;0.713947;0.687095;0.695491;0.350479;0.744752;0.755138;0.743090;0.749114;827.000000;0.374688;0.745945;0.753753;0.736719;0.745236;537.000000;0.326270;0.743559;0.756523;0.749462;0.752993;827.000000;0.374688;0.745945;0.753753;0.736719;537.000000;0.326270;0.743559;0.756523;0.749462;0.310344;0.766123;0.772667;0.765675;0.769171;710.000000;0.329550;0.781760;0.786723;0.777012;0.781868;498.000000;0.291139;0.750486;0.758611;0.754338;0.756474;710.000000;0.329550;0.781760;0.786723;0.777012;498.000000;0.291139;0.750486;0.758611;0.754338;0.323300;0.770869;0.784642;0.772686;0.778664;654.000000;0.321736;0.787878;0.795860;0.783468;0.789664;360.000000;0.324865;0.753860;0.773424;0.761905;0.767664;654.000000;0.321736;0.787878;0.795860;0.783468;360.000000;0.324865;0.753860;0.773424;0.761905;0.000100
5;6325.000000;6325.000000;0.260398;0.260398;0.808188;0.803014;0.805322;0.445393;0.705269;0.667763;0.668666;0.668214;621.000000;0.399072;0.664998;0.648086;0.637243;0.642665;312.000000;0.491715;0.745540;0.687440;0.700088;0.693764;621.000000;0.399072;0.664998;0.648086;0.637243;312.000000;0.491715;0.745540;0.687440;0.700088;0.338992;0.734027;0.707191;0.716074;0.711632;827.000000;0.344367;0.689343;0.670747;0.674144;0.672445;537.000000;0.333617;0.778710;0.743635;0.758004;0.750819;827.000000;0.344367;0.689343;0.670747;0.674144;537.000000;0.333617;0.778710;0.743635;0.758004;0.301834;0.765089;0.726993;0.737604;0.732299;710.000000;0.315568;0.736724;0.707104;0.710108;0.708606;498.000000;0.288101;0.793455;0.746883;0.765100;0.755991;710.000000;0.315568;0.736724;0.707104;0.710108;498.000000;0.288101;0.793455;0.746883;0.765100;0.320890;0.769977;0.735572;0.745383;0.740477;654.000000;0.305937;0.747841;0.716585;0.721555;0.719070;360.000000;0.335842;0.792113;0.754559;0.769210;0.761884;654.000000;0.305937;0.747841;0.716585;0.721555;360.000000;0.335842;0.792113;0.754559;0.769210;0.000100
6;6325.000000;6325.000000;0.253057;0.253057;0.812230;0.809898;0.811004;0.496719;0.693272;0.649064;0.651614;0.650339;621.000000;0.415647;0.653339;0.648646;0.645042;0.646844;312.000000;0.577791;0.733204;0.649482;0.658186;0.653834;621.000000;0.415647;0.653339;0.648646;0.645042;312.000000;0.577791;0.733204;0.649482;0.658186;0.338323;0.754448;0.719556;0.731758;0.725657;827.000000;0.324630;0.724530;0.716888;0.719644;0.718266;537.000000;0.352016;0.784365;0.722223;0.743872;0.733048;827.000000;0.324630;0.724530;0.716888;0.719644;537.000000;0.352016;0.784365;0.722223;0.743872;0.324379;0.780538;0.738084;0.751958;0.745021;710.000000;0.311360;0.764492;0.751326;0.754844;0.753085;498.000000;0.337398;0.796584;0.724843;0.749072;0.736958;710.000000;0.311360;0.764492;0.751326;0.754844;498.000000;0.337398;0.796584;0.724843;0.749072;0.329191;0.788013;0.756137;0.767355;0.761746;654.000000;0.303048;0.778491;0.766775;0.770687;0.768731;360.000000;0.355335;0.797535;0.745499;0.764023;0.754761;654.000000;0.303048;0.778491;0.766775;0.770687;360.000000;0.355335;0.797535;0.745499;0.764023;0.000100
7;6325.000000;6325.000000;0.245717;0.245717;0.816121;0.810763;0.813155;0.432401;0.731757;0.673187;0.678463;0.675825;621.000000;0.405446;0.666179;0.658590;0.653551;0.656071;312.000000;0.459356;0.797334;0.687785;0.703374;0.695579;621.000000;0.405446;0.666179;0.658590;0.653551;312.000000;0.459356;0.797334;0.687785;0.703374;0.356821;0.724626;0.702846;0.710838;0.706842;827.000000;0.372968;0.721784;0.709553;0.713242;0.711398;537.000000;0.340674;0.727467;0.696140;0.708433;0.702286;827.000000;0.372968;0.721784;0.709553;0.713242;537.000000;0.340674;0.727467;0.696140;0.708433;0.335367;0.755715;0.725453;0.735447;0.730450;710.000000;0.338787;0.762458;0.744789;0.748743;0.746766;498.000000;0.331947;0.748973;0.706117;0.722151;0.714134;710.000000;0.338787;0.762458;0.744789;0.748743;498.000000;0.331947;0.748973;0.706117;0.722151;0.340881;0.761901;0.736254;0.745073;0.740663;654.000000;0.327366;0.774698;0.757305;0.762215;0.759760;360.000000;0.354395;0.749104;0.715203;0.727930;0.721567;654.000000;0.327366;0.774698;0.757305;0.762215;360.000000;0.354395;0.749104;0.715203;0.727930;0.000100

EXPERIMENT: multitask_audio_mamba_2026-08-18_11-34_audio_mamba_segment_model_wsm_audio_ssl-8699-001_e064561d
CONFIG: wsm_audio_ssl-8699-001.yaml
seed: 42
experiment_info:
  params:
    experiment_name: wsm_audio_segment
    run_name: multitask_audio_mamba
data:
  name: wsm_audio_segment_datamodule
  params:
    data_root: /media/maxim/Databases/WSM_NEW
    task: multitask
    feature_cache_root: /media/maxim/Databases/WSM_NEW/features
    test_filters:
    - none
    - soft
    - hard
    feature_model_name: KintsugiHealth/dam
    feature_layer: -1
    temporal_pool: 1
    batch_size: 8
    num_workers: 4
    pin_memory: true
    persistent_workers: true
    feature_extractor_type: kintsugi_dam
model:
  name: audio_mamba_segment_model
  params:
    hidden_dim: 192
    num_layers: 3
    num_heads: 4
    ff_mult: 4
    dropout: 0.2
    encoder_type: mamba
    sequence_steps: 128
    mamba_d_state: 16
    mamba_d_conv: 4
    mamba_expand: 2
    mamba_required: true
loss:
  name: wsm_audio_loss
  params:
    label_smoothing: 0.02
    focal_gamma: 1.0
    aux_weight: 0.15
optimizer:
  name: adamw_optimizer
  params:
    lr: 0.0001
    weight_decay: 0.01
train:
  params:
    epochs: 30
    device: cuda
    mixed_precision: true
    grad_clip_norm: 0.5
    log_every_steps: 25
    collect_cache: true
metrics:
- name: prf_macro_metric
callbacks:
- name: wsm_audio_metrics_callback
  params:
    splits:
    - auto
- name: checkpoint_callback
  params:
    log_path: logs
    filename_template: epoch={epoch}_{monitor}={value:.4f}.pt
    monitor: dev/mean_score
    mode: max
    save_top_k: 2
    save_last: true
- name: snapshot_callback
  params:
    log_path: logs
    include:
    - src
    save_code_zip: true
    save_config: true
- name: wsm_summary_callback
  params:
    filename: summary.txt
- name: early_stopping_callback
  params:
    monitor: dev/mean_score
    mode: max
    patience: 6
    min_delta: 0.0005
logging:
- name: console_file_logger
  params:
    log_path: logs
    log_file: train.log
    console_level: INFO
    file_level: INFO
- name: mlflow_logger
  params:
    tracking_uri: sqlite:///logs/mlflow.db
RESULTS:
epoch;train/num_samples;train/train/num_samples;train/loss;train/train/loss;train/macro_precision;train/macro_recall;train/macro_f1;dev/mean_loss;dev/mean_macro_precision;dev/mean_macro_recall;dev/mean_macro_f1;dev/mean_score;dev/depression/num_samples;dev/depression/loss;dev/depression/macro_precision;dev/depression/macro_recall;dev/depression/macro_f1;dev/depression/score;dev/parkinson/num_samples;dev/parkinson/loss;dev/parkinson/macro_precision;dev/parkinson/macro_recall;dev/parkinson/macro_f1;dev/parkinson/score;dev_depression/num_samples;dev_depression/loss;dev_depression/macro_precision;dev_depression/macro_recall;dev_depression/macro_f1;dev_parkinson/num_samples;dev_parkinson/loss;dev_parkinson/macro_precision;dev_parkinson/macro_recall;dev_parkinson/macro_f1;test_none/mean_loss;test_none/mean_macro_precision;test_none/mean_macro_recall;test_none/mean_macro_f1;test_none/mean_score;test_none/depression/num_samples;test_none/depression/loss;test_none/depression/macro_precision;test_none/depression/macro_recall;test_none/depression/macro_f1;test_none/depression/score;test_none/parkinson/num_samples;test_none/parkinson/loss;test_none/parkinson/macro_precision;test_none/parkinson/macro_recall;test_none/parkinson/macro_f1;test_none/parkinson/score;test_none_depression/num_samples;test_none_depression/loss;test_none_depression/macro_precision;test_none_depression/macro_recall;test_none_depression/macro_f1;test_none_parkinson/num_samples;test_none_parkinson/loss;test_none_parkinson/macro_precision;test_none_parkinson/macro_recall;test_none_parkinson/macro_f1;test_soft/mean_loss;test_soft/mean_macro_precision;test_soft/mean_macro_recall;test_soft/mean_macro_f1;test_soft/mean_score;test_soft/depression/num_samples;test_soft/depression/loss;test_soft/depression/macro_precision;test_soft/depression/macro_recall;test_soft/depression/macro_f1;test_soft/depression/score;test_soft/parkinson/num_samples;test_soft/parkinson/loss;test_soft/parkinson/macro_precision;test_soft/parkinson/macro_recall;test_soft/parkinson/macro_f1;test_soft/parkinson/score;test_soft_depression/num_samples;test_soft_depression/loss;test_soft_depression/macro_precision;test_soft_depression/macro_recall;test_soft_depression/macro_f1;test_soft_parkinson/num_samples;test_soft_parkinson/loss;test_soft_parkinson/macro_precision;test_soft_parkinson/macro_recall;test_soft_parkinson/macro_f1;test_hard/mean_loss;test_hard/mean_macro_precision;test_hard/mean_macro_recall;test_hard/mean_macro_f1;test_hard/mean_score;test_hard/depression/num_samples;test_hard/depression/loss;test_hard/depression/macro_precision;test_hard/depression/macro_recall;test_hard/depression/macro_f1;test_hard/depression/score;test_hard/parkinson/num_samples;test_hard/parkinson/loss;test_hard/parkinson/macro_precision;test_hard/parkinson/macro_recall;test_hard/parkinson/macro_f1;test_hard/parkinson/score;test_hard_depression/num_samples;test_hard_depression/loss;test_hard_depression/macro_precision;test_hard_depression/macro_recall;test_hard_depression/macro_f1;test_hard_parkinson/num_samples;test_hard_parkinson/loss;test_hard_parkinson/macro_precision;test_hard_parkinson/macro_recall;test_hard_parkinson/macro_f1;lr/group
1;6325.000000;6325.000000;0.416848;0.416848;0.495327;0.495232;0.494931;0.394549;0.292677;0.500000;0.367691;0.433846;621.000000;0.397832;0.253623;0.500000;0.336538;0.418269;312.000000;0.391265;0.331731;0.500000;0.398844;0.449422;621.000000;0.397832;0.253623;0.500000;0.336538;312.000000;0.391265;0.331731;0.500000;0.398844;0.393158;0.289352;0.500000;0.358813;0.429407;827.000000;0.400801;0.202539;0.500000;0.288296;0.394148;537.000000;0.385514;0.376164;0.500000;0.429330;0.464665;827.000000;0.400801;0.202539;0.500000;0.288296;537.000000;0.385514;0.376164;0.500000;0.429330;0.392639;0.296149;0.500000;0.365349;0.432675;710.000000;0.400124;0.214789;0.500000;0.300493;0.400246;498.000000;0.385153;0.377510;0.500000;0.430206;0.465103;710.000000;0.400124;0.214789;0.500000;0.300493;498.000000;0.385153;0.377510;0.500000;0.430206;0.394193;0.283837;0.500000;0.356077;0.428038;654.000000;0.400515;0.207951;0.500000;0.293737;0.396868;360.000000;0.387872;0.359722;0.500000;0.418417;0.459208;654.000000;0.400515;0.207951;0.500000;0.293737;360.000000;0.387872;0.359722;0.500000;0.418417;0.000100
2;6325.000000;6325.000000;0.405242;0.405242;0.489906;0.490410;0.489053;0.388539;0.292677;0.500000;0.367691;0.433846;621.000000;0.398112;0.253623;0.500000;0.336538;0.418269;312.000000;0.378966;0.331731;0.500000;0.398844;0.449422;621.000000;0.398112;0.253623;0.500000;0.336538;312.000000;0.378966;0.331731;0.500000;0.398844;0.378298;0.289352;0.500000;0.358813;0.429407;827.000000;0.399806;0.202539;0.500000;0.288296;0.394148;537.000000;0.356790;0.376164;0.500000;0.429330;0.464665;827.000000;0.399806;0.202539;0.500000;0.288296;537.000000;0.356790;0.376164;0.500000;0.429330;0.377703;0.296149;0.500000;0.365349;0.432675;710.000000;0.399438;0.214789;0.500000;0.300493;0.400246;498.000000;0.355968;0.377510;0.500000;0.430206;0.465103;710.000000;0.399438;0.214789;0.500000;0.300493;498.000000;0.355968;0.377510;0.500000;0.430206;0.382926;0.283837;0.500000;0.356077;0.428038;654.000000;0.399653;0.207951;0.500000;0.293737;0.396868;360.000000;0.366199;0.359722;0.500000;0.418417;0.459208;654.000000;0.399653;0.207951;0.500000;0.293737;360.000000;0.366199;0.359722;0.500000;0.418417;0.000100
3;6325.000000;6325.000000;0.403597;0.403597;0.488249;0.489187;0.486296;0.389788;0.292677;0.500000;0.367691;0.433846;621.000000;0.397135;0.253623;0.500000;0.336538;0.418269;312.000000;0.382441;0.331731;0.500000;0.398844;0.449422;621.000000;0.397135;0.253623;0.500000;0.336538;312.000000;0.382441;0.331731;0.500000;0.398844;0.387235;0.289352;0.500000;0.358813;0.429407;827.000000;0.405005;0.202539;0.500000;0.288296;0.394148;537.000000;0.369464;0.376164;0.500000;0.429330;0.464665;827.000000;0.405005;0.202539;0.500000;0.288296;537.000000;0.369464;0.376164;0.500000;0.429330;0.384655;0.296149;0.500000;0.365349;0.432675;710.000000;0.403187;0.214789;0.500000;0.300493;0.400246;498.000000;0.366123;0.377510;0.500000;0.430206;0.465103;710.000000;0.403187;0.214789;0.500000;0.300493;498.000000;0.366123;0.377510;0.500000;0.430206;0.388795;0.283837;0.500000;0.356077;0.428038;654.000000;0.404213;0.207951;0.500000;0.293737;0.396868;360.000000;0.373376;0.359722;0.500000;0.418417;0.459208;654.000000;0.404213;0.207951;0.500000;0.293737;360.000000;0.373376;0.359722;0.500000;0.418417;0.000100
4;6325.000000;6325.000000;0.402565;0.402565;0.497302;0.497567;0.493959;0.400116;0.207323;0.500000;0.290948;0.395474;621.000000;0.398967;0.246377;0.500000;0.330097;0.415049;312.000000;0.401266;0.168269;0.500000;0.251799;0.375899;621.000000;0.398967;0.246377;0.500000;0.330097;312.000000;0.401266;0.168269;0.500000;0.251799;0.401015;0.210648;0.500000;0.285759;0.392879;827.000000;0.397782;0.297461;0.500000;0.373010;0.436505;537.000000;0.404248;0.123836;0.500000;0.198507;0.349254;827.000000;0.397782;0.297461;0.500000;0.373010;537.000000;0.404248;0.123836;0.500000;0.198507;0.400616;0.203851;0.500000;0.280001;0.390001;710.000000;0.398073;0.285211;0.500000;0.363229;0.431614;498.000000;0.403158;0.122490;0.500000;0.196774;0.348387;710.000000;0.398073;0.285211;0.500000;0.363229;498.000000;0.403158;0.122490;0.500000;0.196774;0.400106;0.216163;0.500000;0.293907;0.396954;654.000000;0.397896;0.292049;0.500000;0.368726;0.434363;360.000000;0.402316;0.140278;0.500000;0.219089;0.359544;654.000000;0.397896;0.292049;0.500000;0.368726;360.000000;0.402316;0.140278;0.500000;0.219089;0.000100
5;6325.000000;6325.000000;0.400060;0.400060;0.508926;0.507810;0.503103;0.389667;0.289054;0.500000;0.364471;0.432235;621.000000;0.401849;0.246377;0.500000;0.330097;0.415049;312.000000;0.377485;0.331731;0.500000;0.398844;0.449422;621.000000;0.401849;0.246377;0.500000;0.330097;312.000000;0.377485;0.331731;0.500000;0.398844;0.371617;0.336812;0.500000;0.401170;0.450585;827.000000;0.394747;0.297461;0.500000;0.373010;0.436505;537.000000;0.348488;0.376164;0.500000;0.429330;0.464665;827.000000;0.394747;0.297461;0.500000;0.373010;537.000000;0.348488;0.376164;0.500000;0.429330;0.371620;0.331361;0.500000;0.396717;0.448359;710.000000;0.396408;0.285211;0.500000;0.363229;0.431614;498.000000;0.346832;0.377510;0.500000;0.430206;0.465103;710.000000;0.396408;0.285211;0.500000;0.363229;498.000000;0.346832;0.377510;0.500000;0.430206;0.377956;0.325886;0.500000;0.393571;0.446786;654.000000;0.395444;0.292049;0.500000;0.368726;0.434363;360.000000;0.360469;0.359722;0.500000;0.418417;0.459208;654.000000;0.395444;0.292049;0.500000;0.368726;360.000000;0.360469;0.359722;0.500000;0.418417;0.000100
6;6325.000000;6325.000000;0.400115;0.400115;0.496368;0.496926;0.489630;0.407719;0.207323;0.500000;0.290948;0.395474;621.000000;0.402220;0.246377;0.500000;0.330097;0.415049;312.000000;0.413218;0.168269;0.500000;0.251799;0.375899;621.000000;0.402220;0.246377;0.500000;0.330097;312.000000;0.413218;0.168269;0.500000;0.251799;0.408776;0.210648;0.500000;0.285759;0.392879;827.000000;0.394417;0.297461;0.500000;0.373010;0.436505;537.000000;0.423135;0.123836;0.500000;0.198507;0.349254;827.000000;0.394417;0.297461;0.500000;0.373010;537.000000;0.423135;0.123836;0.500000;0.198507;0.409406;0.203851;0.500000;0.280001;0.390001;710.000000;0.396250;0.285211;0.500000;0.363229;0.431614;498.000000;0.422563;0.122490;0.500000;0.196774;0.348387;710.000000;0.396250;0.285211;0.500000;0.363229;498.000000;0.422563;0.122490;0.500000;0.196774;0.406804;0.216163;0.500000;0.293907;0.396954;654.000000;0.395202;0.292049;0.500000;0.368726;0.434363;360.000000;0.418406;0.140278;0.500000;0.219089;0.359544;654.000000;0.395202;0.292049;0.500000;0.368726;360.000000;0.418406;0.140278;0.500000;0.219089;0.000100
7;6325.000000;6325.000000;0.400256;0.400256;0.501997;0.501489;0.486406;0.389854;0.292677;0.500000;0.367691;0.433846;621.000000;0.398320;0.253623;0.500000;0.336538;0.418269;312.000000;0.381387;0.331731;0.500000;0.398844;0.449422;621.000000;0.398320;0.253623;0.500000;0.336538;312.000000;0.381387;0.331731;0.500000;0.398844;0.382573;0.289352;0.500000;0.358813;0.429407;827.000000;0.398813;0.202539;0.500000;0.288296;0.394148;537.000000;0.366332;0.376164;0.500000;0.429330;0.464665;827.000000;0.398813;0.202539;0.500000;0.288296;537.000000;0.366332;0.376164;0.500000;0.429330;0.381185;0.296149;0.500000;0.365349;0.432675;710.000000;0.398743;0.214789;0.500000;0.300493;0.400246;498.000000;0.363626;0.377510;0.500000;0.430206;0.465103;710.000000;0.398743;0.214789;0.500000;0.300493;498.000000;0.363626;0.377510;0.500000;0.430206;0.385157;0.283837;0.500000;0.356077;0.428038;654.000000;0.398787;0.207951;0.500000;0.293737;0.396868;360.000000;0.371527;0.359722;0.500000;0.418417;0.459208;654.000000;0.398787;0.207951;0.500000;0.293737;360.000000;0.371527;0.359722;0.500000;0.418417;0.000100

EXPERIMENT: multitask_audio_mamba_2026-08-18_11-55_audio_mamba_segment_model_wsm_audio_ssl-8699-002_8080b47b
CONFIG: wsm_audio_ssl-8699-002.yaml
seed: 42
experiment_info:
  params:
    experiment_name: wsm_audio_segment
    run_name: multitask_audio_mamba
data:
  name: wsm_audio_segment_datamodule
  params:
    data_root: /media/maxim/Databases/WSM_NEW
    task: multitask
    feature_cache_root: /media/maxim/Databases/WSM_NEW/features
    test_filters:
    - none
    - soft
    - hard
    feature_model_name: speechbrain/emotion-recognition-wav2vec2-IEMOCAP
    feature_layer: -1
    temporal_pool: 1
    batch_size: 8
    num_workers: 4
    pin_memory: true
    persistent_workers: true
    feature_extractor_type: speechbrain_emotion
model:
  name: audio_mamba_segment_model
  params:
    hidden_dim: 192
    num_layers: 3
    num_heads: 4
    ff_mult: 4
    dropout: 0.2
    encoder_type: mamba
    sequence_steps: 128
    mamba_d_state: 16
    mamba_d_conv: 4
    mamba_expand: 2
    mamba_required: true
loss:
  name: wsm_audio_loss
  params:
    label_smoothing: 0.02
    focal_gamma: 1.0
    aux_weight: 0.15
optimizer:
  name: adamw_optimizer
  params:
    lr: 0.0001
    weight_decay: 0.01
train:
  params:
    epochs: 30
    device: cuda
    mixed_precision: true
    grad_clip_norm: 0.5
    log_every_steps: 25
    collect_cache: true
metrics:
- name: prf_macro_metric
callbacks:
- name: wsm_audio_metrics_callback
  params:
    splits:
    - auto
- name: checkpoint_callback
  params:
    log_path: logs
    filename_template: epoch={epoch}_{monitor}={value:.4f}.pt
    monitor: dev/mean_score
    mode: max
    save_top_k: 2
    save_last: true
- name: snapshot_callback
  params:
    log_path: logs
    include:
    - src
    save_code_zip: true
    save_config: true
- name: wsm_summary_callback
  params:
    filename: summary.txt
- name: early_stopping_callback
  params:
    monitor: dev/mean_score
    mode: max
    patience: 6
    min_delta: 0.0005
logging:
- name: console_file_logger
  params:
    log_path: logs
    log_file: train.log
    console_level: INFO
    file_level: INFO
- name: mlflow_logger
  params:
    tracking_uri: sqlite:///logs/mlflow.db
RESULTS:
epoch;train/num_samples;train/train/num_samples;train/loss;train/train/loss;train/macro_precision;train/macro_recall;train/macro_f1;dev/mean_loss;dev/mean_macro_precision;dev/mean_macro_recall;dev/mean_macro_f1;dev/mean_score;dev/depression/num_samples;dev/depression/loss;dev/depression/macro_precision;dev/depression/macro_recall;dev/depression/macro_f1;dev/depression/score;dev/parkinson/num_samples;dev/parkinson/loss;dev/parkinson/macro_precision;dev/parkinson/macro_recall;dev/parkinson/macro_f1;dev/parkinson/score;dev_depression/num_samples;dev_depression/loss;dev_depression/macro_precision;dev_depression/macro_recall;dev_depression/macro_f1;dev_parkinson/num_samples;dev_parkinson/loss;dev_parkinson/macro_precision;dev_parkinson/macro_recall;dev_parkinson/macro_f1;test_none/mean_loss;test_none/mean_macro_precision;test_none/mean_macro_recall;test_none/mean_macro_f1;test_none/mean_score;test_none/depression/num_samples;test_none/depression/loss;test_none/depression/macro_precision;test_none/depression/macro_recall;test_none/depression/macro_f1;test_none/depression/score;test_none/parkinson/num_samples;test_none/parkinson/loss;test_none/parkinson/macro_precision;test_none/parkinson/macro_recall;test_none/parkinson/macro_f1;test_none/parkinson/score;test_none_depression/num_samples;test_none_depression/loss;test_none_depression/macro_precision;test_none_depression/macro_recall;test_none_depression/macro_f1;test_none_parkinson/num_samples;test_none_parkinson/loss;test_none_parkinson/macro_precision;test_none_parkinson/macro_recall;test_none_parkinson/macro_f1;test_soft/mean_loss;test_soft/mean_macro_precision;test_soft/mean_macro_recall;test_soft/mean_macro_f1;test_soft/mean_score;test_soft/depression/num_samples;test_soft/depression/loss;test_soft/depression/macro_precision;test_soft/depression/macro_recall;test_soft/depression/macro_f1;test_soft/depression/score;test_soft/parkinson/num_samples;test_soft/parkinson/loss;test_soft/parkinson/macro_precision;test_soft/parkinson/macro_recall;test_soft/parkinson/macro_f1;test_soft/parkinson/score;test_soft_depression/num_samples;test_soft_depression/loss;test_soft_depression/macro_precision;test_soft_depression/macro_recall;test_soft_depression/macro_f1;test_soft_parkinson/num_samples;test_soft_parkinson/loss;test_soft_parkinson/macro_precision;test_soft_parkinson/macro_recall;test_soft_parkinson/macro_f1;test_hard/mean_loss;test_hard/mean_macro_precision;test_hard/mean_macro_recall;test_hard/mean_macro_f1;test_hard/mean_score;test_hard/depression/num_samples;test_hard/depression/loss;test_hard/depression/macro_precision;test_hard/depression/macro_recall;test_hard/depression/macro_f1;test_hard/depression/score;test_hard/parkinson/num_samples;test_hard/parkinson/loss;test_hard/parkinson/macro_precision;test_hard/parkinson/macro_recall;test_hard/parkinson/macro_f1;test_hard/parkinson/score;test_hard_depression/num_samples;test_hard_depression/loss;test_hard_depression/macro_precision;test_hard_depression/macro_recall;test_hard_depression/macro_f1;test_hard_parkinson/num_samples;test_hard_parkinson/loss;test_hard_parkinson/macro_precision;test_hard_parkinson/macro_recall;test_hard_parkinson/macro_f1;lr/group
1;6325.000000;6325.000000;0.389613;0.389613;0.611588;0.608515;0.609545;0.368322;0.684563;0.633576;0.633534;0.633555;621.000000;0.374816;0.650275;0.646172;0.644452;0.645312;312.000000;0.361829;0.718851;0.620980;0.622616;0.621798;621.000000;0.374816;0.650275;0.646172;0.644452;312.000000;0.361829;0.718851;0.620980;0.622616;0.344025;0.720202;0.656938;0.649632;0.653285;827.000000;0.374197;0.696216;0.689537;0.657348;0.673443;537.000000;0.313852;0.744189;0.624339;0.641915;0.633127;827.000000;0.374197;0.696216;0.689537;0.657348;537.000000;0.313852;0.744189;0.624339;0.641915;0.341605;0.730079;0.663077;0.660154;0.661615;710.000000;0.370698;0.714336;0.703987;0.680572;0.692280;498.000000;0.312512;0.745822;0.622166;0.639736;0.630951;710.000000;0.370698;0.714336;0.703987;0.680572;498.000000;0.312512;0.745822;0.622166;0.639736;0.353035;0.723250;0.664575;0.655506;0.660041;654.000000;0.370999;0.717932;0.707663;0.678029;0.692846;360.000000;0.335071;0.728567;0.621488;0.632984;0.627236;654.000000;0.370999;0.717932;0.707663;0.678029;360.000000;0.335071;0.728567;0.621488;0.632984;0.000100
2;6325.000000;6325.000000;0.376323;0.376323;0.648324;0.645014;0.646300;0.359242;0.683806;0.632759;0.632669;0.632714;621.000000;0.371432;0.648760;0.644538;0.642723;0.643630;312.000000;0.347052;0.718851;0.620980;0.622616;0.621798;621.000000;0.371432;0.648760;0.644538;0.642723;312.000000;0.347052;0.718851;0.620980;0.622616;0.354395;0.723358;0.657557;0.650493;0.654025;827.000000;0.399588;0.696216;0.689537;0.657348;0.673443;537.000000;0.309201;0.750501;0.625577;0.643637;0.634607;827.000000;0.399588;0.696216;0.689537;0.657348;537.000000;0.309201;0.750501;0.625577;0.643637;0.350566;0.734100;0.664359;0.661817;0.663088;710.000000;0.393373;0.715298;0.705222;0.682038;0.693630;498.000000;0.307759;0.752902;0.623496;0.641595;0.632545;710.000000;0.393373;0.715298;0.705222;0.682038;498.000000;0.307759;0.752902;0.623496;0.641595;0.359702;0.727882;0.666195;0.657515;0.661855;654.000000;0.396946;0.718914;0.708972;0.679612;0.694292;360.000000;0.322459;0.736850;0.623418;0.635417;0.629417;654.000000;0.396946;0.718914;0.708972;0.679612;360.000000;0.322459;0.736850;0.623418;0.635417;0.000100
3;6325.000000;6325.000000;0.378482;0.378482;0.654294;0.649907;0.651521;0.360656;0.683952;0.632736;0.632561;0.632648;621.000000;0.371564;0.649053;0.644491;0.642506;0.643498;312.000000;0.349747;0.718851;0.620980;0.622616;0.621798;621.000000;0.371564;0.649053;0.644491;0.642506;312.000000;0.349747;0.718851;0.620980;0.622616;0.346144;0.717278;0.656049;0.648122;0.652086;827.000000;0.376142;0.696471;0.688997;0.656042;0.672520;537.000000;0.316147;0.738086;0.623102;0.640202;0.631652;827.000000;0.376142;0.696471;0.688997;0.656042;537.000000;0.316147;0.738086;0.623102;0.640202;0.341228;0.727224;0.662614;0.659176;0.660895;710.000000;0.367488;0.715443;0.704392;0.680463;0.692427;498.000000;0.314968;0.739005;0.620836;0.637889;0.629363;710.000000;0.367488;0.715443;0.704392;0.680463;498.000000;0.314968;0.739005;0.620836;0.637889;0.349275;0.719960;0.663875;0.654245;0.659060;654.000000;0.369145;0.719285;0.708192;0.677923;0.693058;360.000000;0.329405;0.720635;0.619557;0.630567;0.625062;654.000000;0.369145;0.719285;0.708192;0.677923;360.000000;0.329405;0.720635;0.619557;0.630567;0.000100
4;6325.000000;6325.000000;0.371312;0.371312;0.656508;0.651379;0.653192;0.365767;0.684563;0.633576;0.633534;0.633555;621.000000;0.370154;0.650275;0.646172;0.644452;0.645312;312.000000;0.361380;0.718851;0.620980;0.622616;0.621798;621.000000;0.370154;0.650275;0.646172;0.644452;312.000000;0.361380;0.718851;0.620980;0.622616;0.347514;0.719810;0.656430;0.649011;0.652720;827.000000;0.380735;0.695431;0.688521;0.656107;0.672314;537.000000;0.314294;0.744189;0.624339;0.641915;0.633127;827.000000;0.380735;0.695431;0.688521;0.656107;537.000000;0.314294;0.744189;0.624339;0.641915;0.342864;0.730079;0.663077;0.660154;0.661615;710.000000;0.373639;0.714336;0.703987;0.680572;0.692280;498.000000;0.312088;0.745822;0.622166;0.639736;0.630951;710.000000;0.373639;0.714336;0.703987;0.680572;498.000000;0.312088;0.745822;0.622166;0.639736;0.354749;0.723250;0.664575;0.655506;0.660041;654.000000;0.375618;0.717932;0.707663;0.678029;0.692846;360.000000;0.333880;0.728567;0.621488;0.632984;0.627236;654.000000;0.375618;0.717932;0.707663;0.678029;360.000000;0.333880;0.728567;0.621488;0.632984;0.000100
5;6325.000000;6325.000000;0.371625;0.371625;0.656564;0.651662;0.653420;0.376518;0.684563;0.633576;0.633534;0.633555;621.000000;0.383270;0.650275;0.646172;0.644452;0.645312;312.000000;0.369766;0.718851;0.620980;0.622616;0.621798;621.000000;0.383270;0.650275;0.646172;0.644452;312.000000;0.369766;0.718851;0.620980;0.622616;0.333124;0.721949;0.656573;0.649930;0.653252;827.000000;0.356686;0.693398;0.687568;0.656224;0.671896;537.000000;0.309563;0.750501;0.625577;0.643637;0.634607;827.000000;0.356686;0.693398;0.687568;0.656224;537.000000;0.309563;0.750501;0.625577;0.643637;0.330870;0.732544;0.663337;0.661185;0.662261;710.000000;0.355510;0.712185;0.703177;0.680776;0.691977;498.000000;0.306231;0.752902;0.623496;0.641595;0.632545;710.000000;0.355510;0.712185;0.703177;0.680776;498.000000;0.306231;0.752902;0.623496;0.641595;0.342986;0.726079;0.665011;0.656819;0.660915;654.000000;0.352970;0.715307;0.706604;0.678222;0.692413;360.000000;0.333002;0.736850;0.623418;0.635417;0.629417;654.000000;0.352970;0.715307;0.706604;0.678222;360.000000;0.333002;0.736850;0.623418;0.635417;0.000100
6;6325.000000;6325.000000;0.371204;0.371204;0.657718;0.653290;0.654934;0.355242;0.684563;0.633576;0.633534;0.633555;621.000000;0.366338;0.650275;0.646172;0.644452;0.645312;312.000000;0.344147;0.718851;0.620980;0.622616;0.621798;621.000000;0.366338;0.650275;0.646172;0.644452;312.000000;0.344147;0.718851;0.620980;0.622616;0.342480;0.722454;0.656811;0.649902;0.653357;827.000000;0.376184;0.694407;0.688045;0.656167;0.672106;537.000000;0.308776;0.750501;0.625577;0.643637;0.634607;827.000000;0.376184;0.694407;0.688045;0.656167;537.000000;0.308776;0.750501;0.625577;0.643637;0.339106;0.733076;0.663539;0.661136;0.662337;710.000000;0.370986;0.713250;0.703582;0.680677;0.692129;498.000000;0.307226;0.752902;0.623496;0.641595;0.632545;710.000000;0.370986;0.713250;0.703582;0.680677;498.000000;0.307226;0.752902;0.623496;0.641595;0.349517;0.726728;0.665276;0.656773;0.661024;654.000000;0.372246;0.716606;0.707134;0.678128;0.692631;360.000000;0.326788;0.736850;0.623418;0.635417;0.629417;654.000000;0.372246;0.716606;0.707134;0.678128;360.000000;0.326788;0.736850;0.623418;0.635417;0.000100
7;6325.000000;6325.000000;0.366594;0.366594;0.662634;0.655991;0.658187;0.376131;0.684563;0.633576;0.633534;0.633555;621.000000;0.375262;0.650275;0.646172;0.644452;0.645312;312.000000;0.377001;0.718851;0.620980;0.622616;0.621798;621.000000;0.375262;0.650275;0.646172;0.644452;312.000000;0.377001;0.718851;0.620980;0.622616;0.338386;0.718397;0.655446;0.648450;0.651948;827.000000;0.360287;0.692605;0.686552;0.654985;0.670769;537.000000;0.316486;0.744189;0.624339;0.641915;0.633127;827.000000;0.360287;0.692605;0.686552;0.654985;537.000000;0.316486;0.744189;0.624339;0.641915;0.335782;0.728517;0.662054;0.659525;0.660790;710.000000;0.356886;0.711212;0.701943;0.679314;0.690629;498.000000;0.314678;0.745822;0.622166;0.639736;0.630951;710.000000;0.356886;0.711212;0.701943;0.679314;498.000000;0.314678;0.745822;0.622166;0.639736;0.350306;0.721439;0.663392;0.654814;0.659103;654.000000;0.355755;0.714311;0.705295;0.676644;0.690969;360.000000;0.344858;0.728567;0.621488;0.632984;0.627236;654.000000;0.355755;0.714311;0.705295;0.676644;360.000000;0.344858;0.728567;0.621488;0.632984;0.000100

EXPERIMENT: multitask_audio_mamba_2026-08-18_12-07_audio_mamba_segment_model_wsm_audio_ssl-8699-003_6e3f99bf
CONFIG: wsm_audio_ssl-8699-003.yaml
seed: 42
experiment_info:
  params:
    experiment_name: wsm_audio_segment
    run_name: multitask_audio_mamba
data:
  name: wsm_audio_segment_datamodule
  params:
    data_root: /media/maxim/Databases/WSM_NEW
    task: multitask
    feature_cache_root: /media/maxim/Databases/WSM_NEW/features
    test_filters:
    - none
    - soft
    - hard
    feature_model_name: tiantiaf/wavlm-large-speech-flow
    feature_layer: -1
    temporal_pool: 1
    batch_size: 8
    num_workers: 4
    pin_memory: true
    persistent_workers: true
    feature_extractor_type: vox_profile
model:
  name: audio_mamba_segment_model
  params:
    hidden_dim: 192
    num_layers: 3
    num_heads: 4
    ff_mult: 4
    dropout: 0.2
    encoder_type: mamba
    sequence_steps: 128
    mamba_d_state: 16
    mamba_d_conv: 4
    mamba_expand: 2
    mamba_required: true
loss:
  name: wsm_audio_loss
  params:
    label_smoothing: 0.02
    focal_gamma: 1.0
    aux_weight: 0.15
optimizer:
  name: adamw_optimizer
  params:
    lr: 0.0001
    weight_decay: 0.01
train:
  params:
    epochs: 30
    device: cuda
    mixed_precision: true
    grad_clip_norm: 0.5
    log_every_steps: 25
    collect_cache: true
metrics:
- name: prf_macro_metric
callbacks:
- name: wsm_audio_metrics_callback
  params:
    splits:
    - auto
- name: checkpoint_callback
  params:
    log_path: logs
    filename_template: epoch={epoch}_{monitor}={value:.4f}.pt
    monitor: dev/mean_score
    mode: max
    save_top_k: 2
    save_last: true
- name: snapshot_callback
  params:
    log_path: logs
    include:
    - src
    save_code_zip: true
    save_config: true
- name: wsm_summary_callback
  params:
    filename: summary.txt
- name: early_stopping_callback
  params:
    monitor: dev/mean_score
    mode: max
    patience: 6
    min_delta: 0.0005
logging:
- name: console_file_logger
  params:
    log_path: logs
    log_file: train.log
    console_level: INFO
    file_level: INFO
- name: mlflow_logger
  params:
    tracking_uri: sqlite:///logs/mlflow.db
RESULTS:
epoch;train/num_samples;train/train/num_samples;train/loss;train/train/loss;train/macro_precision;train/macro_recall;train/macro_f1;dev/mean_loss;dev/mean_macro_precision;dev/mean_macro_recall;dev/mean_macro_f1;dev/mean_score;dev/depression/num_samples;dev/depression/loss;dev/depression/macro_precision;dev/depression/macro_recall;dev/depression/macro_f1;dev/depression/score;dev/parkinson/num_samples;dev/parkinson/loss;dev/parkinson/macro_precision;dev/parkinson/macro_recall;dev/parkinson/macro_f1;dev/parkinson/score;dev_depression/num_samples;dev_depression/loss;dev_depression/macro_precision;dev_depression/macro_recall;dev_depression/macro_f1;dev_parkinson/num_samples;dev_parkinson/loss;dev_parkinson/macro_precision;dev_parkinson/macro_recall;dev_parkinson/macro_f1;test_none/mean_loss;test_none/mean_macro_precision;test_none/mean_macro_recall;test_none/mean_macro_f1;test_none/mean_score;test_none/depression/num_samples;test_none/depression/loss;test_none/depression/macro_precision;test_none/depression/macro_recall;test_none/depression/macro_f1;test_none/depression/score;test_none/parkinson/num_samples;test_none/parkinson/loss;test_none/parkinson/macro_precision;test_none/parkinson/macro_recall;test_none/parkinson/macro_f1;test_none/parkinson/score;test_none_depression/num_samples;test_none_depression/loss;test_none_depression/macro_precision;test_none_depression/macro_recall;test_none_depression/macro_f1;test_none_parkinson/num_samples;test_none_parkinson/loss;test_none_parkinson/macro_precision;test_none_parkinson/macro_recall;test_none_parkinson/macro_f1;test_soft/mean_loss;test_soft/mean_macro_precision;test_soft/mean_macro_recall;test_soft/mean_macro_f1;test_soft/mean_score;test_soft/depression/num_samples;test_soft/depression/loss;test_soft/depression/macro_precision;test_soft/depression/macro_recall;test_soft/depression/macro_f1;test_soft/depression/score;test_soft/parkinson/num_samples;test_soft/parkinson/loss;test_soft/parkinson/macro_precision;test_soft/parkinson/macro_recall;test_soft/parkinson/macro_f1;test_soft/parkinson/score;test_soft_depression/num_samples;test_soft_depression/loss;test_soft_depression/macro_precision;test_soft_depression/macro_recall;test_soft_depression/macro_f1;test_soft_parkinson/num_samples;test_soft_parkinson/loss;test_soft_parkinson/macro_precision;test_soft_parkinson/macro_recall;test_soft_parkinson/macro_f1;test_hard/mean_loss;test_hard/mean_macro_precision;test_hard/mean_macro_recall;test_hard/mean_macro_f1;test_hard/mean_score;test_hard/depression/num_samples;test_hard/depression/loss;test_hard/depression/macro_precision;test_hard/depression/macro_recall;test_hard/depression/macro_f1;test_hard/depression/score;test_hard/parkinson/num_samples;test_hard/parkinson/loss;test_hard/parkinson/macro_precision;test_hard/parkinson/macro_recall;test_hard/parkinson/macro_f1;test_hard/parkinson/score;test_hard_depression/num_samples;test_hard_depression/loss;test_hard_depression/macro_precision;test_hard_depression/macro_recall;test_hard_depression/macro_f1;test_hard_parkinson/num_samples;test_hard_parkinson/loss;test_hard_parkinson/macro_precision;test_hard_parkinson/macro_recall;test_hard_parkinson/macro_f1;lr/group
1;6325.000000;6325.000000;0.404670;0.404670;0.528888;0.529290;0.528930;0.397145;0.573950;0.571494;0.539767;0.555630;621.000000;0.399736;0.574905;0.566106;0.551507;0.558807;312.000000;0.394554;0.572995;0.576881;0.528027;0.552454;621.000000;0.399736;0.574905;0.566106;0.551507;312.000000;0.394554;0.572995;0.576881;0.528027;0.378922;0.598324;0.597203;0.549016;0.573110;827.000000;0.355694;0.639399;0.624160;0.625389;0.624774;537.000000;0.402150;0.557250;0.570247;0.472643;0.521445;827.000000;0.355694;0.639399;0.624160;0.625389;537.000000;0.402150;0.557250;0.570247;0.472643;0.377342;0.607064;0.606086;0.553199;0.579642;710.000000;0.355709;0.646008;0.628678;0.627932;0.628305;498.000000;0.398975;0.568119;0.583493;0.478466;0.530980;710.000000;0.355709;0.646008;0.628678;0.627932;498.000000;0.398975;0.568119;0.583493;0.478466;0.374960;0.610728;0.604251;0.563308;0.583780;654.000000;0.348488;0.659755;0.639215;0.640009;0.639612;360.000000;0.401431;0.561702;0.569288;0.486607;0.527947;654.000000;0.348488;0.659755;0.639215;0.640009;360.000000;0.401431;0.561702;0.569288;0.486607;0.000100
2;6325.000000;6325.000000;0.378343;0.378343;0.611258;0.612201;0.611664;0.396524;0.601741;0.578082;0.572240;0.575161;621.000000;0.419020;0.556322;0.549953;0.535458;0.542706;312.000000;0.374029;0.647160;0.606211;0.609023;0.607617;621.000000;0.419020;0.556322;0.549953;0.535458;312.000000;0.374029;0.647160;0.606211;0.609023;0.337019;0.664187;0.647516;0.652866;0.650191;827.000000;0.343092;0.682982;0.677700;0.679595;0.678648;537.000000;0.330946;0.645392;0.617332;0.626136;0.621734;827.000000;0.343092;0.682982;0.677700;0.679595;537.000000;0.330946;0.645392;0.617332;0.626136;0.325935;0.669328;0.649935;0.655410;0.652672;710.000000;0.337709;0.697580;0.688909;0.690973;0.689941;498.000000;0.314160;0.641075;0.610961;0.619847;0.615404;710.000000;0.337709;0.697580;0.688909;0.690973;498.000000;0.314160;0.641075;0.610961;0.619847;0.346749;0.651999;0.635586;0.638689;0.637137;654.000000;0.330488;0.712126;0.699877;0.703032;0.701455;360.000000;0.363009;0.591872;0.571295;0.574346;0.572820;654.000000;0.330488;0.712126;0.699877;0.703032;360.000000;0.363009;0.591872;0.571295;0.574346;0.000100
3;6325.000000;6325.000000;0.366001;0.366001;0.658851;0.662870;0.660061;0.343519;0.686609;0.698422;0.687384;0.692903;621.000000;0.371086;0.653699;0.653641;0.653655;0.653648;312.000000;0.315951;0.719518;0.743202;0.721114;0.732158;621.000000;0.371086;0.653699;0.653641;0.653655;312.000000;0.315951;0.719518;0.743202;0.721114;0.339150;0.663203;0.677186;0.664216;0.670701;827.000000;0.348545;0.654578;0.660102;0.648569;0.654335;537.000000;0.329756;0.671827;0.694270;0.679863;0.687067;827.000000;0.348545;0.654578;0.660102;0.648569;537.000000;0.329756;0.671827;0.694270;0.679863;0.331974;0.661099;0.673570;0.660365;0.666968;710.000000;0.353744;0.649267;0.650354;0.639365;0.644860;498.000000;0.310205;0.672931;0.696787;0.681366;0.689076;710.000000;0.353744;0.649267;0.650354;0.639365;498.000000;0.310205;0.672931;0.696787;0.681366;0.345835;0.649318;0.657151;0.645556;0.651353;654.000000;0.348647;0.662978;0.665576;0.651112;0.658344;360.000000;0.343024;0.635657;0.648725;0.640000;0.644363;654.000000;0.348647;0.662978;0.665576;0.651112;360.000000;0.343024;0.635657;0.648725;0.640000;0.000100
4;6325.000000;6325.000000;0.354410;0.354410;0.662639;0.666400;0.663871;0.398038;0.633425;0.633403;0.602429;0.617916;621.000000;0.411517;0.605419;0.589029;0.570649;0.579839;312.000000;0.384559;0.661430;0.677778;0.634209;0.655994;621.000000;0.411517;0.605419;0.589029;0.570649;312.000000;0.384559;0.661430;0.677778;0.634209;0.366338;0.660819;0.672647;0.654542;0.663595;827.000000;0.343070;0.680620;0.664173;0.667244;0.665709;537.000000;0.389605;0.641019;0.681121;0.641841;0.661481;827.000000;0.343070;0.680620;0.664173;0.667244;537.000000;0.389605;0.641019;0.681121;0.641841;0.350619;0.667901;0.679181;0.661495;0.670338;710.000000;0.341547;0.689203;0.671342;0.673024;0.672183;498.000000;0.359691;0.646599;0.687020;0.649966;0.668493;710.000000;0.341547;0.689203;0.671342;0.673024;498.000000;0.359691;0.646599;0.687020;0.649966;0.366964;0.662552;0.665747;0.653813;0.659780;654.000000;0.333800;0.699866;0.680686;0.683777;0.682231;360.000000;0.400128;0.625238;0.650809;0.623850;0.637329;654.000000;0.333800;0.699866;0.680686;0.683777;360.000000;0.400128;0.625238;0.650809;0.623850;0.000100
5;6325.000000;6325.000000;0.345183;0.345183;0.680220;0.683082;0.681368;0.365170;0.657164;0.650675;0.646463;0.648569;621.000000;0.388299;0.601973;0.593137;0.582794;0.587966;312.000000;0.342042;0.712355;0.708213;0.710131;0.709172;621.000000;0.388299;0.601973;0.593137;0.582794;312.000000;0.342042;0.712355;0.708213;0.710131;0.340030;0.681553;0.668338;0.672421;0.670379;827.000000;0.346299;0.681577;0.666618;0.669704;0.668161;537.000000;0.333760;0.681530;0.670057;0.675139;0.672598;827.000000;0.346299;0.681577;0.666618;0.669704;537.000000;0.333760;0.681530;0.670057;0.675139;0.322176;0.689669;0.675117;0.679192;0.677155;710.000000;0.344564;0.695545;0.680348;0.682466;0.681407;498.000000;0.299787;0.683793;0.669886;0.675919;0.672902;710.000000;0.344564;0.695545;0.680348;0.682466;498.000000;0.299787;0.683793;0.669886;0.675919;0.350705;0.674053;0.659168;0.663303;0.661235;654.000000;0.336526;0.707206;0.690407;0.693747;0.692077;360.000000;0.364884;0.640899;0.627929;0.632859;0.630394;654.000000;0.336526;0.707206;0.690407;0.693747;360.000000;0.364884;0.640899;0.627929;0.632859;0.000100
6;6325.000000;6325.000000;0.345562;0.345562;0.688682;0.694617;0.690189;0.397427;0.649154;0.651278;0.632868;0.642073;621.000000;0.404939;0.620729;0.604902;0.589849;0.597376;312.000000;0.389915;0.677579;0.697654;0.675888;0.686771;621.000000;0.404939;0.620729;0.604902;0.589849;312.000000;0.389915;0.677579;0.697654;0.675888;0.365068;0.643567;0.647499;0.640637;0.644068;827.000000;0.350416;0.657116;0.643086;0.645311;0.644199;537.000000;0.379720;0.630018;0.651911;0.635963;0.643937;827.000000;0.350416;0.657116;0.643086;0.645311;537.000000;0.379720;0.630018;0.651911;0.635963;0.348538;0.652923;0.656036;0.649014;0.652525;710.000000;0.343485;0.669892;0.654503;0.655594;0.655048;498.000000;0.353590;0.635954;0.657569;0.642434;0.650001;710.000000;0.343485;0.669892;0.654503;0.655594;498.000000;0.353590;0.635954;0.657569;0.642434;0.368766;0.646471;0.643931;0.640898;0.642415;654.000000;0.336407;0.680576;0.663641;0.666036;0.664839;360.000000;0.401124;0.612366;0.624221;0.615760;0.619991;654.000000;0.336407;0.680576;0.663641;0.666036;360.000000;0.401124;0.612366;0.624221;0.615760;0.000100
7;6325.000000;6325.000000;0.339343;0.339343;0.696335;0.695971;0.696150;0.424084;0.611819;0.575967;0.562883;0.569425;621.000000;0.403772;0.600606;0.592997;0.583903;0.588450;312.000000;0.444396;0.623031;0.558937;0.541864;0.550400;621.000000;0.403772;0.600606;0.592997;0.583903;312.000000;0.444396;0.623031;0.558937;0.541864;0.358398;0.685428;0.639145;0.646226;0.642686;827.000000;0.346593;0.692143;0.677606;0.680977;0.679292;537.000000;0.370202;0.678713;0.600685;0.611475;0.606080;827.000000;0.346593;0.692143;0.677606;0.680977;537.000000;0.370202;0.678713;0.600685;0.611475;0.346222;0.689358;0.641382;0.647759;0.644570;710.000000;0.347213;0.700054;0.684861;0.687126;0.685994;498.000000;0.345231;0.678661;0.597903;0.608392;0.603147;710.000000;0.347213;0.700054;0.684861;0.687126;498.000000;0.345231;0.678661;0.597903;0.608392;0.378623;0.664506;0.627257;0.626902;0.627079;654.000000;0.339811;0.711009;0.693024;0.696512;0.694768;360.000000;0.417435;0.618003;0.561489;0.557292;0.559391;654.000000;0.339811;0.711009;0.693024;0.696512;360.000000;0.417435;0.618003;0.561489;0.557292;0.000100
8;6325.000000;6325.000000;0.334622;0.334622;0.706353;0.710893;0.708004;0.408071;0.680154;0.634937;0.629203;0.632070;621.000000;0.442756;0.623647;0.599066;0.576075;0.587570;312.000000;0.373387;0.736661;0.670807;0.682331;0.676569;621.000000;0.442756;0.623647;0.599066;0.576075;312.000000;0.373387;0.736661;0.670807;0.682331;0.363097;0.692059;0.656765;0.666388;0.661577;827.000000;0.365300;0.672069;0.657599;0.660366;0.658983;537.000000;0.360893;0.712050;0.655931;0.672410;0.664171;827.000000;0.365300;0.672069;0.657599;0.660366;537.000000;0.360893;0.712050;0.655931;0.672410;0.346850;0.691420;0.654176;0.663341;0.658758;710.000000;0.366017;0.670844;0.656952;0.658265;0.657609;498.000000;0.327682;0.711996;0.651400;0.668417;0.659908;710.000000;0.366017;0.670844;0.656952;0.658265;498.000000;0.327682;0.711996;0.651400;0.668417;0.377252;0.675758;0.641395;0.647791;0.644593;654.000000;0.358412;0.674999;0.659715;0.661970;0.660842;360.000000;0.396091;0.676517;0.623074;0.633612;0.628343;654.000000;0.358412;0.674999;0.659715;0.661970;360.000000;0.396091;0.676517;0.623074;0.633612;0.000100
9;6325.000000;6325.000000;0.325692;0.325692;0.720103;0.721827;0.720898;0.406161;0.647152;0.613515;0.608731;0.611123;621.000000;0.431228;0.611789;0.596872;0.581304;0.589088;312.000000;0.381094;0.682516;0.630159;0.636159;0.633159;621.000000;0.431228;0.611789;0.596872;0.581304;312.000000;0.381094;0.682516;0.630159;0.636159;0.364445;0.664603;0.646595;0.652403;0.649499;827.000000;0.374278;0.659502;0.658391;0.658895;0.658643;537.000000;0.354612;0.669705;0.634799;0.645910;0.640354;827.000000;0.374278;0.659502;0.658391;0.658895;537.000000;0.354612;0.669705;0.634799;0.645910;0.353213;0.666635;0.647818;0.653797;0.650807;710.000000;0.375336;0.664590;0.662963;0.663609;0.663286;498.000000;0.331089;0.668681;0.632674;0.643984;0.638329;710.000000;0.375336;0.664590;0.662963;0.663609;498.000000;0.331089;0.668681;0.632674;0.643984;0.379015;0.656863;0.639291;0.643231;0.641261;654.000000;0.366993;0.669387;0.669021;0.669197;0.669109;360.000000;0.391036;0.644339;0.609561;0.617264;0.613412;654.000000;0.366993;0.669387;0.669021;0.669197;360.000000;0.391036;0.644339;0.609561;0.617264;0.000100

EXPERIMENT: multitask_audio_mamba_2026-08-18_13-01_audio_mamba_segment_model_wsm_audio_ssl-9735-001_048d0a8e
CONFIG: wsm_audio_ssl-9735-001.yaml
seed: 42
experiment_info:
  params:
    experiment_name: wsm_audio_segment
    run_name: multitask_audio_mamba
data:
  name: wsm_audio_segment_datamodule
  params:
    data_root: /media/maxim/Databases/WSM_NEW
    task: multitask
    feature_cache_root: /media/maxim/Databases/WSM_NEW/features
    test_filters:
    - none
    - soft
    - hard
    feature_model_name: tiantiaf/wavlm-large-voice-quality
    feature_layer: -1
    temporal_pool: 1
    batch_size: 8
    num_workers: 4
    pin_memory: true
    persistent_workers: true
    feature_extractor_type: vox_profile
model:
  name: audio_mamba_segment_model
  params:
    hidden_dim: 192
    num_layers: 3
    num_heads: 4
    ff_mult: 4
    dropout: 0.2
    encoder_type: mamba
    sequence_steps: 128
    mamba_d_state: 16
    mamba_d_conv: 4
    mamba_expand: 2
    mamba_required: true
loss:
  name: wsm_audio_loss
  params:
    label_smoothing: 0.02
    focal_gamma: 1.0
    aux_weight: 0.15
optimizer:
  name: adamw_optimizer
  params:
    lr: 0.0001
    weight_decay: 0.01
train:
  params:
    epochs: 30
    device: cuda
    mixed_precision: true
    grad_clip_norm: 0.5
    log_every_steps: 25
    collect_cache: true
metrics:
- name: prf_macro_metric
callbacks:
- name: wsm_audio_metrics_callback
  params:
    splits:
    - auto
- name: checkpoint_callback
  params:
    log_path: logs
    filename_template: epoch={epoch}_{monitor}={value:.4f}.pt
    monitor: dev/mean_score
    mode: max
    save_top_k: 2
    save_last: true
- name: snapshot_callback
  params:
    log_path: logs
    include:
    - src
    save_code_zip: true
    save_config: true
- name: wsm_summary_callback
  params:
    filename: summary.txt
- name: early_stopping_callback
  params:
    monitor: dev/mean_score
    mode: max
    patience: 6
    min_delta: 0.0005
logging:
- name: console_file_logger
  params:
    log_path: logs
    log_file: train.log
    console_level: INFO
    file_level: INFO
- name: mlflow_logger
  params:
    tracking_uri: sqlite:///logs/mlflow.db
RESULTS:
epoch;train/num_samples;train/train/num_samples;train/loss;train/train/loss;train/macro_precision;train/macro_recall;train/macro_f1;dev/mean_loss;dev/mean_macro_precision;dev/mean_macro_recall;dev/mean_macro_f1;dev/mean_score;dev/depression/num_samples;dev/depression/loss;dev/depression/macro_precision;dev/depression/macro_recall;dev/depression/macro_f1;dev/depression/score;dev/parkinson/num_samples;dev/parkinson/loss;dev/parkinson/macro_precision;dev/parkinson/macro_recall;dev/parkinson/macro_f1;dev/parkinson/score;dev_depression/num_samples;dev_depression/loss;dev_depression/macro_precision;dev_depression/macro_recall;dev_depression/macro_f1;dev_parkinson/num_samples;dev_parkinson/loss;dev_parkinson/macro_precision;dev_parkinson/macro_recall;dev_parkinson/macro_f1;test_none/mean_loss;test_none/mean_macro_precision;test_none/mean_macro_recall;test_none/mean_macro_f1;test_none/mean_score;test_none/depression/num_samples;test_none/depression/loss;test_none/depression/macro_precision;test_none/depression/macro_recall;test_none/depression/macro_f1;test_none/depression/score;test_none/parkinson/num_samples;test_none/parkinson/loss;test_none/parkinson/macro_precision;test_none/parkinson/macro_recall;test_none/parkinson/macro_f1;test_none/parkinson/score;test_none_depression/num_samples;test_none_depression/loss;test_none_depression/macro_precision;test_none_depression/macro_recall;test_none_depression/macro_f1;test_none_parkinson/num_samples;test_none_parkinson/loss;test_none_parkinson/macro_precision;test_none_parkinson/macro_recall;test_none_parkinson/macro_f1;test_soft/mean_loss;test_soft/mean_macro_precision;test_soft/mean_macro_recall;test_soft/mean_macro_f1;test_soft/mean_score;test_soft/depression/num_samples;test_soft/depression/loss;test_soft/depression/macro_precision;test_soft/depression/macro_recall;test_soft/depression/macro_f1;test_soft/depression/score;test_soft/parkinson/num_samples;test_soft/parkinson/loss;test_soft/parkinson/macro_precision;test_soft/parkinson/macro_recall;test_soft/parkinson/macro_f1;test_soft/parkinson/score;test_soft_depression/num_samples;test_soft_depression/loss;test_soft_depression/macro_precision;test_soft_depression/macro_recall;test_soft_depression/macro_f1;test_soft_parkinson/num_samples;test_soft_parkinson/loss;test_soft_parkinson/macro_precision;test_soft_parkinson/macro_recall;test_soft_parkinson/macro_f1;test_hard/mean_loss;test_hard/mean_macro_precision;test_hard/mean_macro_recall;test_hard/mean_macro_f1;test_hard/mean_score;test_hard/depression/num_samples;test_hard/depression/loss;test_hard/depression/macro_precision;test_hard/depression/macro_recall;test_hard/depression/macro_f1;test_hard/depression/score;test_hard/parkinson/num_samples;test_hard/parkinson/loss;test_hard/parkinson/macro_precision;test_hard/parkinson/macro_recall;test_hard/parkinson/macro_f1;test_hard/parkinson/score;test_hard_depression/num_samples;test_hard_depression/loss;test_hard_depression/macro_precision;test_hard_depression/macro_recall;test_hard_depression/macro_f1;test_hard_parkinson/num_samples;test_hard_parkinson/loss;test_hard_parkinson/macro_precision;test_hard_parkinson/macro_recall;test_hard_parkinson/macro_f1;lr/group
1;6325.000000;6325.000000;0.330432;0.330432;0.696535;0.698694;0.697484;0.791013;0.512231;0.486314;0.471342;0.478828;621.000000;0.778411;0.382463;0.397059;0.376706;0.386882;312.000000;0.803615;0.641999;0.575569;0.565978;0.570774;621.000000;0.778411;0.382463;0.397059;0.376706;312.000000;0.803615;0.641999;0.575569;0.565978;0.531941;0.592417;0.595637;0.593695;0.594666;827.000000;0.510475;0.594669;0.595892;0.595075;0.595484;537.000000;0.553407;0.590165;0.595381;0.592314;0.593847;827.000000;0.510475;0.594669;0.595892;0.595075;537.000000;0.553407;0.590165;0.595381;0.592314;0.530405;0.587709;0.590474;0.588626;0.589550;710.000000;0.513329;0.585985;0.584963;0.585269;0.585116;498.000000;0.547481;0.589434;0.595984;0.591983;0.593984;710.000000;0.513329;0.585985;0.584963;0.585269;498.000000;0.547481;0.589434;0.595984;0.591983;0.621400;0.549602;0.549156;0.548942;0.549049;654.000000;0.502561;0.599097;0.598196;0.598552;0.598374;360.000000;0.740238;0.500107;0.500115;0.499332;0.499723;654.000000;0.502561;0.599097;0.598196;0.598552;360.000000;0.740238;0.500107;0.500115;0.499332;0.000100
2;6325.000000;6325.000000;0.272010;0.272010;0.803263;0.800814;0.801970;0.828274;0.531718;0.518962;0.518555;0.518759;621.000000;0.941716;0.412006;0.415219;0.409214;0.412217;312.000000;0.714832;0.651431;0.622705;0.627895;0.625300;621.000000;0.941716;0.412006;0.415219;0.409214;312.000000;0.714832;0.651431;0.622705;0.627895;0.882462;0.525627;0.525799;0.501621;0.513710;827.000000;0.765163;0.554467;0.555906;0.543270;0.549588;537.000000;0.999761;0.496787;0.495692;0.459971;0.477832;827.000000;0.765163;0.554467;0.555906;0.543270;537.000000;0.999761;0.496787;0.495692;0.459971;0.901078;0.511760;0.509673;0.486429;0.498051;710.000000;0.784809;0.536344;0.536632;0.528056;0.532344;498.000000;1.017347;0.487175;0.482713;0.444802;0.463757;710.000000;0.784809;0.536344;0.536632;0.528056;498.000000;1.017347;0.487175;0.482713;0.444802;0.936095;0.505076;0.501159;0.488293;0.494726;654.000000;0.776555;0.546520;0.547294;0.536306;0.541800;360.000000;1.095635;0.463633;0.455025;0.440280;0.447653;654.000000;0.776555;0.546520;0.547294;0.536306;360.000000;1.095635;0.463633;0.455025;0.440280;0.000100
3;6325.000000;6325.000000;0.233748;0.233748;0.843913;0.844203;0.844057;0.854583;0.526010;0.516828;0.518482;0.517655;621.000000;0.943306;0.425296;0.425444;0.424972;0.425208;312.000000;0.765860;0.626724;0.608213;0.611993;0.610103;621.000000;0.943306;0.425296;0.425444;0.424972;312.000000;0.765860;0.626724;0.608213;0.611993;0.824966;0.558439;0.561441;0.534654;0.548047;827.000000;0.730990;0.593125;0.591345;0.565695;0.578520;537.000000;0.918942;0.523754;0.531536;0.503613;0.517575;827.000000;0.730990;0.593125;0.591345;0.565695;537.000000;0.918942;0.523754;0.531536;0.503613;0.823585;0.555599;0.556531;0.530369;0.543450;710.000000;0.728583;0.592395;0.587796;0.566014;0.576905;498.000000;0.918587;0.518803;0.525266;0.494724;0.509995;710.000000;0.728583;0.592395;0.587796;0.566014;498.000000;0.918587;0.518803;0.525266;0.494724;0.823569;0.559159;0.556771;0.538816;0.547794;654.000000;0.716369;0.613211;0.607484;0.579766;0.593625;360.000000;0.930769;0.505108;0.506059;0.497865;0.501962;654.000000;0.716369;0.613211;0.607484;0.579766;360.000000;0.930769;0.505108;0.506059;0.497865;0.000100
4;6325.000000;6325.000000;0.217421;0.217421;0.869344;0.867363;0.868320;0.997709;0.521810;0.511967;0.511901;0.511934;621.000000;0.961925;0.441395;0.441877;0.440388;0.441132;312.000000;1.033493;0.602224;0.582057;0.583413;0.582735;621.000000;0.961925;0.441395;0.441877;0.440388;312.000000;1.033493;0.602224;0.582057;0.583413;0.739366;0.594609;0.598597;0.582876;0.590737;827.000000;0.775218;0.575890;0.574260;0.548708;0.561484;537.000000;0.703514;0.613329;0.622934;0.617044;0.619989;827.000000;0.775218;0.575890;0.574260;0.548708;537.000000;0.703514;0.613329;0.622934;0.617044;0.748984;0.584091;0.587702;0.573743;0.580722;710.000000;0.809220;0.553675;0.550840;0.529094;0.539967;498.000000;0.688748;0.614507;0.624564;0.618391;0.621477;710.000000;0.809220;0.553675;0.550840;0.529094;498.000000;0.688748;0.614507;0.624564;0.618391;0.831256;0.579587;0.574441;0.563253;0.568847;654.000000;0.810741;0.561926;0.559218;0.534053;0.546635;360.000000;0.851772;0.597247;0.589663;0.592453;0.591058;654.000000;0.810741;0.561926;0.559218;0.534053;360.000000;0.851772;0.597247;0.589663;0.592453;0.000100
5;6325.000000;6325.000000;0.190483;0.190483;0.888664;0.889744;0.889194;1.376476;0.495194;0.496747;0.494898;0.495823;621.000000;1.452021;0.403548;0.405089;0.402288;0.403688;312.000000;1.300932;0.586840;0.588406;0.587509;0.587957;621.000000;1.452021;0.403548;0.405089;0.402288;312.000000;1.300932;0.586840;0.588406;0.587509;0.947774;0.621503;0.636886;0.612630;0.624758;827.000000;0.889146;0.624395;0.625294;0.604558;0.614926;537.000000;1.006403;0.618611;0.648478;0.620701;0.634589;827.000000;0.889146;0.624395;0.625294;0.604558;537.000000;1.006403;0.618611;0.648478;0.620701;0.956904;0.615470;0.629182;0.605899;0.617541;710.000000;0.928035;0.603831;0.600142;0.580785;0.590463;498.000000;0.985772;0.627108;0.658223;0.631014;0.644619;710.000000;0.928035;0.603831;0.600142;0.580785;498.000000;0.985772;0.627108;0.658223;0.631014;1.066569;0.601269;0.606390;0.585031;0.595711;654.000000;0.932041;0.620196;0.615337;0.589350;0.602344;360.000000;1.201098;0.582343;0.597443;0.580713;0.589078;654.000000;0.932041;0.620196;0.615337;0.589350;360.000000;1.201098;0.582343;0.597443;0.580713;0.000100
6;6325.000000;6325.000000;0.174405;0.174405;0.898955;0.899459;0.899205;1.169939;0.565810;0.557917;0.560093;0.559005;621.000000;1.173270;0.490988;0.490990;0.490984;0.490987;312.000000;1.166608;0.640632;0.624845;0.629202;0.627023;621.000000;1.173270;0.490988;0.490990;0.490984;312.000000;1.166608;0.640632;0.624845;0.629202;0.872661;0.610524;0.613113;0.607789;0.610451;827.000000;0.746882;0.614360;0.618469;0.608368;0.613418;537.000000;0.998439;0.606689;0.607757;0.607209;0.607483;827.000000;0.746882;0.614360;0.618469;0.608368;537.000000;0.998439;0.606689;0.607757;0.607209;0.857218;0.623864;0.624507;0.623014;0.623760;710.000000;0.697841;0.649193;0.652135;0.648358;0.650246;498.000000;1.016594;0.598534;0.596878;0.597670;0.597274;710.000000;0.697841;0.649193;0.652135;0.648358;498.000000;1.016594;0.598534;0.596878;0.597670;0.988395;0.596204;0.597610;0.594349;0.595979;654.000000;0.667699;0.664629;0.669416;0.662574;0.665995;360.000000;1.309091;0.527778;0.525804;0.526124;0.525964;654.000000;0.667699;0.664629;0.669416;0.662574;360.000000;1.309091;0.527778;0.525804;0.526124;0.000100
7;6325.000000;6325.000000;0.162059;0.162059;0.910279;0.909754;0.910014;1.419209;0.561487;0.551912;0.551695;0.551803;621.000000;1.422646;0.514923;0.514659;0.511955;0.513307;312.000000;1.415771;0.608051;0.589165;0.591435;0.590300;621.000000;1.422646;0.514923;0.514659;0.511955;312.000000;1.415771;0.608051;0.589165;0.591435;1.175774;0.582555;0.587702;0.578046;0.582874;827.000000;1.046527;0.631505;0.635903;0.623605;0.629754;537.000000;1.305022;0.533604;0.539502;0.532486;0.535994;827.000000;1.046527;0.631505;0.635903;0.623605;537.000000;1.305022;0.533604;0.539502;0.532486;1.085295;0.599594;0.603718;0.598229;0.600974;710.000000;0.875441;0.672468;0.675936;0.671338;0.673637;498.000000;1.295149;0.526720;0.531501;0.525121;0.528311;710.000000;0.875441;0.672468;0.675936;0.671338;498.000000;1.295149;0.526720;0.531501;0.525121;1.112213;0.594267;0.596730;0.592905;0.594817;654.000000;0.847618;0.682979;0.688299;0.681064;0.684681;360.000000;1.376809;0.505556;0.505161;0.504746;0.504953;654.000000;0.847618;0.682979;0.688299;0.681064;360.000000;1.376809;0.505556;0.505161;0.504746;0.000100
8;6325.000000;6325.000000;0.151070;0.151070;0.916694;0.918864;0.917742;1.335037;0.541989;0.542341;0.540440;0.541390;621.000000;1.315195;0.488768;0.489029;0.485456;0.487242;312.000000;1.354880;0.595210;0.595652;0.595424;0.595538;621.000000;1.315195;0.488768;0.489029;0.485456;312.000000;1.354880;0.595210;0.595652;0.595424;0.922159;0.610585;0.628490;0.612377;0.620433;827.000000;0.877056;0.573432;0.576138;0.570714;0.573426;537.000000;0.967263;0.647738;0.680842;0.654041;0.667441;827.000000;0.877056;0.573432;0.576138;0.570714;537.000000;0.967263;0.647738;0.680842;0.654041;0.924671;0.612733;0.629618;0.615725;0.622672;710.000000;0.910686;0.567408;0.568772;0.565363;0.567067;498.000000;0.938657;0.658059;0.690465;0.666088;0.678276;710.000000;0.910686;0.567408;0.568772;0.565363;498.000000;0.938657;0.658059;0.690465;0.666088;1.023812;0.589773;0.600015;0.588741;0.594378;654.000000;0.897415;0.572123;0.574222;0.568927;0.571574;360.000000;1.150209;0.607423;0.625808;0.608556;0.617182;654.000000;0.897415;0.572123;0.574222;0.568927;360.000000;1.150209;0.607423;0.625808;0.608556;0.000100
9;6325.000000;6325.000000;0.143238;0.143238;0.928556;0.928314;0.928435;1.332325;0.553950;0.543876;0.545393;0.544634;621.000000;1.350593;0.481832;0.481886;0.481254;0.481570;312.000000;1.314056;0.626068;0.605866;0.609531;0.607699;621.000000;1.350593;0.481832;0.481886;0.481254;312.000000;1.314056;0.626068;0.605866;0.609531;1.038159;0.610294;0.614260;0.606950;0.610605;827.000000;1.006470;0.595186;0.598207;0.586273;0.592240;537.000000;1.069847;0.625403;0.630313;0.627628;0.628971;827.000000;1.006470;0.595186;0.598207;0.586273;537.000000;1.069847;0.625403;0.630313;0.627628;0.998535;0.624598;0.627182;0.621937;0.624560;710.000000;0.967438;0.612388;0.613843;0.605321;0.609582;498.000000;1.029631;0.636808;0.640521;0.638554;0.639538;710.000000;0.967438;0.612388;0.613843;0.605321;498.000000;1.029631;0.636808;0.640521;0.638554;1.134940;0.591621;0.593120;0.586712;0.589916;654.000000;0.954988;0.621344;0.623604;0.611181;0.617393;360.000000;1.314892;0.561898;0.562636;0.562244;0.562440;654.000000;0.954988;0.621344;0.623604;0.611181;360.000000;1.314892;0.561898;0.562636;0.562244;0.000100
10;6325.000000;6325.000000;0.135991;0.135991;0.939099;0.940975;0.940012;1.443711;0.592896;0.582006;0.584722;0.583364;621.000000;1.653359;0.529547;0.529505;0.529438;0.529472;312.000000;1.234062;0.656245;0.634507;0.640006;0.637256;621.000000;1.653359;0.529547;0.529505;0.529438;312.000000;1.234062;0.656245;0.634507;0.640006;1.286040;0.586489;0.595083;0.580115;0.587599;827.000000;1.379168;0.577174;0.578231;0.560900;0.569565;537.000000;1.192912;0.595803;0.611935;0.599331;0.605633;827.000000;1.379168;0.577174;0.578231;0.560900;537.000000;1.192912;0.595803;0.611935;0.599331;1.232579;0.598289;0.606294;0.595729;0.601011;710.000000;1.238651;0.604247;0.605201;0.595639;0.600420;498.000000;1.226508;0.592330;0.607386;0.595820;0.601603;710.000000;1.238651;0.604247;0.605201;0.595639;498.000000;1.226508;0.592330;0.607386;0.595820;1.387373;0.563373;0.565389;0.556485;0.560937;654.000000;1.226358;0.611528;0.613384;0.600580;0.606982;360.000000;1.548389;0.515217;0.517394;0.512389;0.514892;654.000000;1.226358;0.611528;0.613384;0.600580;360.000000;1.548389;0.515217;0.517394;0.512389;0.000100
11;6325.000000;6325.000000;0.121160;0.121160;0.945375;0.946856;0.946100;1.523869;0.567962;0.565349;0.565381;0.565365;621.000000;1.377029;0.566259;0.565826;0.564720;0.565273;312.000000;1.670709;0.569664;0.564872;0.566043;0.565458;621.000000;1.377029;0.566259;0.565826;0.564720;312.000000;1.670709;0.569664;0.564872;0.566043;1.292201;0.584539;0.587084;0.578222;0.582653;827.000000;1.227960;0.577337;0.578834;0.563115;0.570975;537.000000;1.356442;0.591742;0.595334;0.593330;0.594332;827.000000;1.227960;0.577337;0.578834;0.563115;537.000000;1.356442;0.591742;0.595334;0.593330;1.237583;0.599695;0.602086;0.596829;0.599457;710.000000;1.101585;0.608385;0.609735;0.601123;0.605429;498.000000;1.373580;0.591006;0.594437;0.592535;0.593486;710.000000;1.101585;0.608385;0.609735;0.601123;498.000000;1.373580;0.591006;0.594437;0.592535;1.408253;0.566006;0.566840;0.560295;0.563567;654.000000;1.093133;0.616512;0.618369;0.605206;0.611787;360.000000;1.723373;0.515500;0.515310;0.515385;0.515347;654.000000;1.093133;0.616512;0.618369;0.605206;360.000000;1.723373;0.515500;0.515310;0.515385;0.000100
12;6325.000000;6325.000000;0.135450;0.135450;0.942092;0.941210;0.941646;1.382323;0.591098;0.583956;0.585554;0.584755;621.000000;1.537835;0.562208;0.562185;0.561987;0.562086;312.000000;1.226811;0.619987;0.605728;0.609122;0.607425;621.000000;1.537835;0.562208;0.562185;0.561987;312.000000;1.226811;0.619987;0.605728;0.609122;1.034224;0.626880;0.628887;0.620622;0.624754;827.000000;1.206351;0.612438;0.615038;0.599231;0.607134;537.000000;0.862097;0.641321;0.642736;0.642013;0.642375;827.000000;1.206351;0.612438;0.615038;0.599231;537.000000;0.862097;0.641321;0.642736;0.642013;0.974920;0.645358;0.645956;0.641869;0.643913;710.000000;1.113170;0.641385;0.643412;0.634828;0.639120;498.000000;0.836670;0.649330;0.648500;0.648911;0.648705;710.000000;1.113170;0.641385;0.643412;0.634828;498.000000;0.836670;0.649330;0.648500;0.648911;1.084967;0.612572;0.612637;0.607396;0.610016;654.000000;1.098343;0.644011;0.647194;0.635417;0.641305;360.000000;1.071592;0.581132;0.578080;0.579374;0.578727;654.000000;1.098343;0.644011;0.647194;0.635417;360.000000;1.071592;0.581132;0.578080;0.579374;0.000100
13;6325.000000;6325.000000;0.109469;0.109469;0.954569;0.953596;0.954076;1.658079;0.567399;0.565494;0.565343;0.565419;621.000000;1.912418;0.511381;0.511251;0.509397;0.510324;312.000000;1.403741;0.623417;0.619738;0.621289;0.620513;621.000000;1.912418;0.511381;0.511251;0.509397;312.000000;1.403741;0.623417;0.619738;0.621289;1.543736;0.569475;0.580482;0.561749;0.571116;827.000000;1.833745;0.533834;0.533898;0.515112;0.524505;537.000000;1.253727;0.605116;0.627066;0.608387;0.617726;827.000000;1.833745;0.533834;0.533898;0.515112;537.000000;1.253727;0.605116;0.627066;0.608387;1.554880;0.571512;0.582371;0.565821;0.574096;710.000000;1.835444;0.535935;0.535317;0.520819;0.528068;498.000000;1.274316;0.607089;0.629425;0.610823;0.620124;710.000000;1.835444;0.535935;0.535317;0.520819;498.000000;1.274316;0.607089;0.629425;0.610823;1.733205;0.542200;0.545631;0.532590;0.539111;654.000000;1.853572;0.534916;0.534513;0.516707;0.525610;360.000000;1.612837;0.549485;0.556749;0.548474;0.552611;654.000000;1.853572;0.534916;0.534513;0.516707;360.000000;1.612837;0.549485;0.556749;0.548474;0.000100
14;6325.000000;6325.000000;0.096218;0.096218;0.956546;0.958189;0.957349;2.003278;0.558340;0.554967;0.555778;0.555372;621.000000;2.164133;0.533047;0.533053;0.533000;0.533027;312.000000;1.842423;0.583634;0.576881;0.578555;0.577718;621.000000;2.164133;0.533047;0.533053;0.533000;312.000000;1.842423;0.583634;0.576881;0.578555;1.763366;0.582534;0.585256;0.571401;0.578328;827.000000;1.950586;0.574851;0.573847;0.550070;0.561959;537.000000;1.576146;0.590217;0.596665;0.592731;0.594698;827.000000;1.950586;0.574851;0.573847;0.550070;537.000000;1.576146;0.590217;0.596665;0.592731;1.731258;0.594943;0.596487;0.586264;0.591375;710.000000;1.861540;0.602220;0.599757;0.582622;0.591189;498.000000;1.600976;0.587666;0.593216;0.589907;0.591561;710.000000;1.861540;0.602220;0.599757;0.582622;498.000000;1.600976;0.587666;0.593216;0.589907;1.944766;0.557073;0.555514;0.543621;0.549568;654.000000;1.859270;0.613238;0.610073;0.586688;0.598381;360.000000;2.030261;0.500909;0.500956;0.500554;0.500755;654.000000;1.859270;0.613238;0.610073;0.586688;360.000000;2.030261;0.500909;0.500956;0.500554;0.000100
15;6325.000000;6325.000000;0.092868;0.092868;0.962978;0.963174;0.963076;2.033260;0.534930;0.533265;0.533493;0.533379;621.000000;2.015336;0.496944;0.496965;0.496329;0.496647;312.000000;2.051185;0.572917;0.569565;0.570657;0.570111;621.000000;2.015336;0.496944;0.496965;0.496329;312.000000;2.051185;0.572917;0.569565;0.570657;1.651034;0.585763;0.592876;0.579246;0.586061;827.000000;1.740883;0.571857;0.572673;0.554908;0.563791;537.000000;1.561184;0.599669;0.613080;0.603583;0.608332;827.000000;1.740883;0.571857;0.572673;0.554908;537.000000;1.561184;0.599669;0.613080;0.603583;1.634743;0.600198;0.606834;0.596897;0.601866;710.000000;1.677450;0.600685;0.601073;0.590121;0.595597;498.000000;1.592037;0.599710;0.612596;0.603673;0.608135;710.000000;1.677450;0.600685;0.601073;0.590121;498.000000;1.592037;0.599710;0.612596;0.603673;1.846491;0.571384;0.573373;0.564821;0.569097;654.000000;1.659715;0.608074;0.609207;0.594687;0.601947;360.000000;2.033268;0.534695;0.537540;0.534956;0.536248;654.000000;1.659715;0.608074;0.609207;0.594687;360.000000;2.033268;0.534695;0.537540;0.534956;0.000100
16;6325.000000;6325.000000;0.088585;0.088585;0.967569;0.968224;0.967893;2.143683;0.544698;0.539490;0.538537;0.539014;621.000000;2.268681;0.516524;0.516246;0.513664;0.514955;312.000000;2.018686;0.572872;0.562733;0.563411;0.563072;621.000000;2.268681;0.516524;0.516246;0.513664;312.000000;2.018686;0.572872;0.562733;0.563411;1.584528;0.612381;0.610854;0.609222;0.610038;827.000000;1.652586;0.628235;0.632887;0.626576;0.629732;537.000000;1.516470;0.596527;0.588820;0.591868;0.590344;827.000000;1.652586;0.628235;0.632887;0.626576;537.000000;1.516470;0.596527;0.588820;0.591868;1.483441;0.636453;0.633720;0.634451;0.634086;710.000000;1.467605;0.671329;0.673548;0.671891;0.672719;498.000000;1.499278;0.601578;0.593892;0.597012;0.595452;710.000000;1.467605;0.671329;0.673548;0.671891;498.000000;1.499278;0.601578;0.593892;0.597012;1.660847;0.597825;0.599253;0.597149;0.598201;654.000000;1.409028;0.681349;0.685623;0.681903;0.683763;360.000000;1.912667;0.514301;0.512883;0.512396;0.512639;654.000000;1.409028;0.681349;0.685623;0.681903;360.000000;1.912667;0.514301;0.512883;0.512396;0.000100
17;6325.000000;6325.000000;0.087319;0.087319;0.964559;0.964559;0.964559;2.060901;0.569525;0.563310;0.563980;0.563645;621.000000;2.293346;0.530757;0.530486;0.529027;0.529756;312.000000;1.828456;0.608292;0.596135;0.598933;0.597534;621.000000;2.293346;0.530757;0.530486;0.529027;312.000000;1.828456;0.608292;0.596135;0.598933;1.810791;0.589643;0.590316;0.584272;0.587294;827.000000;2.100556;0.549066;0.550413;0.538324;0.544368;537.000000;1.521026;0.630220;0.630220;0.630220;0.630220;827.000000;2.100556;0.549066;0.550413;0.538324;537.000000;1.521026;0.630220;0.630220;0.630220;1.824862;0.593514;0.592694;0.589099;0.590896;710.000000;2.119171;0.555369;0.555940;0.547685;0.551813;498.000000;1.530553;0.631660;0.629447;0.630513;0.629980;710.000000;2.119171;0.555369;0.555940;0.547685;498.000000;1.530553;0.631660;0.629447;0.630513;2.049542;0.553544;0.552991;0.547665;0.550328;654.000000;2.114183;0.554557;0.555426;0.543997;0.549712;360.000000;1.984900;0.552532;0.550556;0.551332;0.550944;654.000000;2.114183;0.554557;0.555426;0.543997;360.000000;1.984900;0.552532;0.550556;0.551332;0.000100
18;6325.000000;6325.000000;0.091497;0.091497;0.964574;0.964901;0.964737;2.348072;0.505426;0.501979;0.502438;0.502208;621.000000;2.372002;0.441350;0.441363;0.441218;0.441291;312.000000;2.324141;0.569502;0.562595;0.563657;0.563126;621.000000;2.372002;0.441350;0.441363;0.441218;312.000000;2.324141;0.569502;0.562595;0.563657;1.668989;0.606332;0.607603;0.597449;0.602526;827.000000;1.779896;0.592945;0.593696;0.574315;0.584005;537.000000;1.558083;0.619719;0.621510;0.620582;0.621046;827.000000;1.779896;0.592945;0.593696;0.574315;537.000000;1.558083;0.619719;0.621510;0.620582;1.624458;0.620131;0.620377;0.613020;0.616698;710.000000;1.703334;0.613429;0.612528;0.598527;0.605527;498.000000;1.545582;0.626833;0.628226;0.627512;0.627869;710.000000;1.703334;0.613429;0.612528;0.598527;498.000000;1.545582;0.626833;0.628226;0.627512;1.823988;0.590250;0.589149;0.579817;0.584483;654.000000;1.691093;0.625562;0.624721;0.605471;0.615096;360.000000;1.956882;0.554937;0.553576;0.554162;0.553869;654.000000;1.691093;0.625562;0.624721;0.605471;360.000000;1.956882;0.554937;0.553576;0.554162;0.000100

